personId,playerName,games_played,avg_minutes,avg_fga,avg_fgm,fg_pct,ts_pct,net_rating,pie,usg_pct,pct_ast,pct_reb,impact_score,predicted_pie,playerName_key,playerName_shooting,team,pos,games,minutes,fg_pct_total,avg_shot_distance,freq_rim,freq_short_paint,freq_mid,freq_long_mid,freq_3p,fg_rim,fg_short_paint,fg_mid,fg_long_mid,fg_3p,defensive_profile,most_taken_shot,best_made_shot,scorer_profile,profile_description,defensive_description,rk,playerName_pbp,age_pbp,team_pbp,pos_pbp,games_pbp,games_started_pbp,minutes_pbp,pg_pct,sg_pct,sf_pct,pf_pct,c_pct,on_court_per_100,on_off_per_100,bad_pass_turnovers,lost_ball_turnovers,Fouls Committed_Shoot,Fouls Committed_Off.,Fouls Drawn_Shoot,Fouls Drawn_Off.,points_generated_by_assists,and_ones,shots_blocked_against,awards,scoring_value,offensive_creation,lineup_defensive_impact,spacing_value,playmaking_value,rebounding_value,rim_size_value,offense_scaled,defense_scaled,spacing_scaled,playmaking_scaled,rebounding_scaled,lineup_score,lineup_role,games_played_current,avg_minutes_current,avg_pts,avg_reb,avg_ast,avg_stl,avg_blk,avg_tov,avg_plus_minus,total_fgm_current,total_fga_current,total_3pm_current,total_3pa_current,total_ftm_current,total_fta_current,fg_pct_current,three_pct_current,ft_pct_current,net_rating_current,pie_current,ts_pct_current,usg_pct_current,pct_ast_current,pct_reb_current,pct_stl_current,pct_blk_current,team_current,headshot_url
2544,LeBron James,169,34.2814201183432,17.100591715976332,8.91715976331361,0.5200355029585798,0.6052033716126174,1.6633136094674554,0.3678106508875739,0.6679771166988195,0.2353942665447111,0.2041133195120325,11.789730028708863,0.3652906241910859,lebron james,LeBron James,LAL,SF,60.0,1989.0,0.515,11.9,0.292,0.235,0.123,0.086,0.264,0.784,0.5,0.425,0.38,0.317,Rim Protector,at the rim,at the rim,On-Ball Creator,"LeBron James profiles as an on-ball creator. They combine scoring volume with creation stats, meaning they likely generate offense for themselves and others. Defensively, they profile as a Rim Protector.",Protects the basket with shot blocking and interior presence. This player is most valuable defensively near the rim.,81.0,LeBron James,41.0,LAL,SF,60.0,60.0,1989.0,0.0,22.0,59.0,19.0,0.0,3.1,2.3,104.0,53.0,28.0,18.0,151.0,3.0,1008.0,35.0,45.0,AS,17.83431952662722,1025.8343195266273,0.4062339958536097,0.264,1008.0,0.2041133195120325,0.0,0.611783755882494,0.613212152206826,0.2755741127348643,0.6090634441087613,0.1808570760407279,0.5183447093298827,Wing,60.0,32.94383333333334,20.933333333333334,6.066666666666666,7.2,1.2,0.5833333333333334,2.9833333333333334,1.9833333333333334,473.0,919.0,77.0,243.0,233.0,316.0,0.514689880304679,0.3168724279835391,0.7373417721518988,-2.0303030303030303,0.14693939393939395,0.5844848484848485,0.27145454545454545,0.3705454545454545,0.19918181818181818,0.2076060606060606,0.14812121212121213,LAL,https://cdn.nba.com/headshots/nba/latest/1040x760/2544.png
101108,Chris Paul,125,25.35488,6.912,2.976,0.423304,0.5585982536891637,-3.704,0.1812,0.3454393610073542,0.2559244609229014,0.1355646651482051,6.1262734830822,0.1422537544093564,chris paul,,,,,,,,,,,,,,,,,,Disruptive Defender,Not enough shooting data,Not enough shooting data,Balanced Player,"Chris Paul profiles as a balanced player. Their most common shot comes Not enough shooting data, and they make shots most consistently Not enough shooting data. On defense, they profile as a Disruptive Defender.","Creates defensive pressure with steals, blocks, and activity. This player can force mistakes and break up possessions.",,,,,,,,,,,,,,,,,,,,,,0.0,,,,5.952,5.952,0.0406693995444615,0.0,0.0,0.1355646651482051,0.0,0.0030101414016042,0.5460456217531884,0.0,0.0,0.1029360432202621,0.148009066320965,Wing,21.0,14.057500000000001,2.238095238095238,1.3333333333333333,2.5238095238095237,0.5238095238095238,0.0,0.7619047619047619,-4.0,18.0,56.0,10.0,30.0,1.0,2.0,0.32142857142857145,0.3333333333333333,0.5,-20.175,0.0743125,0.39675,0.135,0.499375,0.15475,0.2181875,0.0,LAC,https://cdn.nba.com/headshots/nba/latest/1040x760/101108.png
200768,Kyle Lowry,81,20.03074074074074,4.049382716049383,1.4814814814814814,0.3008518518518518,0.4328063180170243,-10.119753086419752,0.0995061728395061,0.2836055217480906,0.1420332787034347,0.0978782363903967,3.876741108658365,0.0806716939663392,kyle lowry,,,,,,,,,,,,,,,,,,Disruptive Defender,Not enough shooting data,Not enough shooting data,Balanced Player,"Kyle Lowry profiles as a balanced player. Their most common shot comes Not enough shooting data, and they make shots most consistently Not enough shooting data. On defense, they profile as a Disruptive Defender.","Creates defensive pressure with steals, blocks, and activity. This player can force mistakes and break up possessions.",,,,,,,,,,,,,,,,,,,,,,0.0,,,,2.962962962962963,2.962962962962963,0.029363470917119,0.0,0.0,0.0978782363903967,0.0,0.0012259680258966,0.5439683418220299,0.0,0.0,0.0600969024759772,0.1424921629134638,Wing,82.0,8.287857142857144,0.2073170731707317,0.10975609756097561,0.13414634146341464,0.024390243902439025,0.024390243902439025,0.04878048780487805,-0.47560975609756095,4.0,25.0,4.0,25.0,5.0,6.0,0.16,0.16,0.8333333333333334,-14.433333333333332,-0.08683333333333333,0.3333333333333333,0.16133333333333333,0.24916666666666668,0.06133333333333333,0.16666666666666666,0.0,PHI,https://cdn.nba.com/headshots/nba/latest/1040x760/200768.png
201142,Kevin Durant,187,36.38636363636363,18.09625668449198,9.45989304812834,0.5292459893048128,0.641500247513951,3.42620320855615,0.3535294117647058,0.6496838449216247,0.1243334771599846,0.1651026860817686,11.83777217570061,0.3900011890391526,kevin durant,Kevin Durant,HOU,SF,78.0,2840.0,0.52,16.4,0.065,0.145,0.307,0.156,0.327,0.82,0.61,0.533,0.512,0.413,Disruptive Defender,three-point range,short paint / floater range,Mid-Range Shot Creator,"Kevin Durant profiles as a mid-range shot creator. They regularly look for shots from three-point range, while making shots most consistently short paint / floater range. On the defensive side, they profile as a Disruptive Defender.","Creates defensive pressure with steals, blocks, and activity. This player can force mistakes and break up possessions.",2.0,Kevin Durant,37.0,HOU,SF,78.0,78.0,2840.0,0.0,32.0,61.0,8.0,0.0,5.1,-0.3,136.0,81.0,80.0,21.0,162.0,2.0,847.0,38.0,41.0,"CPOY-9,AS,NBA2",18.919786096256683,865.9197860962566,0.0045308058245306,0.327,847.0,0.1651026860817686,0.0,0.5163298523678052,0.5394057447515636,0.3413361169102297,0.5117824773413897,0.136512677509824,0.4574133101566688,Wing,78.0,36.21923076923077,25.974358974358974,5.461538461538462,4.769230769230769,0.7948717948717948,0.9102564102564102,3.1538461538461537,4.358974358974359,716.0,1376.0,186.0,450.0,408.0,467.0,0.5203488372093024,0.41333333333333333,0.8736616702355461,6.180851063829787,0.15048936170212765,0.6330425531914894,0.26372340425531915,0.2354255319148936,0.14508510638297872,0.11327659574468085,0.20572340425531915,HOU,https://cdn.nba.com/headshots/nba/latest/1040x760/201142.png
201143,Al Horford,143,25.2372027972028,7.293706293706293,3.2867132867132867,0.447993006993007,0.5850734635857987,7.371328671328672,0.176993006993007,0.3383094031942641,0.091730017751158,0.2276490234896938,6.237083952390679,0.1563893300055689,al horford,Al Horford,GSW,C,45.0,969.0,0.426,18.3,0.099,0.222,0.034,0.012,0.633,0.688,0.458,0.545,0.75,0.361,Rim Protector,three-point range,at the rim,Perimeter Shooter,"Al Horford is a perimeter shooter. Their shot profile is built around three-point range, with their best efficiency coming at the rim. Defensively, they profile as a Rim Protector.",Protects the basket with shot blocking and interior presence. This player is most valuable defensively near the rim.,287.0,Al Horford,39.0,GSW,C,45.0,13.0,969.0,0.0,0.0,0.0,6.0,94.0,-1.7,-1.6,22.0,8.0,33.0,10.0,12.0,0.0,290.0,3.0,7.0,,6.573426573426573,296.57342657342656,-0.1717052929530918,0.633,290.0,0.2276490234896938,94.0,0.1764837401819175,0.5070252368602385,0.6607515657620042,0.175226586102719,0.2076107210118226,0.3347462708635814,Big,49.0,20.89391304347826,7.591836734693878,4.469387755102041,2.36734693877551,0.6122448979591837,1.0408163265306123,0.8571428571428571,-0.1836734693877551,138.0,324.0,74.0,205.0,22.0,26.0,0.42592592592592593,0.36097560975609755,0.8461538461538461,-0.4741935483870971,0.108,0.5563225806451613,0.16125806451612903,0.18474193548387097,0.3199354838709677,0.1503225806451613,0.40161290322580645,GSW,https://cdn.nba.com/headshots/nba/latest/1040x760/201143.png
201144,Mike Conley,170,23.40529411764706,6.270588235294118,2.541176470588235,0.3812941176470589,0.5556890917111766,2.76,0.1474117647058823,0.3279426316918303,0.1830280539427072,0.1027575171499143,5.423540773811308,0.1255448309131732,mike conley,Mike Conley,MIN,PG,54.0,991.0,0.335,21.1,0.056,0.107,0.037,0.028,0.772,0.5,0.261,0.375,0.167,0.337,Disruptive Defender,three-point range,three-point range,Balanced Player,"Mike Conley profiles as a balanced player. Their most common shot comes three-point range, and they make shots most consistently three-point range. On defense, they profile as a Disruptive Defender.","Creates defensive pressure with steals, blocks, and activity. This player can force mistakes and break up possessions.",280.0,Mike Conley,38.0,MIN,PG,54.0,15.0,991.0,100.0,0.0,0.0,0.0,0.0,1.2,-3.1,24.0,4.0,51.0,3.0,13.0,15.0,377.0,0.0,3.0,,5.08235294117647,382.08235294117645,-0.4341727448550256,0.772,377.0,0.1027575171499143,0.0,0.2275245094732575,0.4588011246807552,0.8058455114822547,0.2277945619335347,0.0656433074306932,0.3559306986182528,Guard,70.0,18.14814814814815,3.5,1.3285714285714285,2.242857142857143,0.5,0.2,0.4857142857142857,0.21428571428571427,72.0,215.0,56.0,166.0,45.0,50.0,0.33488372093023255,0.3373493975903614,0.9,-2.8818181818181823,0.050772727272727275,0.52425,0.11270454545454545,0.28854545454545455,0.11329545454545455,0.14156818181818182,0.086,MIN,https://cdn.nba.com/headshots/nba/latest/1040x760/201144.png
201145,Jeff Green,111,12.48972972972973,3.981981981981982,1.720720720720721,0.4138378378378378,0.5463103906988989,-11.517117117117118,0.0754954954954955,0.41272547645615,0.0553938662978118,0.1431595474182188,4.199066809693681,0.0860898351047983,jeff green,,,,,,,,,,,,,,,,,,Disruptive Defender,Not enough shooting data,Not enough shooting data,Balanced Player,"Jeff Green profiles as a balanced player. Their most common shot comes Not enough shooting data, and they make shots most consistently Not enough shooting data. On defense, they profile as a Disruptive Defender.","Creates defensive pressure with steals, blocks, and activity. This player can force mistakes and break up possessions.",,,,,,,,,,,,,,,,,,,,,,0.0,,,,3.441441441441442,3.441441441441442,0.0429478642254656,0.0,0.0,0.1431595474182188,0.0,0.0015115745779642,0.5464642524655969,0.0,0.0,0.1115693428250695,0.1483776272300918,Wing,82.0,5.616333333333333,0.8170731707317073,0.3048780487804878,0.0975609756097561,0.024390243902439025,0.024390243902439025,0.04878048780487805,-0.3170731707317073,25.0,68.0,12.0,44.0,5.0,5.0,0.36764705882352944,0.2727272727272727,1.0,-26.227777777777778,0.085,0.6083888888888889,0.1927222222222222,0.04961111111111111,0.1905,0.013888888888888888,0.018500000000000003,HOU,https://cdn.nba.com/headshots/nba/latest/1040x760/201145.png
201152,Thaddeus Young,27,14.666666666666666,3.6296296296296298,2.185185185185185,0.519,0.5106509241610451,-11.95185185185185,0.1055555555555555,0.3380001249911305,0.122286877063321,0.2411393936488584,4.556101170613544,0.108683028902613,thaddeus young,,,,,,,,,,,,,,,,,,Rim Protector,Not enough shooting data,Not enough shooting data,Balanced Player,"Thaddeus Young profiles as a balanced player. Their most common shot comes Not enough shooting data, and they make shots most consistently Not enough shooting data. On defense, they profile as a Rim Protector.",Protects the basket with shot blocking and interior presence. This player is most valuable defensively near the rim.,,,,,,,,,,,,,,,,,,,,,,0.0,,,,4.37037037037037,4.37037037037037,0.0723418180946575,0.0,0.0,0.2411393936488584,0.0,0.0020660575911832,0.5518649119321889,0.0,0.0,0.2229455745649391,0.1610872084760144,Wing,,,,,,,,,,,,,,,,,,,,,,,,,,,,https://cdn.nba.com/headshots/nba/latest/1040x760/201152.png
201566,Russell Westbrook,176,26.607784090909092,11.517045454545457,5.045454545454546,0.4381079545454545,0.5196928048024245,-5.091477272727273,0.2289204545454545,0.5985230566585843,0.2187533655565286,0.1763247906735761,7.955840436815351,0.2086123997806044,russell westbrook,Russell Westbrook,SAC,SF,64.0,1853.0,0.427,15.6,0.136,0.244,0.099,0.069,0.452,0.693,0.488,0.41,0.293,0.338,Disruptive Defender,three-point range,at the rim,On-Ball Creator,"Russell Westbrook profiles as an on-ball creator. They combine scoring volume with creation stats, meaning they likely generate offense for themselves and others. Defensively, they profile as a Disruptive Defender.","Creates defensive pressure with steals, blocks, and activity. This player can force mistakes and break up possessions.",104.0,Russell Westbrook,37.0,SAC,SF,64.0,58.0,1853.0,8.0,48.0,38.0,7.0,0.0,-11.9,-3.3,146.0,47.0,55.0,4.0,88.0,2.0,951.0,13.0,42.0,,10.090909090909092,961.0909090909092,-0.4421025627979271,0.452,951.0,0.1763247906735761,0.0,0.5731380423230457,0.4573441500072469,0.4718162839248435,0.5746223564954682,0.1492691347784347,0.4867528461471468,Guard,64.0,28.74921875,15.171875,5.4375,6.65625,1.296875,0.1875,3.265625,-7.125,358.0,839.0,128.0,379.0,127.0,183.0,0.4266984505363528,0.33773087071240104,0.6939890710382514,-13.898,0.10054,0.52586,0.25007999999999997,0.4119,0.22272000000000003,0.24714,0.055,SAC,https://cdn.nba.com/headshots/nba/latest/1040x760/201566.png
201567,Kevin Love,90,14.439444444444444,5.555555555555555,2.2777777777777777,0.3680333333333333,0.5028823448731176,-7.285555555555555,0.1357777777777777,0.479425455894883,0.1005597725620969,0.3482252948666522,5.301386835298008,0.1028327918420652,kevin love,Kevin Love,UTA,PF,37.0,613.0,0.397,19.5,0.151,0.085,0.035,0.015,0.714,0.367,0.529,0.571,0.667,0.373,Rim Protector,three-point range,short paint / floater range,Elite 3PT Threat,Kevin Love profiles as an elite 3PT threat. They consistently take shots from three-point range and are most efficient short paint / floater range. Their defensive profile is Rim Protector.,Protects the basket with shot blocking and interior presence. This player is most valuable defensively near the rim.,361.0,Kevin Love,37.0,UTA,PF,37.0,5.0,613.0,0.0,0.0,10.0,64.0,26.0,-6.9,1.4,18.0,7.0,36.0,2.0,16.0,4.0,153.0,5.0,1.0,,4.555555555555555,157.55555555555554,0.3144675884599957,0.714,153.0,0.3482252948666522,26.0,0.0935031744865849,0.596351572000061,0.7453027139874739,0.0924471299093655,0.3446728951205424,0.3419965723957611,Wing,70.0,16.37,3.5428571428571427,3.0714285714285716,0.9571428571428572,0.2,0.12857142857142856,0.42857142857142855,-1.1428571428571428,79.0,199.0,53.0,142.0,37.0,44.0,0.3969849246231156,0.3732394366197183,0.8409090909090909,-15.07037037037037,0.08588888888888889,0.494962962962963,0.16085185185185186,0.1737037037037037,0.37966666666666665,0.1401111111111111,0.18207407407407408,UTA,https://cdn.nba.com/headshots/nba/latest/1040x760/201567.png
201568,Danilo Gallinari,23,10.130434782608695,2.5652173913043477,1.1304347826086956,0.4003478260869565,0.5652316738203403,-6.956521739130435,0.067391304347826,0.380135964086765,0.10267582658887,0.141557327112247,3.8624886887649854,0.0648332237629599,danilo gallinari,,,,,,,,,,,,,,,,,,Disruptive Defender,Not enough shooting data,Not enough shooting data,Balanced Player,"Danilo Gallinari profiles as a balanced player. Their most common shot comes Not enough shooting data, and they make shots most consistently Not enough shooting data. On defense, they profile as a Disruptive Defender.","Creates defensive pressure with steals, blocks, and activity. This player can force mistakes and break up possessions.",,,,,,,,,,,,,,,,,,,,,,0.0,,,,2.260869565217391,2.260869565217391,0.0424671981336741,0.0,0.0,0.141557327112247,0.0,0.000806884444129,0.5463759379132078,0.0,0.0,0.1097480574591364,0.1478915440018672,Wing,,,,,,,,,,,,,,,,,,,,,,,,,,,,https://cdn.nba.com/headshots/nba/latest/1040x760/201568.png
201569,Eric Gordon,85,21.31,6.317647058823529,2.7058823529411766,0.3878823529411764,0.5245035612339985,-3.0694117647058827,0.1116470588235294,0.3532039486060451,0.0726898169475046,0.0642095960385228,4.901683286796439,0.1294535376990785,eric gordon,,,,,,,,,,,,,,,,,,Disruptive Defender,Not enough shooting data,Not enough shooting data,Balanced Player,"Eric Gordon profiles as a balanced player. Their most common shot comes Not enough shooting data, and they make shots most consistently Not enough shooting data. On defense, they profile as a Disruptive Defender.","Creates defensive pressure with steals, blocks, and activity. This player can force mistakes and break up possessions.",,,,,,,,,,,,,,,,,,,,,,0.0,,,,5.411764705882353,5.411764705882353,0.0192628788115568,0.0,0.0,0.0642095960385228,0.0,0.0026876718515655,0.5421125228119081,0.0,0.0,0.0218248859903667,0.1387856880426399,Wing,50.0,12.041666666666666,0.66,0.04,0.06,0.08,0.02,0.06,-0.62,12.0,21.0,8.0,14.0,1.0,2.0,0.5714285714285714,0.5714285714285714,0.5,-14.133333333333333,0.04850000000000001,0.5501666666666667,0.12516666666666668,0.11366666666666665,0.020833333333333332,0.19433333333333333,0.03333333333333333,PHI,https://cdn.nba.com/headshots/nba/latest/1040x760/201569.png
201572,Brook Lopez,201,27.4318407960199,8.676616915422885,4.154228855721393,0.4587462686567164,0.5779358900241512,0.7825870646766171,0.1846268656716418,0.3784622224455453,0.056593880670006,0.1609401097259035,6.714115199540659,0.1889020494427014,brook lopez,Brook Lopez,LAC,C,75.0,1635.0,0.428,18.3,0.127,0.177,0.094,0.017,0.585,0.667,0.51,0.431,0.111,0.36,Disruptive Defender,three-point range,at the rim,Perimeter Shooter,"Brook Lopez is a perimeter shooter. Their shot profile is built around three-point range, with their best efficiency coming at the rim. Defensively, they profile as a Disruptive Defender.","Creates defensive pressure with steals, blocks, and activity. This player can force mistakes and break up possessions.",141.0,Brook Lopez,37.0,LAC,C,75.0,40.0,1635.0,0.0,0.0,0.0,0.0,100.0,1.8,0.9,18.0,16.0,84.0,17.0,39.0,3.0,243.0,14.0,19.0,,8.308457711442786,251.3084577114428,0.183282032917771,0.585,243.0,0.1609401097259035,100.0,0.1494648202772516,0.5722483664370345,0.6106471816283925,0.1468277945619335,0.131780969034242,0.3223059733240357,Big,82.0,21.610266666666668,7.7317073170731705,3.3292682926829267,1.1829268292682926,0.5487804878048781,1.0609756097560976,0.7439024390243902,0.5121951219512195,232.0,542.0,114.0,317.0,56.0,74.0,0.4280442804428044,0.35962145110410093,0.7567567567567568,-5.015909090909091,0.05345454545454545,0.45575000000000004,0.18286363636363634,0.098,0.17506818181818182,0.115,0.4670681818181819,LAC,https://cdn.nba.com/headshots/nba/latest/1040x760/201572.png
201587,Nicolas Batum,190,19.11078947368421,3.4263157894736844,1.431578947368421,0.3626789473684211,0.5358532427897029,-0.2752631578947368,0.0903684210526315,0.2097756726645193,0.0593359115832078,0.1552138823253806,3.883690021066569,0.0873074945454559,nicolas batum,Nicolas Batum,LAC,PF,74.0,1295.0,0.403,24.2,0.008,0.004,0.008,0.021,0.958,0.5,0.0,0.5,0.4,0.404,Disruptive Defender,three-point range,three-point range,Elite 3PT Threat,Nicolas Batum profiles as an elite 3PT threat. They consistently take shots from three-point range and are most efficient three-point range. Their defensive profile is Disruptive Defender.,"Creates defensive pressure with steals, blocks, and activity. This player can force mistakes and break up possessions.",217.0,Nicolas Batum,37.0,LAC,PF,74.0,6.0,1295.0,0.0,0.0,24.0,72.0,4.0,-0.6,-2.7,25.0,4.0,44.0,4.0,2.0,0.0,154.0,0.0,1.0,,2.863157894736842,156.86315789473684,-0.3584358353023858,0.958,154.0,0.1552138823253806,4.0,0.0930898783458788,0.4727165461775071,1.0,0.0930513595166163,0.1252718178721289,0.3272474056216028,Wing,78.0,17.286081081081083,3.7564102564102564,2.358974358974359,0.8205128205128205,0.6025641025641025,0.2948717948717949,0.47435897435897434,-0.1794871794871795,96.0,238.0,92.0,228.0,9.0,11.0,0.40336134453781514,0.40350877192982454,0.8181818181818182,-3.748,0.050460000000000005,0.5729,0.09376,0.08946,0.15828,0.22544,0.13132,LAC,https://cdn.nba.com/headshots/nba/latest/1040x760/201587.png
201599,DeAndre Jordan,90,11.94988888888889,2.433333333333333,1.5777777777777775,0.5844,0.6020560492933337,-11.94,0.0957777777777778,0.312387427062222,0.0699665916504719,0.4069681911025122,4.419831890893334,0.0889355897387222,deandre jordan,,,,,,,,,,,,,,,,,,Rim Protector,Not enough shooting data,Not enough shooting data,Efficient Role Finisher,"DeAndre Jordan profiles as a balanced player. Their most common shot comes Not enough shooting data, and they make shots most consistently Not enough shooting data. On defense, they profile as a Rim Protector.",Protects the basket with shot blocking and interior presence. This player is most valuable defensively near the rim.,,,,,,,,,,,,,,,,,,,,,,0.0,,,,3.155555555555555,3.155555555555555,0.1220904573307536,0.0,0.0,0.4069681911025122,0.0,0.00134092765062,0.5610054127520564,0.0,0.0,0.4114474684224375,0.1819324710905059,Wing,81.0,16.37333333333333,0.654320987654321,0.9382716049382716,0.13580246913580246,0.04938271604938271,0.12345679012345678,0.1111111111111111,-0.012345679012345678,21.0,32.0,0.0,0.0,11.0,17.0,0.65625,,0.6470588235294118,-59.15,0.225,0.8585,0.11800000000000001,0.0,0.48650000000000004,0.0,0.0,NOP,https://cdn.nba.com/headshots/nba/latest/1040x760/201599.png
201935,James Harden,194,34.66530927835051,15.118556701030927,6.319587628865979,0.4189020618556701,0.5948362308123857,4.286082474226804,0.3338144329896907,0.6256822814681486,0.246342688683384,0.1514586715391402,10.254945420321906,0.2616200772148637,james harden,James Harden,2TM,PG,70.0,2438.0,0.434,16.8,0.139,0.224,0.093,0.033,0.51,0.66,0.429,0.467,0.324,0.375,Disruptive Defender,three-point range,at the rim,Elite 3PT Threat,James Harden profiles as an elite 3PT threat. They consistently take shots from three-point range and are most efficient at the rim. Their defensive profile is Disruptive Defender.,"Creates defensive pressure with steals, blocks, and activity. This player can force mistakes and break up possessions.",23.0,James Harden,36.0,2TM,PG,70.0,70.0,2438.0,46.0,52.0,2.0,0.0,0.0,1.4,-1.5,159.0,66.0,61.0,15.0,219.0,3.0,1310.0,39.0,80.0,,12.639175257731958,1322.639175257732,-0.1795623985382579,0.51,1310.0,0.1514586715391402,0.0,0.7889482790431352,0.5055816218961756,0.5323590814196243,0.7915407854984894,0.121003172402163,0.6130829750943069,Guard,70.0,34.62128571428571,23.6,4.8,7.957142857142857,1.1285714285714286,0.4,3.5,1.4142857142857144,487.0,1123.0,215.0,573.0,463.0,524.0,0.43365983971504896,0.37521815008726006,0.8835877862595419,-0.39772727272727254,0.14631818181818182,0.6020909090909091,0.30015909090909093,0.4766818181818182,0.16486363636363638,0.20377272727272724,0.11363636363636363,LAC,https://cdn.nba.com/headshots/nba/latest/1040x760/201935.png
201939,Stephen Curry,157,31.57872611464968,18.681528662420384,8.471337579617835,0.4460254777070063,0.6112953732833463,5.071337579617834,0.3384076433121019,0.7343253990222778,0.1748760873754368,0.1329610283201412,11.343619720442366,0.3429234267952841,stephen curry,Stephen Curry,GSW,PG,43.0,1329.0,0.468,19.6,0.108,0.158,0.063,0.066,0.606,0.698,0.587,0.46,0.509,0.393,Disruptive Defender,three-point range,at the rim,Elite 3PT Threat,Stephen Curry profiles as an elite 3PT threat. They consistently take shots from three-point range and are most efficient at the rim. Their defensive profile is Disruptive Defender.,"Creates defensive pressure with steals, blocks, and activity. This player can force mistakes and break up possessions.",208.0,Stephen Curry,37.0,GSW,PG,43.0,41.0,1329.0,100.0,0.0,0.0,0.0,0.0,2.7,5.0,65.0,34.0,41.0,10.0,92.0,11.0,481.0,24.0,26.0,AS,16.94267515923567,497.9426751592357,0.7898883084960424,0.606,481.0,0.1329610283201412,0.0,0.2966822012786669,0.6837023729063586,0.6325678496868476,0.2906344410876132,0.099976421727835,0.4235447374726284,Guard,44.0,30.02840909090909,25.954545454545453,3.5,4.613636363636363,1.1136363636363635,0.38636363636363635,2.75,2.022727272727273,374.0,799.0,190.0,484.0,204.0,221.0,0.46808510638297873,0.3925619834710744,0.9230769230769231,1.9846153846153844,0.14038461538461539,0.6223589743589744,0.30941025641025643,0.23787179487179486,0.1254102564102564,0.17356410256410257,0.14356410256410257,GSW,https://cdn.nba.com/headshots/nba/latest/1040x760/201939.png
201942,DeMar DeRozan,201,34.49800995024876,15.537313432835822,7.587064676616915,0.4861293532338309,0.5822195549307666,-4.837810945273632,0.2955223880597015,0.5661443724243016,0.1298101637156679,0.1059736247696048,9.967255867352346,0.3168529491080715,demar derozan,DeMar DeRozan,SAC,PF,77.0,2406.0,0.497,14.2,0.091,0.184,0.302,0.277,0.146,0.758,0.573,0.484,0.468,0.32,Disruptive Defender,mid-range,at the rim,Mid-Range Shot Creator,"DeMar DeRozan profiles as a mid-range shot creator. They regularly look for shots from mid-range, while making shots most consistently at the rim. On the defensive side, they profile as a Disruptive Defender.","Creates defensive pressure with steals, blocks, and activity. This player can force mistakes and break up possessions.",24.0,DeMar DeRozan,36.0,SAC,PF,77.0,77.0,2406.0,0.0,6.0,55.0,39.0,0.0,-12.1,-4.9,51.0,26.0,78.0,9.0,201.0,15.0,786.0,47.0,38.0,,15.17412935323383,801.1741293532339,-0.7032079125691185,0.146,786.0,0.1059736247696048,0.0,0.4776827979746244,0.4093703018718454,0.1524008350730689,0.4749244712990936,0.0692991403527804,0.3706981810839588,Wing,77.0,31.00935064935065,18.428571428571427,2.935064935064935,4.103896103896104,1.0389610389610389,0.2987012987012987,1.2467532467532467,-7.636363636363637,499.0,1005.0,47.0,147.0,374.0,431.0,0.49651741293532337,0.3197278911564626,0.8677494199535963,-14.252830188679244,0.11075471698113208,0.5892264150943396,0.21345283018867925,0.22547169811320752,0.11918867924528302,0.2410566037735849,0.07932075471698112,SAC,https://cdn.nba.com/headshots/nba/latest/1040x760/201942.png
201950,Jrue Holiday,155,30.125290322580646,10.67741935483871,4.903225806451613,0.4587935483870968,0.5826486446953186,8.27225806451613,0.2197419354838709,0.4395134472435595,0.1612863952960124,0.1489578261147152,7.639230893089204,0.2156299540525407,jrue holiday,Jrue Holiday,POR,PG,53.0,1560.0,0.451,16.7,0.14,0.207,0.097,0.045,0.511,0.707,0.476,0.406,0.469,0.378,Disruptive Defender,three-point range,at the rim,Elite 3PT Threat,Jrue Holiday profiles as an elite 3PT threat. They consistently take shots from three-point range and are most efficient at the rim. Their defensive profile is Disruptive Defender.,"Creates defensive pressure with steals, blocks, and activity. This player can force mistakes and break up possessions.",153.0,Jrue Holiday,35.0,POR,PG,53.0,51.0,1560.0,75.0,25.0,0.0,0.0,0.0,5.5,9.8,91.0,45.0,35.0,3.0,34.0,10.0,759.0,7.0,38.0,,9.806451612903226,768.8064516129032,1.5146873478344145,0.511,759.0,0.1489578261147152,0.0,0.4583623452193697,0.8168723714237172,0.5334029227557412,0.4586102719033232,0.1181603965635411,0.5252505362037249,Guard,71.0,29.219622641509435,12.183098591549296,3.4507042253521125,4.535211267605634,0.7605633802816901,0.08450704225352113,2.056338028169014,2.7746478873239435,320.0,709.0,137.0,362.0,88.0,105.0,0.4513399153737659,0.3784530386740331,0.8380952380952381,2.6521739130434785,0.12282608695652175,0.5417826086956522,0.22417391304347825,0.44765217391304346,0.17343478260869566,0.2942608695652174,0.02534782608695652,POR,https://cdn.nba.com/headshots/nba/latest/1040x760/201950.png
201959,Taj Gibson,58,10.331551724137933,2.4827586206896552,1.1551724137931034,0.3827931034482759,0.4401462186168773,-15.501724137931037,0.0627586206896551,0.3150018895190344,0.0529519250390457,0.2688037295502224,3.296132090061115,0.0655409835890529,taj gibson,,,,,,,,,,,,,,,,,,Rim Protector,Not enough shooting data,Not enough shooting data,Balanced Player,"Taj Gibson profiles as a balanced player. Their most common shot comes Not enough shooting data, and they make shots most consistently Not enough shooting data. On defense, they profile as a Rim Protector.",Protects the basket with shot blocking and interior presence. This player is most valuable defensively near the rim.,,,,,,,,,,,,,,,,,,,,,,0.0,,,,2.310344827586207,2.310344827586207,0.0806411188650667,0.0,0.0,0.2688037295502224,0.0,0.0008364165124107,0.5533897730472083,0.0,0.0,0.2543923424954281,0.1641212441163091,Wing,14.0,9.492,2.4285714285714284,1.9285714285714286,0.42857142857142855,0.14285714285714285,0.07142857142857142,0.07142857142857142,-0.5,12.0,26.0,3.0,6.0,7.0,8.0,0.46153846153846156,0.5,0.875,,,,,,,,,,https://cdn.nba.com/headshots/nba/latest/1040x760/201959.png
201976,Patrick Beverley,42,21.52380952380953,6.023809523809524,2.452380952380953,0.3829999999999999,0.526035514057398,-8.983333333333333,0.1411904761904761,0.3570661993370288,0.1536438673032135,0.1710836956037934,5.268429417036727,0.1189018540826022,patrick beverley,,,,,,,,,,,,,,,,,,Disruptive Defender,Not enough shooting data,Not enough shooting data,Balanced Player,"Patrick Beverley profiles as a balanced player. Their most common shot comes Not enough shooting data, and they make shots most consistently Not enough shooting data. On defense, they profile as a Disruptive Defender.","Creates defensive pressure with steals, blocks, and activity. This player can force mistakes and break up possessions.",,,,,,,,,,,,,,,,,,,,,,0.0,,,,4.904761904761905,4.904761904761905,0.051325108681138,0.0,0.0,0.1710836956037934,0.0,0.0023850389674762,0.5480034344611467,0.0,0.0,0.14331144611572,0.1522860188138492,Wing,,,,,,,,,,,,,,,,,,,,,,,,,,,,https://cdn.nba.com/headshots/nba/latest/1040x760/201976.png
201988,Patty Mills,53,12.176792452830188,4.0,1.4339622641509433,0.2619056603773585,0.3562390658752444,-0.8924528301886792,0.0618867924528301,0.3610733803788245,0.0992630648189305,0.0669259288420324,3.221052637628665,0.0707920256921109,patty mills,,,,,,,,,,,,,,,,,,Disruptive Defender,Not enough shooting data,Not enough shooting data,Balanced Player,"Patty Mills profiles as a balanced player. Their most common shot comes Not enough shooting data, and they make shots most consistently Not enough shooting data. On defense, they profile as a Disruptive Defender.","Creates defensive pressure with steals, blocks, and activity. This player can force mistakes and break up possessions.",,,,,,,,,,,,,,,,,,,,,,0.0,,,,2.8679245283018866,2.8679245283018866,0.0200777786526097,0.0,0.0,0.0669259288420324,0.0,0.0011692390383698,0.5422622473627627,0.0,0.0,0.0249126119201884,0.1385245186480574,Wing,,,,,,,,,,,,,,,,,,,,,,,,,,,,https://cdn.nba.com/headshots/nba/latest/1040x760/201988.png
202066,Garrett Temple,71,7.727183098591549,2.084507042253521,0.6619718309859155,0.206169014084507,0.2970297446742213,-10.490140845070425,0.0423943661971831,0.3649473499571634,0.1173420751930861,0.1771319270255172,2.4885895677398073,0.0368277298088972,garrett temple,,,,,,,,,,,,,,,,,,Disruptive Defender,Not enough shooting data,Not enough shooting data,Balanced Player,"Garrett Temple profiles as a balanced player. Their most common shot comes Not enough shooting data, and they make shots most consistently Not enough shooting data. On defense, they profile as a Disruptive Defender.","Creates defensive pressure with steals, blocks, and activity. This player can force mistakes and break up possessions.",,,,,,,,,,,,,,,,,,,,,,0.0,,,,1.323943661971831,1.323943661971831,0.0531395781076551,0.0,0.0,0.1771319270255172,0.0,0.0002476279910077,0.5483368136155392,0.0,0.0,0.1501866275980075,0.1522019173600886,Wing,82.0,3.0986363636363636,0.2073170731707317,0.10975609756097561,0.10975609756097561,0.04878048780487805,0.024390243902439025,0.08536585365853659,-0.012195121951219513,4.0,15.0,3.0,12.0,6.0,9.0,0.26666666666666666,0.25,0.6666666666666666,-17.53076923076923,-0.03638461538461538,0.08184615384615385,0.12623076923076923,0.17946153846153848,0.1986923076923077,0.06407692307692307,0.07692307692307693,TOR,https://cdn.nba.com/headshots/nba/latest/1040x760/202066.png
202330,Gordon Hayward,26,16.692307692307693,4.076923076923077,1.8461538461538465,0.4166923076923077,0.4904318401509048,-5.7846153846153845,0.093076923076923,0.3207148941574511,0.0959670951630525,0.1442967680578486,4.155033001075309,0.0952347464766751,gordon hayward,,,,,,,,,,,,,,,,,,Disruptive Defender,Not enough shooting data,Not enough shooting data,Balanced Player,"Gordon Hayward profiles as a balanced player. Their most common shot comes Not enough shooting data, and they make shots most consistently Not enough shooting data. On defense, they profile as a Disruptive Defender.","Creates defensive pressure with steals, blocks, and activity. This player can force mistakes and break up possessions.",,,,,,,,,,,,,,,,,,,,,,0.0,,,,3.692307692307693,3.692307692307693,0.0432890304173545,0.0,0.0,0.1442967680578486,0.0,0.0016613180840208,0.5465269361872938,0.0,0.0,0.1128620510132475,0.1485824663817565,Wing,,,,,,,,,,,,,,,,,,,,,,,,,,,,https://cdn.nba.com/headshots/nba/latest/1040x760/202330.png
202331,Paul George,123,31.968943089430898,14.642276422764228,6.658536585365853,0.4464065040650407,0.5760689133627828,3.822764227642277,0.278130081300813,0.570528940473603,0.1162643117695937,0.1647027810166428,9.371703645425796,0.2784160370823887,paul george,Paul George,PHI,PF,37.0,1135.0,0.439,18.0,0.115,0.105,0.15,0.133,0.497,0.576,0.481,0.39,0.515,0.392,Disruptive Defender,three-point range,at the rim,Perimeter Shooter,"Paul George is a perimeter shooter. Their shot profile is built around three-point range, with their best efficiency coming at the rim. Defensively, they profile as a Disruptive Defender.","Creates defensive pressure with steals, blocks, and activity. This player can force mistakes and break up possessions.",255.0,Paul George,35.0,PHI,PF,37.0,37.0,1135.0,0.0,0.0,45.0,55.0,0.0,2.9,4.4,37.0,14.0,42.0,7.0,48.0,10.0,311.0,9.0,17.0,,13.317073170731708,324.3170731707317,0.7094108343049929,0.497,311.0,0.1647027810166428,0.0,0.1930440821885924,0.6689159499987262,0.5187891440501045,0.1879154078549849,0.1360580950531158,0.3546623422734443,Wing,45.0,29.731842105263155,14.244444444444444,4.355555555555555,2.9555555555555557,1.3777777777777778,0.35555555555555557,1.4222222222222223,1.9777777777777779,225.0,513.0,100.0,255.0,91.0,111.0,0.43859649122807015,0.39215686274509803,0.8198198198198198,5.307407407407408,0.1138888888888889,0.5485185185185185,0.22,0.23007407407407407,0.1917037037037037,0.2555925925925926,0.128,PHI,https://cdn.nba.com/headshots/nba/latest/1040x760/202331.png
202681,Kyrie Irving,91,35.825934065934064,19.406593406593405,9.483516483516484,0.4898901098901099,0.6042309508710516,5.7967032967032965,0.3524175824175824,0.6479436873572294,0.1361549345621845,0.1429898355834709,11.71407473282212,0.3897083937249233,kyrie irving,,,,,,,,,,,,,,,,,,Disruptive Defender,Not enough shooting data,Not enough shooting data,On-Ball Creator,"Kyrie Irving profiles as an on-ball creator. They combine scoring volume with creation stats, meaning they likely generate offense for themselves and others. Defensively, they profile as a Disruptive Defender.","Creates defensive pressure with steals, blocks, and activity. This player can force mistakes and break up possessions.",,,,,,,,,,,,,,,,,,,,,,0.0,,,,18.967032967032967,18.967032967032967,0.0428969506750412,0.0,0.0,0.1429898355834709,0.0,0.0107788893348031,0.5464548979313515,0.0,0.0,0.111376426982036,0.1520629229149627,Wing,2.0,0.0,0.0,0.0,0.0,0.0,0.0,0.0,0.0,0.0,0.0,0.0,0.0,0.0,0.0,,,,,,,,,,,,,https://cdn.nba.com/headshots/nba/latest/1040x760/202681.png
202684,Tristan Thompson,62,8.983387096774194,2.096774193548387,1.0161290322580645,0.3280967741935484,0.3315872021584277,-16.62258064516129,0.0638709677419354,0.380524415925807,0.0869504806885751,0.3445449746748101,3.0695201157462515,0.0515346783109067,tristan thompson,,,,,,,,,,,,,,,,,,Rim Protector,Not enough shooting data,Not enough shooting data,Balanced Player,"Tristan Thompson profiles as a balanced player. Their most common shot comes Not enough shooting data, and they make shots most consistently Not enough shooting data. On defense, they profile as a Rim Protector.",Protects the basket with shot blocking and interior presence. This player is most valuable defensively near the rim.,,,,,,,,,,,,,,,,,,,,,,0.0,,,,2.032258064516129,2.032258064516129,0.103363492402443,0.0,0.0,0.3445449746748101,0.0,0.0006704249262716,0.5575646384734173,0.0,0.0,0.340489379731075,0.1737082675619705,Wing,,,,,,,,,,,,,,,,,,,,,,,,,,,,https://cdn.nba.com/headshots/nba/latest/1040x760/202684.png
202685,Jonas Valanciunas,195,17.214923076923075,7.215384615384616,4.035897435897436,0.5618307692307692,0.6191881235053079,-8.504615384615384,0.182,0.5677653693599022,0.0967081609915808,0.3980478981854072,7.135659211799831,0.1730792870980715,jonas valanciunas,Jonas ValanÄiÅ«nas,DEN,C,65.0,871.0,0.582,7.3,0.333,0.387,0.169,0.044,0.067,0.677,0.616,0.515,0.235,0.308,Rim Protector,short paint / floater range,at the rim,Interior Paint Scorer,"Jonas Valanciunas is mostly an interior paint scorer. Their shot diet leans toward short paint / floater range, and they are most reliable at the rim. On defense, they profile as a Rim Protector.",Protects the basket with shot blocking and interior presence. This player is most valuable defensively near the rim.,310.0,Jonas ValanÄiÅ«nas,33.0,DEN,C,65.0,6.0,871.0,0.0,0.0,0.0,5.0,95.0,-1.9,-8.9,23.0,18.0,66.0,30.0,58.0,0.0,185.0,10.0,29.0,,8.071794871794872,193.07179487179488,-1.2155856305443775,0.067,185.0,0.3980478981854072,95.0,0.1147030217310697,0.3152292555407421,0.069937369519833,0.1117824773413897,0.4013075401683725,0.1864881297565646,Big,70.0,13.209846153846154,8.1,4.7,1.1142857142857143,0.2,0.5285714285714286,1.042857142857143,-0.6285714285714286,227.0,390.0,8.0,26.0,105.0,136.0,0.5820512820512821,0.3076923076923077,0.7720588235294118,-7.205,0.135175,0.65235,0.2592,0.18002500000000002,0.4046,0.12497499999999999,0.395825,DEN,https://cdn.nba.com/headshots/nba/latest/1040x760/202685.png
202687,Bismack Biyombo,65,12.062923076923076,2.1846153846153844,1.2615384615384615,0.3690615384615385,0.4205402462464653,-20.598461538461535,0.0696923076923076,0.2399972870069882,0.0410128611932253,0.2746087234353198,3.2285383896764497,0.074119276762632,bismack biyombo,,,,,,,,,,,,,,,,,,Rim Protector,Not enough shooting data,Not enough shooting data,Balanced Player,"Bismack Biyombo profiles as a balanced player. Their most common shot comes Not enough shooting data, and they make shots most consistently Not enough shooting data. On defense, they profile as a Rim Protector.",Protects the basket with shot blocking and interior presence. This player is most valuable defensively near the rim.,,,,,,,,,,,,,,,,,,,,,,0.0,,,,2.523076923076923,2.523076923076923,0.0823826170305959,0.0,0.0,0.2746087234353198,0.0,0.0009633975220905,0.5537097449229067,0.0,0.0,0.2609910295629012,0.164911898195853,Wing,82.0,5.4244,0.2804878048780488,0.3170731707317073,0.06097560975609756,0.04878048780487805,0.024390243902439025,0.0975609756097561,-1.2195121951219512,9.0,15.0,0.0,0.0,5.0,7.0,0.6,,0.7142857142857143,-22.724999999999998,-0.24633333333333332,0.29733333333333334,0.07241666666666667,0.10766666666666667,0.18633333333333335,0.11108333333333333,0.08333333333333333,SAS,https://cdn.nba.com/headshots/nba/latest/1040x760/202687.png
202691,Klay Thompson,187,25.450855614973264,12.342245989304812,5.122994652406417,0.4055989304812833,0.5458970724746689,-2.853475935828877,0.1886096256684492,0.5481406346216859,0.0736818569558163,0.1104809402291803,7.356165000036363,0.2160734926183314,klay thompson,Klay Thompson,DAL,SF,69.0,1497.0,0.393,21.8,0.055,0.037,0.08,0.104,0.724,0.675,0.333,0.397,0.329,0.383,Disruptive Defender,three-point range,mid-range,Elite 3PT Threat,Klay Thompson profiles as an elite 3PT threat. They consistently take shots from three-point range and are most efficient mid-range. Their defensive profile is Disruptive Defender.,"Creates defensive pressure with steals, blocks, and activity. This player can force mistakes and break up possessions.",165.0,Klay Thompson,35.0,DAL,SF,69.0,8.0,1497.0,5.0,38.0,53.0,5.0,0.0,-6.1,-0.6,33.0,20.0,45.0,5.0,11.0,2.0,218.0,0.0,10.0,,10.245989304812834,228.24598930481284,-0.0568557179312459,0.724,218.0,0.1104809402291803,0.0,0.1356987004201372,0.528126972521119,0.755741127348643,0.1317220543806646,0.0744227227063255,0.32028687010933,Wing,71.0,21.520434782608696,11.408450704225352,2.0140845070422535,1.352112676056338,0.4647887323943662,0.30985915492957744,0.8873239436619719,-1.8732394366197183,286.0,728.0,202.0,527.0,36.0,47.0,0.39285714285714285,0.38330170777988615,0.7659574468085106,-5.551063829787234,0.07487234042553191,0.5078297872340425,0.20591489361702128,0.1276382978723404,0.11453191489361703,0.14361702127659576,0.136,DAL,https://cdn.nba.com/headshots/nba/latest/1040x760/202691.png
202692,Alec Burks,90,17.61888888888889,7.122222222222222,2.8666666666666667,0.3635,0.5163834056475647,-3.938888888888889,0.1256666666666666,0.4824800528767853,0.0694587611178209,0.1403873214570965,5.4024436560295985,0.1271781081106619,alec burks,,,,,,,,,,,,,,,,,,Disruptive Defender,Not enough shooting data,Not enough shooting data,Balanced Player,"Alec Burks profiles as a balanced player. Their most common shot comes Not enough shooting data, and they make shots most consistently Not enough shooting data. On defense, they profile as a Disruptive Defender.","Creates defensive pressure with steals, blocks, and activity. This player can force mistakes and break up possessions.",,,,,,,,,,,,,,,,,,,,,,0.0,,,,5.733333333333333,5.733333333333333,0.0421161964371289,0.0,0.0,0.1403873214570965,0.0,0.0028796180123028,0.5463114470779947,0.0,0.0,0.10841808169373,0.1485715171437928,Wing,,,,,,,,,,,,,,,,,,,,,,,,,,,,https://cdn.nba.com/headshots/nba/latest/1040x760/202692.png
202693,Markieff Morris,28,8.695,3.392857142857143,1.0714285714285714,0.3082857142857143,0.4385656525256786,-1.2857142857142858,0.0532142857142857,0.4595157310069522,0.1063309377940429,0.1481194383941178,3.407942705305226,0.0525130480293829,markieff morris,,,,,,,,,,,,,,,,,,Disruptive Defender,Not enough shooting data,Not enough shooting data,Balanced Player,"Markieff Morris profiles as a balanced player. Their most common shot comes Not enough shooting data, and they make shots most consistently Not enough shooting data. On defense, they profile as a Disruptive Defender.","Creates defensive pressure with steals, blocks, and activity. This player can force mistakes and break up possessions.",,,,,,,,,,,,,,,,,,,,,,0.0,,,,2.142857142857143,2.142857142857143,0.0444358315182353,0.0,0.0,0.1481194383941178,0.0,0.0007364421513875,0.5467376421797345,0.0,0.0,0.1172073795028967,0.1486997253557783,Wing,,,,,,,,,,,,,,,,,,,,,,,,,,,,https://cdn.nba.com/headshots/nba/latest/1040x760/202693.png
202694,Marcus Morris Sr.,25,17.48,5.88,2.4,0.3948,0.5169084862993132,-16.028,0.0984,0.4004963002271057,0.0425494891073838,0.149141241087923,4.667718059352151,0.1135565903956827,marcus morris sr,,,,,,,,,,,,,,,,,,Disruptive Defender,Not enough shooting data,Not enough shooting data,Balanced Player,"Marcus Morris Sr. profiles as a balanced player. Their most common shot comes Not enough shooting data, and they make shots most consistently Not enough shooting data. On defense, they profile as a Disruptive Defender.","Creates defensive pressure with steals, blocks, and activity. This player can force mistakes and break up possessions.",,,,,,,,,,,,,,,,,,,,,,0.0,,,,4.8,4.8,0.0447423723263769,0.0,0.0,0.149141241087923,0.0,0.002322505984797,0.5467939640520745,0.0,0.0,0.1183688891193721,0.1494643823188746,Wing,,,,,,,,,,,,,,,,,,,,,,,,,,,,https://cdn.nba.com/headshots/nba/latest/1040x760/202694.png
202695,Kawhi Leonard,142,32.36711267605634,18.02112676056338,9.169014084507042,0.5098169014084507,0.6174991394756497,9.14225352112676,0.3497887323943662,0.6904693504713729,0.1069921561313602,0.1931124961637448,11.689422034862652,0.3745427512036874,kawhi leonard,Kawhi Leonard,LAC,SF,65.0,2085.0,0.505,15.3,0.128,0.205,0.204,0.109,0.354,0.752,0.566,0.525,0.445,0.387,Rim Protector,three-point range,at the rim,Mid-Range Shot Creator,"Kawhi Leonard profiles as a mid-range shot creator. They regularly look for shots from three-point range, while making shots most consistently at the rim. On the defensive side, they profile as a Rim Protector.",Protects the basket with shot blocking and interior presence. This player is most valuable defensively near the rim.,66.0,Kawhi Leonard,34.0,LAC,SF,65.0,65.0,2085.0,0.0,3.0,67.0,30.0,1.0,8.1,14.5,52.0,60.0,35.0,11.0,192.0,0.0,585.0,54.0,34.0,"MVP-7,CPOY-10,AS,NBA2",18.338028169014084,603.3380281690141,2.232933748849123,0.354,585.0,0.1931124961637448,1.0,0.3595932928554211,0.948838429554174,0.3695198329853862,0.3534743202416918,0.1683521548992502,0.488657546992614,Wing,65.0,31.871538461538464,27.892307692307693,6.3538461538461535,3.6,1.876923076923077,0.4153846153846154,2.046153846153846,5.230769230769231,635.0,1258.0,172.0,445.0,371.0,416.0,0.5047694753577107,0.3865168539325843,0.8918269230769231,4.257894736842106,0.1831842105263158,0.6205526315789474,0.32413157894736844,0.2221842105263158,0.22294736842105262,0.34031578947368424,0.1460263157894737,LAC,https://cdn.nba.com/headshots/nba/latest/1040x760/202695.png
202696,Nikola Vucevic,182,30.80461538461538,14.10989010989011,7.214285714285714,0.5082527472527473,0.5814076895490838,-3.0340659340659344,0.3031868131868132,0.5286336348746165,0.1092196280400795,0.3116774871753391,9.874292536198682,0.3040776887068704,nikola vucevic,Nikola VuÄeviÄ,2TM,C,64.0,1818.0,0.493,13.3,0.199,0.324,0.103,0.035,0.339,0.698,0.506,0.512,0.357,0.369,Rim Protector,three-point range,at the rim,High-Impact Balanced Player,"Nikola Vucevic profiles as a balanced player. Their most common shot comes three-point range, and they make shots most consistently at the rim. On defense, they profile as a Rim Protector.",Protects the basket with shot blocking and interior presence. This player is most valuable defensively near the rim.,111.0,Nikola VuÄeviÄ,35.0,2TM,C,64.0,49.0,1818.0,0.0,0.0,0.0,1.0,99.0,-1.4,1.8,49.0,20.0,86.0,12.0,30.0,1.0,524.0,5.0,30.0,,14.428571428571429,538.4285714285714,0.3635032461526017,0.339,524.0,0.3116774871753391,99.0,0.3208484653029531,0.605361074093473,0.3538622129436326,0.3166163141993958,0.3031280544659654,0.3947334234526305,Big,65.0,28.22,14.846153846153847,8.261538461538462,3.276923076923077,0.6,0.6307692307692307,1.3076923076923077,-0.6461538461538462,394.0,799.0,100.0,271.0,77.0,93.0,0.493116395494368,0.36900369003690037,0.8279569892473119,-5.210204081632654,0.12612244897959182,0.5836938775510204,0.2146938775510204,0.19577551020408163,0.3113061224489796,0.20238775510204082,0.19869387755102041,BOS,https://cdn.nba.com/headshots/nba/latest/1040x760/202696.png
202699,Tobias Harris,174,30.343793103448274,11.5,5.436781609195402,0.4695229885057471,0.5657790197122899,4.830459770114943,0.2320114942528735,0.4500980156475845,0.0841744807872992,0.1907666920652578,7.980579067443532,0.2360994075125053,tobias harris,Tobias Harris,DET,PF,63.0,1746.0,0.469,13.4,0.158,0.284,0.175,0.046,0.338,0.635,0.508,0.496,0.3,0.368,Rim Protector,three-point range,at the rim,High-Impact Balanced Player,"Tobias Harris profiles as a balanced player. Their most common shot comes three-point range, and they make shots most consistently at the rim. On defense, they profile as a Rim Protector.",Protects the basket with shot blocking and interior presence. This player is most valuable defensively near the rim.,124.0,Tobias Harris,33.0,DET,PF,63.0,63.0,1746.0,0.0,0.0,0.0,99.0,1.0,9.4,2.1,23.0,25.0,73.0,9.0,75.0,2.0,368.0,24.0,35.0,,10.873563218390805,378.8735632183908,0.3722300076195773,0.338,368.0,0.1907666920652578,1.0,0.2256091644572208,0.606964474137545,0.3528183716075156,0.2223564954682779,0.1656856185559045,0.3337117514608201,Wing,64.0,27.493650793650794,13.0625,5.046875,2.453125,0.90625,0.40625,0.984375,5.75,309.0,659.0,82.0,223.0,136.0,157.0,0.46889226100151743,0.36771300448430494,0.8662420382165605,6.960000000000001,0.10642857142857143,0.5791999999999999,0.18780000000000002,0.15922857142857144,0.1716285714285714,0.1536857142857143,0.0458,DET,https://cdn.nba.com/headshots/nba/latest/1040x760/202699.png
202704,Reggie Jackson,79,17.116455696202532,6.7594936708860756,2.6835443037974684,0.3756835443037974,0.4629702533631195,-0.5835443037974682,0.1082278481012658,0.4625866725203914,0.1474323491095513,0.0911293384102153,4.8767423329782424,0.1190469516120164,reggie jackson,,,,,,,,,,,,,,,,,,Disruptive Defender,Not enough shooting data,Not enough shooting data,On-Ball Creator,"Reggie Jackson profiles as an on-ball creator. They combine scoring volume with creation stats, meaning they likely generate offense for themselves and others. Defensively, they profile as a Disruptive Defender.","Creates defensive pressure with steals, blocks, and activity. This player can force mistakes and break up possessions.",,,,,,,,,,,,,,,,,,,,,,0.0,,,,5.367088607594937,5.367088607594937,0.0273388015230646,0.0,0.0,0.0911293384102153,0.0,0.0026610044318891,0.5435963418529758,0.0,0.0,0.0524252551490358,0.1422060127509032,Wing,,,,,,,,,,,,,,,,,,,,,,,,,,,,https://cdn.nba.com/headshots/nba/latest/1040x760/202704.png
202709,Cory Joseph,60,12.138,2.9833333333333334,1.2333333333333334,0.3683666666666667,0.5042283174822167,-2.296666666666667,0.0656666666666666,0.3158646535943608,0.1527527884623769,0.1272499495298576,3.5610809263020387,0.0710360487536353,cory joseph,,,,,,,,,,,,,,,,,,Disruptive Defender,Not enough shooting data,Not enough shooting data,Balanced Player,"Cory Joseph profiles as a balanced player. Their most common shot comes Not enough shooting data, and they make shots most consistently Not enough shooting data. On defense, they profile as a Disruptive Defender.","Creates defensive pressure with steals, blocks, and activity. This player can force mistakes and break up possessions.",,,,,,,,,,,,,,,,,,,,,,0.0,,,,2.466666666666667,2.466666666666667,0.0381749848589572,0.0,0.0,0.1272499495298576,0.0,0.0009297259160324,0.5455873137506371,0.0,0.0,0.0934844903837708,0.1461171678424493,Wing,,,,,,,,,,,,,,,,,,,,,,,,,,,,https://cdn.nba.com/headshots/nba/latest/1040x760/202709.png
202710,Jimmy Butler,91,32.45373626373626,11.582417582417582,5.945054945054945,0.5142747252747253,0.6369652994151606,5.508791208791209,0.298021978021978,0.4886255273130123,0.1701237429942224,0.1660529460675575,9.439245853970409,0.2569327616421781,jimmy butler,Jimmy Butler,GSW,SF,38.0,1182.0,0.519,9.3,0.342,0.303,0.121,0.05,0.184,0.741,0.479,0.375,0.13,0.376,Disruptive Defender,at the rim,at the rim,Interior Paint Scorer,"Jimmy Butler is mostly an interior paint scorer. Their shot diet leans toward at the rim, and they are most reliable at the rim. On defense, they profile as a Disruptive Defender.","Creates defensive pressure with steals, blocks, and activity. This player can force mistakes and break up possessions.",236.0,Jimmy Butler,36.0,GSW,SF,38.0,38.0,1182.0,0.0,6.0,39.0,54.0,0.0,7.6,11.6,34.0,16.0,21.0,8.0,133.0,4.0,474.0,31.0,29.0,,11.89010989010989,485.8901098901099,1.7898158838202674,0.184,474.0,0.1660529460675575,0.0,0.2894879558425286,0.8674227512403965,0.1920668058455114,0.286404833836858,0.137592862675059,0.403860660675129,Wing,40.0,30.066923076923075,19.0,5.275,4.625,1.375,0.2,1.5,4.625,240.0,462.0,32.0,85.0,248.0,287.0,0.5194805194805194,0.3764705882352941,0.8641114982578397,8.042105263157895,0.15739473684210525,0.6513421052631579,0.2227105263157895,0.2629736842105263,0.20855263157894735,0.22739473684210526,0.082,GSW,https://cdn.nba.com/headshots/nba/latest/1040x760/202710.png
202710,Jimmy Butler III,38,30.85815789473684,12.157894736842104,6.315789473684211,0.5243421052631579,0.6513373630597427,8.042105263157895,0.305,0.547153719066333,0.1585074763951789,0.1819621680428257,9.833845843101368,0.2687350633790492,jimmy butler iii,,,,,,,,,,,,,,,,,,Disruptive Defender,Not enough shooting data,Not enough shooting data,On-Ball Creator,"Jimmy Butler III profiles as an on-ball creator. They combine scoring volume with creation stats, meaning they likely generate offense for themselves and others. Defensively, they profile as a Disruptive Defender.","Creates defensive pressure with steals, blocks, and activity. This player can force mistakes and break up possessions.",,,,,,,,,,,,,,,,,,,,,,0.0,,,,12.63157894736842,12.63157894736842,0.0545886504128477,0.0,0.0,0.1819621680428257,0.0,0.0069972204411617,0.5486030570102741,0.0,0.0,0.1556772878061977,0.155517381209653,Wing,40.0,30.066923076923075,19.0,5.275,4.625,1.375,0.2,1.5,4.625,240.0,462.0,32.0,85.0,248.0,287.0,0.5194805194805194,0.3764705882352941,0.8641114982578397,8.042105263157895,0.15739473684210525,0.6513421052631579,0.2227105263157895,0.2629736842105263,0.20855263157894735,0.22739473684210526,0.082,GSW,https://cdn.nba.com/headshots/nba/latest/1040x760/202710.png
202711,Bojan Bogdanovic,44,23.022727272727273,11.022727272727272,4.9772727272727275,0.4267727272727272,0.5534597783384543,-10.522727272727272,0.1656818181818181,0.5876512288995909,0.0557725419249922,0.0986187305532022,7.062954520087272,0.2077898841946704,bojan bogdanovic,,,,,,,,,,,,,,,,,,Disruptive Defender,Not enough shooting data,Not enough shooting data,Balanced Player,"Bojan Bogdanovic profiles as a balanced player. Their most common shot comes Not enough shooting data, and they make shots most consistently Not enough shooting data. On defense, they profile as a Disruptive Defender.","Creates defensive pressure with steals, blocks, and activity. This player can force mistakes and break up possessions.",,,,,,,,,,,,,,,,,,,,,,0.0,,,,9.954545454545457,9.954545454545457,0.0295856191659606,0.0,0.0,0.0986187305532022,0.0,0.0053992837730678,0.5440091579384474,0.0,0.0,0.0609386413911875,0.1442558671329577,Wing,,,,,,,,,,,,,,,,,,,,,,,,,,,,https://cdn.nba.com/headshots/nba/latest/1040x760/202711.png
202722,Davis Bertans,32,18.0,6.59375,2.59375,0.37796875,0.5478909638827816,-10.625,0.1075,0.384882582491927,0.0417238152022463,0.0718104655926913,4.933750556632199,0.1236420517251818,davis bertans,,,,,,,,,,,,,,,,,,Disruptive Defender,Not enough shooting data,Not enough shooting data,Balanced Player,"Davis Bertans profiles as a balanced player. Their most common shot comes Not enough shooting data, and they make shots most consistently Not enough shooting data. On defense, they profile as a Disruptive Defender.","Creates defensive pressure with steals, blocks, and activity. This player can force mistakes and break up possessions.",,,,,,,,,,,,,,,,,,,,,,0.0,,,,5.1875,5.1875,0.0215431396778074,0.0,0.0,0.0718104655926913,0.0,0.0025538069605025,0.5425314835440512,0.0,0.0,0.0304649914963178,0.1397008928198456,Wing,,,,,,,,,,,,,,,,,,,,,,,,,,,,https://cdn.nba.com/headshots/nba/latest/1040x760/202722.png
203076,Anthony Davis,115,33.5744347826087,17.191304347826087,9.121739130434785,0.5272347826086956,0.5860891969748556,0.471304347826087,0.4036521739130435,0.6581921168125109,0.1029043091048434,0.3569786747981797,12.322043128897414,0.3735882179003553,anthony davis,Anthony Davis,DAL,PF,20.0,626.0,0.506,9.2,0.332,0.278,0.156,0.123,0.111,0.73,0.462,0.365,0.39,0.27,Rim Protector,at the rim,at the rim,Interior Paint Scorer,"Anthony Davis is mostly an interior paint scorer. Their shot diet leans toward at the rim, and they are most reliable at the rim. On defense, they profile as a Rim Protector.",Protects the basket with shot blocking and interior presence. This player is most valuable defensively near the rim.,358.0,Anthony Davis,32.0,DAL,PF,20.0,20.0,626.0,0.0,0.0,0.0,11.0,89.0,-4.0,2.1,15.0,22.0,28.0,2.0,38.0,4.0,130.0,10.0,14.0,,18.24347826086957,148.24347826086955,0.4220936024394539,0.111,130.0,0.3569786747981797,89.0,0.0879447420630847,0.6161260961704531,0.115866388308977,0.0785498489425981,0.3546230890559975,0.2499066729140533,Big,20.0,31.0885,20.35,11.05,2.8,1.1,1.65,2.05,-2.5,169.0,334.0,10.0,37.0,59.0,81.0,0.5059880239520959,0.2702702702702703,0.7283950617283951,-5.165000000000001,0.1524,0.52915,0.27135,0.15035,0.40915,0.28105,0.48555000000000004,DAL,https://cdn.nba.com/headshots/nba/latest/1040x760/203076.png
203078,Bradley Beal,104,32.13086538461538,13.336538461538462,6.6923076923076925,0.4929326923076923,0.5905584117607081,-2.928846153846154,0.2466346153846153,0.5114248400426101,0.1298611575420004,0.1154801955033446,8.836351838444267,0.2842345316062502,bradley beal,,,,,,,,,,,,,,,,,,Disruptive Defender,Not enough shooting data,Not enough shooting data,High-Impact Balanced Player,"Bradley Beal profiles as a balanced player. Their most common shot comes Not enough shooting data, and they make shots most consistently Not enough shooting data. On defense, they profile as a Disruptive Defender.","Creates defensive pressure with steals, blocks, and activity. This player can force mistakes and break up possessions.",,,,,,,,,,,,,,,,,,,,,,0.0,,,,13.384615384615383,13.384615384615383,0.0346440586510033,0.0,0.0,0.1154801955033446,0.0,0.0074467122158122,0.5449385636663278,0.0,0.0,0.0801055058026718,0.147223876383174,Wing,6.0,20.025000000000002,8.166666666666666,0.8333333333333334,1.6666666666666667,0.5,0.0,1.5,-3.8333333333333335,18.0,48.0,7.0,19.0,6.0,8.0,0.375,0.3684210526315789,0.75,-9.383333333333333,0.018333333333333333,0.514,0.22183333333333333,0.14216666666666666,0.05416666666666667,0.14433333333333334,0.0,LAC,https://cdn.nba.com/headshots/nba/latest/1040x760/203078.png
203081,Damian Lillard,101,35.516138613861386,17.366336633663366,7.514851485148514,0.4293465346534653,0.5971916074473153,3.9455445544554455,0.3447524752475248,0.6467055700687863,0.1988469045667917,0.1296325491738908,10.88647111099437,0.3091315971265637,damian lillard,,,,,,,,,,,,,,,,,,Disruptive Defender,Not enough shooting data,Not enough shooting data,On-Ball Creator,"Damian Lillard profiles as an on-ball creator. They combine scoring volume with creation stats, meaning they likely generate offense for themselves and others. Defensively, they profile as a Disruptive Defender.","Creates defensive pressure with steals, blocks, and activity. This player can force mistakes and break up possessions.",,,,,,,,,,,,,,,,,,,,,,0.0,,,,15.029702970297029,15.029702970297029,0.0388897647521672,0.0,0.0,0.1296325491738908,0.0,0.0084286744446876,0.5457186428945139,0.0,0.0,0.0961928531778144,0.149420415819285,Wing,40.0,,0.0,0.0,0.0,0.0,0.0,0.0,0.0,0.0,0.0,0.0,0.0,0.0,0.0,,,,,,,,,,,,,https://cdn.nba.com/headshots/nba/latest/1040x760/203081.png
203083,Andre Drummond,148,18.82472972972973,5.912162162162162,3.027027027027027,0.4993108108108108,0.5402080177820245,-6.741891891891892,0.1739189189189189,0.4429664350645487,0.0447215301672727,0.4707427956889593,6.174800166718414,0.1372156785566959,andre drummond,Andre Drummond,PHI,C,63.0,1231.0,0.472,8.2,0.516,0.202,0.015,0.0,0.267,0.563,0.397,0.4,,0.356,Rim Protector,at the rim,at the rim,Balanced Player,"Andre Drummond profiles as a balanced player. Their most common shot comes at the rim, and they make shots most consistently at the rim. On defense, they profile as a Rim Protector.",Protects the basket with shot blocking and interior presence. This player is most valuable defensively near the rim.,226.0,Andre Drummond,32.0,PHI,C,63.0,25.0,1231.0,0.0,0.0,0.0,1.0,99.0,-2.4,-3.1,25.0,12.0,70.0,17.0,32.0,2.0,185.0,8.0,21.0,,6.054054054054054,191.0540540540541,-0.3237771612933122,0.267,185.0,0.4707427956889593,99.0,0.1134986206475487,0.4790845120768758,0.2787056367432151,0.1117824773413897,0.4839417150741278,0.2665488410312725,Big,81.0,19.346984126984125,4.9753086419753085,6.567901234567901,0.9876543209876543,0.4691358024691358,0.6049382716049383,0.7530864197530864,-1.0617283950617284,159.0,337.0,32.0,90.0,53.0,84.0,0.47181008902077154,0.35555555555555557,0.6309523809523809,-2.452631578947368,0.10539473684210526,0.5060526315789474,0.14413157894736842,0.07381578947368421,0.4509736842105263,0.13926315789473684,0.4065526315789474,PHI,https://cdn.nba.com/headshots/nba/latest/1040x760/203083.png
203084,Harrison Barnes,208,26.747596153846153,8.283653846153847,3.9711538461538463,0.4585336538461538,0.6004329325385529,1.265865384615385,0.1642788461538461,0.3664298771805324,0.061579889411291,0.1194056492885774,6.388245090438263,0.1830489874809441,harrison barnes,Harrison Barnes,SAS,PF,77.0,1986.0,0.456,17.2,0.158,0.157,0.054,0.009,0.623,0.769,0.467,0.323,0.2,0.388,Disruptive Defender,three-point range,at the rim,Elite 3PT Threat,Harrison Barnes profiles as an elite 3PT threat. They consistently take shots from three-point range and are most efficient at the rim. Their defensive profile is Disruptive Defender.,"Creates defensive pressure with steals, blocks, and activity. This player can force mistakes and break up possessions.",83.0,Harrison Barnes,33.0,SAS,PF,77.0,52.0,1986.0,0.0,0.0,4.0,88.0,8.0,7.2,-1.5,34.0,19.0,52.0,7.0,54.0,10.0,345.0,11.0,21.0,,7.9423076923076925,352.9423076923077,-0.1891783052134267,0.623,345.0,0.1194056492885774,8.0,0.2101306490908908,0.5038148559263362,0.6503131524008351,0.2084592145015106,0.0845676709038406,0.3368556350186008,Wing,77.0,25.58285714285714,9.96103896103896,2.779220779220779,1.922077922077922,0.6493506493506493,0.15584415584415584,0.7922077922077922,4.2727272727272725,263.0,576.0,139.0,358.0,102.0,123.0,0.4565972222222222,0.388268156424581,0.8292682926829268,5.2666666666666675,0.06737254901960785,0.5801960784313726,0.14674509803921568,0.13880392156862745,0.11172549019607844,0.13880392156862745,0.04611764705882353,SAS,https://cdn.nba.com/headshots/nba/latest/1040x760/203084.png
203095,Evan Fournier,30,17.666666666666668,6.833333333333333,2.5,0.3162,0.4075632600990947,-20.123333333333335,0.1066666666666666,0.453693224905115,0.0827942247453253,0.1067910514737946,4.605076230107515,0.1100982437024079,evan fournier,,,,,,,,,,,,,,,,,,Disruptive Defender,Not enough shooting data,Not enough shooting data,Balanced Player,"Evan Fournier profiles as a balanced player. Their most common shot comes Not enough shooting data, and they make shots most consistently Not enough shooting data. On defense, they profile as a Disruptive Defender.","Creates defensive pressure with steals, blocks, and activity. This player can force mistakes and break up possessions.",,,,,,,,,,,,,,,,,,,,,,0.0,,,,5.0,5.0,0.0320373154421383,0.0,0.0,0.1067910514737946,0.0,0.0024418871335482,0.5444596171302278,0.0,0.0,0.0702283304825739,0.1441144921842336,Wing,,,,,,,,,,,,,,,,,,,,,,,,,,,,https://cdn.nba.com/headshots/nba/latest/1040x760/203095.png
203109,Jae Crowder,50,19.8772,4.9,1.92,0.35978,0.4569374097380372,-6.574,0.0964,0.2855107824317148,0.0622519106077499,0.1567001488437137,4.059833794077542,0.099343387421714,jae crowder,,,,,,,,,,,,,,,,,,Disruptive Defender,Not enough shooting data,Not enough shooting data,Balanced Player,"Jae Crowder profiles as a balanced player. Their most common shot comes Not enough shooting data, and they make shots most consistently Not enough shooting data. On defense, they profile as a Disruptive Defender.","Creates defensive pressure with steals, blocks, and activity. This player can force mistakes and break up possessions.",,,,,,,,,,,,,,,,,,,,,,0.0,,,,3.84,3.84,0.0470100446531141,0.0,0.0,0.1567001488437137,0.0,0.001749476470791,0.5472106118454617,0.0,0.0,0.1269612955610754,0.1501985731057894,Wing,,,,,,,,,,,,,,,,,,,,,,,,,,,,https://cdn.nba.com/headshots/nba/latest/1040x760/203109.png
203110,Draymond Green,176,27.93369318181818,7.204545454545454,3.153409090909091,0.4265,0.5350660624676068,1.4647727272727271,0.2002840909090909,0.3795395915450506,0.2008895669782913,0.2316525240779631,6.472231915947466,0.1463790251513952,draymond green,Draymond Green,GSW,PF,68.0,1869.0,0.418,17.5,0.208,0.112,0.039,0.01,0.631,0.725,0.4,0.368,0.2,0.326,Rim Protector,three-point range,at the rim,Balanced Player,"Draymond Green profiles as a balanced player. Their most common shot comes three-point range, and they make shots most consistently at the rim. On defense, they profile as a Rim Protector.",Protects the basket with shot blocking and interior presence. This player is most valuable defensively near the rim.,102.0,Draymond Green,35.0,GSW,PF,68.0,68.0,1869.0,0.0,0.0,6.0,52.0,43.0,-2.7,-4.0,138.0,19.0,97.0,23.0,37.0,16.0,907.0,9.0,16.0,DPOY-11,6.306818181818182,913.306818181818,-0.530504242776611,0.631,907.0,0.2316525240779631,43.0,0.5446154439992384,0.4411017835680754,0.6586638830897704,0.5480362537764351,0.2121616039376864,0.5029409917265919,Wing,72.0,27.284705882352938,7.916666666666667,5.208333333333333,5.222222222222222,0.8472222222222222,0.5833333333333334,2.513888888888889,-1.8611111111111112,205.0,491.0,101.0,310.0,59.0,84.0,0.4175152749490835,0.3258064516129032,0.7023809523809523,-2.281395348837209,0.07988372093023256,0.5389767441860465,0.16504651162790698,0.2953255813953488,0.2509302325581395,0.1519767441860465,0.3023255813953488,GSW,https://cdn.nba.com/headshots/nba/latest/1040x760/203110.png
203114,Khris Middleton,128,23.960703125,9.46875,4.3359375,0.4408203125,0.5468355385318797,-6.1609375,0.188515625,0.5119072829119478,0.155370511540062,0.1646099848933323,7.009633681419535,0.1863593527025475,khris middleton,Khris Middleton,2TM,SF,63.0,1439.0,0.42,16.4,0.081,0.161,0.228,0.185,0.344,0.682,0.333,0.472,0.43,0.36,Disruptive Defender,three-point range,at the rim,Mid-Range Shot Creator,"Khris Middleton profiles as a mid-range shot creator. They regularly look for shots from three-point range, while making shots most consistently at the rim. On the defensive side, they profile as a Disruptive Defender.","Creates defensive pressure with steals, blocks, and activity. This player can force mistakes and break up possessions.",181.0,Khris Middleton,34.0,2TM,SF,63.0,50.0,1439.0,0.0,4.0,27.0,67.0,2.0,-10.9,-2.0,67.0,27.0,80.0,9.0,54.0,8.0,420.0,11.0,25.0,,8.671875,428.671875,-0.2506170045320003,0.344,420.0,0.1646099848933323,2.0,0.2553340627890278,0.4925264972874622,0.3590814196242171,0.2537764350453172,0.1359526112936286,0.3181003670150038,Wing,69.0,22.645238095238096,9.27536231884058,3.347826086956522,2.550724637681159,0.5942028985507246,0.13043478260869565,1.565217391304348,-4.884057971014493,227.0,540.0,67.0,186.0,119.0,136.0,0.4203703703703704,0.3602150537634409,0.875,-9.705882352941176,0.07108823529411765,0.5228235294117647,0.1879705882352941,0.24441176470588236,0.16994117647058826,0.1783235294117647,0.08976470588235294,WAS,https://cdn.nba.com/headshots/nba/latest/1040x760/203114.png
203200,Justin Holiday,39,14.076923076923077,3.358974358974359,1.435897435897436,0.3584102564102564,0.466638414432532,-3.1769230769230776,0.0664102564102564,0.2731457687241643,0.0605300250642326,0.0707222946536838,3.4449247294638736,0.0807472288607338,justin holiday,,,,,,,,,,,,,,,,,,Disruptive Defender,Not enough shooting data,Not enough shooting data,Balanced Player,"Justin Holiday profiles as a balanced player. Their most common shot comes Not enough shooting data, and they make shots most consistently Not enough shooting data. On defense, they profile as a Disruptive Defender.","Creates defensive pressure with steals, blocks, and activity. This player can force mistakes and break up possessions.",,,,,,,,,,,,,,,,,,,,,,0.0,,,,2.871794871794872,2.871794871794872,0.0212166883961051,0.0,0.0,0.0707222946536838,0.0,0.0011715492686311,0.5424715034470302,0.0,0.0,0.0292280393746518,0.1390092995066752,Wing,,,,,,,,,,,,,,,,,,,,,,,,,,,,https://cdn.nba.com/headshots/nba/latest/1040x760/203200.png
203458,Alex Len,84,8.576666666666668,1.5833333333333333,0.8928571428571429,0.3939404761904762,0.4029596730424208,-16.102380952380955,0.0561904761904761,0.2749236291965575,0.1095676651520043,0.255464017683863,2.91408342037752,0.0561070641533267,alex len,,,,,,,,,,,,,,,,,,Rim Protector,Not enough shooting data,Not enough shooting data,Balanced Player,"Alex Len profiles as a balanced player. Their most common shot comes Not enough shooting data, and they make shots most consistently Not enough shooting data. On defense, they profile as a Rim Protector.",Protects the basket with shot blocking and interior presence. This player is most valuable defensively near the rim.,,,,,,,,,,,,,,,,,,,,,,0.0,,,,1.7857142857142858,1.7857142857142858,0.0766392053051589,0.0,0.0,0.255464017683863,0.0,0.0005232615286174,0.5526544867210481,0.0,0.0,0.2392287461301775,0.1622958009047267,Wing,,,,,,,,,,,,,,,,,,,,,,,,,,,,https://cdn.nba.com/headshots/nba/latest/1040x760/203458.png
203468,CJ McCollum,178,31.08365168539326,16.292134831460675,7.365168539325842,0.4405168539325843,0.5534787816372619,-1.0286516853932586,0.2714606741573033,0.6191694193843781,0.1317715755906819,0.1213416784226605,9.548494284804136,0.3032283799546818,cj mccollum,CJ McCollum,2TM,PG,76.0,2264.0,0.455,16.4,0.135,0.185,0.146,0.092,0.442,0.641,0.479,0.515,0.425,0.375,Disruptive Defender,three-point range,at the rim,Perimeter Shooter,"CJ McCollum is a perimeter shooter. Their shot profile is built around three-point range, with their best efficiency coming at the rim. Defensively, they profile as a Disruptive Defender.","Creates defensive pressure with steals, blocks, and activity. This player can force mistakes and break up possessions.",44.0,CJ McCollum,34.0,2TM,PG,76.0,60.0,2264.0,77.0,23.0,0.0,0.0,0.0,0.7,7.0,76.0,40.0,65.0,11.0,107.0,0.0,733.0,28.0,45.0,,14.730337078651685,747.7303370786517,1.086402503526798,0.442,733.0,0.1213416784226605,0.0,0.4457818913978104,0.7381820186695025,0.4613778705636743,0.4429003021148036,0.0867684054200511,0.4850318125645364,Guard,76.0,29.590394736842104,18.736842105263158,3.3157894736842106,3.8552631578947367,0.8421052631578947,0.4605263157894737,1.7763157894736843,1.2105263157894737,525.0,1154.0,191.0,510.0,183.0,237.0,0.45493934142114384,0.37450980392156863,0.7721518987341772,-6.1937500000000005,0.096125,0.5486458333333334,0.24466666666666667,0.22347916666666667,0.12229166666666667,0.14956250000000001,0.09958333333333334,ATL,https://cdn.nba.com/headshots/nba/latest/1040x760/203468.png
203469,Cody Zeller,20,4.5,1.15,0.65,0.325,0.4014092296747484,-2.499999999999999,0.0455,0.3765714285714285,0.1497023809523809,0.565297619047619,2.8673705461671024,0.0394147693916826,cody zeller,,,,,,,,,,,,,,,,,,Rim Protector,Not enough shooting data,Not enough shooting data,Balanced Player,"Cody Zeller profiles as a balanced player. Their most common shot comes Not enough shooting data, and they make shots most consistently Not enough shooting data. On defense, they profile as a Rim Protector.",Protects the basket with shot blocking and interior presence. This player is most valuable defensively near the rim.,,,,,,,,,,,,,,,,,,,,,,0.0,,,,1.3,1.3,0.1695892857142857,0.0,0.0,0.565297619047619,0.0,0.0002333358816501,0.5697325475330094,0.0,0.0,0.5914246345076478,0.2016689346866772,Wing,,,,,,,,,,,,,,,,,,,,,,,,,,,,https://cdn.nba.com/headshots/nba/latest/1040x760/203469.png
203471,Dennis Schroder,193,26.95544041450777,10.352331606217616,4.27979274611399,0.3998756476683938,0.517071509324005,-4.014507772020726,0.1951813471502591,0.4956390846937632,0.1945838321303288,0.1034585502842687,6.9681403657533245,0.1840452984195098,dennis schroder,Dennis SchrÃ¶der,2TM,PG,70.0,1697.0,0.405,14.1,0.151,0.245,0.159,0.083,0.362,0.579,0.416,0.4,0.404,0.329,Disruptive Defender,three-point range,at the rim,On-Ball Creator,"Dennis Schroder profiles as an on-ball creator. They combine scoring volume with creation stats, meaning they likely generate offense for themselves and others. Defensively, they profile as a Disruptive Defender.","Creates defensive pressure with steals, blocks, and activity. This player can force mistakes and break up possessions.",134.0,Dennis SchrÃ¶der,32.0,2TM,PG,70.0,17.0,1697.0,100.0,0.0,0.0,0.0,0.0,-6.3,-1.9,77.0,32.0,46.0,5.0,88.0,20.0,805.0,20.0,45.0,,8.55958549222798,813.5595854922279,-0.2539624349147193,0.362,805.0,0.1034585502842687,0.0,0.485075747883031,0.49191182903471,0.3778705636743215,0.486404833836858,0.066440189971674,0.4289733433438913,Guard,74.0,24.037,10.216216216216216,2.554054054054054,4.608108108108108,0.7432432432432432,0.14864864864864866,1.6756756756756757,-3.175675675675676,255.0,629.0,75.0,228.0,171.0,205.0,0.40540540540540543,0.32894736842105265,0.8341463414634146,-10.336585365853658,0.10017073170731708,0.49497560975609756,0.22517073170731705,0.39504878048780484,0.13485365853658537,0.2021219512195122,0.06526829268292682,CLE,https://cdn.nba.com/headshots/nba/latest/1040x760/203471.png
203482,Kelly Olynyk,133,17.204135338345864,5.2180451127819545,2.744360902255639,0.4724661654135338,0.5888502758871808,-8.530827067669172,0.1406766917293233,0.4175810175638764,0.1585774312030554,0.2207556755431399,5.6723895545186185,0.1291406289175083,kelly olynyk,,,,,,,,,,,,,,,,,,Rim Protector,Not enough shooting data,Not enough shooting data,Efficient Role Finisher,"Kelly Olynyk profiles as a balanced player. Their most common shot comes Not enough shooting data, and they make shots most consistently Not enough shooting data. On defense, they profile as a Rim Protector.",Protects the basket with shot blocking and interior presence. This player is most valuable defensively near the rim.,,,,,,,,,,,,,,,,,,,,,,0.0,,,,5.488721804511278,5.488721804511278,0.0662267026629419,0.0,0.0,0.2207556755431399,0.0,0.0027336079857599,0.5507413592385783,0.0,0.0,0.1997748736626475,0.1587562703702133,Wing,75.0,8.393571428571429,1.7733333333333334,1.0133333333333334,0.6533333333333333,0.2,0.04,0.32,-0.5066666666666667,47.0,96.0,12.0,47.0,27.0,38.0,0.4895833333333333,0.2553191489361702,0.7105263157894737,-1.703571428571428,0.06985714285714285,0.48360714285714285,0.12932142857142856,0.20182142857142857,0.1697142857142857,0.22439285714285714,0.017857142857142856,SAS,https://cdn.nba.com/headshots/nba/latest/1040x760/203482.png
203484,Kentavious Caldwell-Pope,171,27.24327485380117,7.228070175438597,3.134502923976608,0.4206232247284879,0.5459053046851139,1.4771929824561405,0.1399415204678362,0.3367910824095004,0.0863758145127209,0.0924011905487579,5.507496909283699,0.1488309729970862,kentavious caldwellpope,Kentavious Caldwell-Pope,MEM,SG,51.0,1088.0,0.41,17.5,0.101,0.161,0.09,0.172,0.475,0.649,0.475,0.455,0.444,0.316,Disruptive Defender,three-point range,at the rim,Mid-Range Shot Creator,"Kentavious Caldwell-Pope profiles as a mid-range shot creator. They regularly look for shots from three-point range, while making shots most consistently at the rim. On the defensive side, they profile as a Disruptive Defender.","Creates defensive pressure with steals, blocks, and activity. This player can force mistakes and break up possessions.",263.0,Kentavious Caldwell-Pope,32.0,MEM,SG,51.0,14.0,1088.0,3.0,76.0,19.0,2.0,0.0,-4.5,1.9,31.0,22.0,32.0,3.0,34.0,13.0,329.0,2.0,12.0,,6.269005847953216,335.2690058479532,0.3127203571646273,0.475,329.0,0.0924011905487579,0.0,0.1995813537088577,0.5960305467552895,0.4958246346555323,0.1987915407854985,0.0538710024529019,0.3284801276945354,Guard,53.0,21.132549019607843,8.075471698113208,2.358490566037736,2.6226415094339623,0.8113207547169812,0.1509433962264151,1.150943396226415,-2.150943396226415,150.0,366.0,55.0,174.0,73.0,80.0,0.4098360655737705,0.3160919540229885,0.9125,-4.4125000000000005,0.08518750000000001,0.5314375,0.17133333333333334,0.22991666666666666,0.13325,0.20497916666666668,0.07464583333333334,MEM,https://cdn.nba.com/headshots/nba/latest/1040x760/203484.png
203486,Mason Plumlee,134,14.95910447761194,2.611940298507463,1.5746268656716418,0.5042985074626866,0.5609853442420548,-2.9417910447761195,0.1122388059701492,0.2776727730650458,0.1053721983107739,0.3764351616825294,4.47300307139357,0.0895883423255275,mason plumlee,,,,,,,,,,,,,,,,,,Rim Protector,Not enough shooting data,Not enough shooting data,Balanced Player,"Mason Plumlee profiles as a balanced player. Their most common shot comes Not enough shooting data, and they make shots most consistently Not enough shooting data. On defense, they profile as a Rim Protector.",Protects the basket with shot blocking and interior presence. This player is most valuable defensively near the rim.,,,,,,,,,,,,,,,,,,,,,,0.0,,,,3.1492537313432836,3.1492537313432836,0.1129305485047588,0.0,0.0,0.3764351616825294,0.0,0.0013371660555516,0.559322428947483,0.0,0.0,0.3767397821866856,0.17803945187776,Wing,47.0,8.3445,0.6595744680851063,1.127659574468085,0.425531914893617,0.2127659574468085,0.0,0.2553191489361702,-0.1702127659574468,11.0,14.0,0.0,0.0,9.0,14.0,0.7857142857142857,,0.6428571428571429,1.9214285714285706,0.13892857142857143,0.38957142857142857,0.07664285714285714,0.20935714285714285,0.3162857142857143,0.17857142857142858,0.0,CHA,https://cdn.nba.com/headshots/nba/latest/1040x760/203486.png
203488,Mike Muscala,34,9.264705882352942,2.5588235294117645,0.8823529411764706,0.3175882352941176,0.3838614200922458,-3.0264705882352945,0.0494117647058823,0.3342469933949172,0.0400181349792076,0.1836221083798938,2.870078247066572,0.0510545583547926,mike muscala,,,,,,,,,,,,,,,,,,Disruptive Defender,Not enough shooting data,Not enough shooting data,Balanced Player,"Mike Muscala profiles as a balanced player. Their most common shot comes Not enough shooting data, and they make shots most consistently Not enough shooting data. On defense, they profile as a Disruptive Defender.","Creates defensive pressure with steals, blocks, and activity. This player can force mistakes and break up possessions.",,,,,,,,,,,,,,,,,,,,,,0.0,,,,1.7647058823529411,1.7647058823529411,0.0550866325139681,0.0,0.0,0.1836221083798938,0.0,0.0005107214919839,0.5486945530968699,0.0,0.0,0.1575641850281067,0.1531343453738217,Wing,,,,,,,,,,,,,,,,,,,,,,,,,,,,https://cdn.nba.com/headshots/nba/latest/1040x760/203488.png
203493,Reggie Bullock,32,9.40625,1.9375,0.84375,0.32859375,0.4684895833333333,-5.437499999999999,0.0478125,0.2430733593097723,0.0336999654934437,0.2073453871008218,2.9041154686195445,0.0586196014219818,reggie bullock,,,,,,,,,,,,,,,,,,Rim Protector,Not enough shooting data,Not enough shooting data,Balanced Player,"Reggie Bullock profiles as a balanced player. Their most common shot comes Not enough shooting data, and they make shots most consistently Not enough shooting data. On defense, they profile as a Rim Protector.",Protects the basket with shot blocking and interior presence. This player is most valuable defensively near the rim.,,,,,,,,,,,,,,,,,,,,,,0.0,,,,1.6875,1.6875,0.0622036161302465,0.0,0.0,0.2073453871008218,0.0,0.0004646368573557,0.5500021827241015,0.0,0.0,0.1845310510735174,0.1561395055313194,Wing,,,,,,,,,,,,,,,,,,,,,,,,,,,,https://cdn.nba.com/headshots/nba/latest/1040x760/203493.png
203497,Rudy Gobert,193,32.65165803108808,7.103626943005182,4.813471502590674,0.6791917098445596,0.6743696996768499,5.644041450777202,0.2664766839378238,0.3171979999364959,0.0510022213759145,0.3583162200161902,8.339370383877634,0.2234251092438795,rudy gobert,Rudy Gobert,MIN,C,76.0,2380.0,0.682,2.3,0.78,0.193,0.012,0.004,0.01,0.773,0.379,0.5,0.0,0.0,Rim Protector,at the rim,at the rim,Rim-Dominant Big,"Rudy Gobert profiles as a rim-dominant big. They take a large share of their shots at the rim, finish best at the rim, and their defensive profile as a Rim Protector suggests they impact the game around the basket.",Protects the basket with shot blocking and interior presence. This player is most valuable defensively near the rim.,27.0,Rudy Gobert,33.0,MIN,C,76.0,76.0,2380.0,0.0,0.0,0.0,0.0,100.0,5.1,3.9,37.0,40.0,98.0,19.0,136.0,5.0,326.0,26.0,39.0,"DPOY-4,DEF1",9.626943005181348,335.6269430051814,0.692494866004857,0.01,326.0,0.3583162200161902,100.0,0.199795008453911,0.6658079168044423,0.0104384133611691,0.1969788519637462,0.3561435113866573,0.3032479809218907,Big,79.0,31.127236842105265,10.49367088607595,11.037974683544304,1.620253164556962,0.7341772151898734,1.5696202531645569,1.3417721518987342,2.949367088607595,335.0,491.0,0.0,5.0,159.0,302.0,0.6822810590631364,0.0,0.5264900662251656,6.041176470588236,0.11733333333333333,0.6643137254901962,0.12237254901960784,0.09952941176470588,0.3735294117647059,0.129,0.39050980392156864,MIN,https://cdn.nba.com/headshots/nba/latest/1040x760/203497.png
203500,Steven Adams,90,16.74077777777778,3.4,1.788888888888889,0.4958888888888889,0.5125588007540446,11.11111111111111,0.1257777777777778,0.3171037926910605,0.0765387166875458,0.3964974689335798,4.684661765422033,0.0939495924360308,steven adams,Steven Adams,HOU,C,32.0,730.0,0.504,2.6,0.655,0.309,0.036,0.0,0.0,0.582,0.349,0.4,,,Rim Protector,at the rim,at the rim,Interior Paint Scorer,"Steven Adams is mostly an interior paint scorer. Their shot diet leans toward at the rim, and they are most reliable at the rim. On defense, they profile as a Rim Protector.",Protects the basket with shot blocking and interior presence. This player is most valuable defensively near the rim.,337.0,Steven Adams,32.0,HOU,C,32.0,11.0,730.0,0.0,0.0,0.0,0.0,100.0,11.3,7.4,14.0,8.0,22.0,9.0,30.0,1.0,107.0,3.0,9.0,,3.577777777777778,110.57777777777778,1.2289492406800742,0.0,107.0,0.3964974689335798,100.0,0.0654618691021247,0.7643726559980017,0.0,0.0646525679758308,0.3995451270365809,0.2636976811415915,Big,37.0,22.644375,5.054054054054054,7.45945945945946,1.2972972972972974,0.5945945945945946,0.5405405405405406,0.9459459459459459,5.243243243243243,70.0,139.0,0.0,0.0,47.0,81.0,0.5035971223021583,,0.5802469135802469,14.325,0.10434375,0.5613125,0.1180625,0.1318125,0.34634375,0.15031250000000002,0.23121875,HOU,https://cdn.nba.com/headshots/nba/latest/1040x760/203500.png
203501,Tim Hardaway Jr.,206,26.55868932038835,9.66019417475728,4.043689320388349,0.4020631067961165,0.5538693244740609,0.8611650485436894,0.1636407766990291,0.4247916537194374,0.059959704808743,0.0987373406580842,6.381094193482416,0.1804398297432762,tim hardaway jr,Tim Hardaway Jr.,DEN,SG,80.0,2127.0,0.447,20.8,0.074,0.089,0.067,0.064,0.706,0.672,0.435,0.538,0.54,0.407,Disruptive Defender,three-point range,short paint / floater range,Elite 3PT Threat,Tim Hardaway Jr. profiles as an elite 3PT threat. They consistently take shots from three-point range and are most efficient short paint / floater range. Their defensive profile is Disruptive Defender.,"Creates defensive pressure with steals, blocks, and activity. This player can force mistakes and break up possessions.",61.0,Tim Hardaway Jr.,33.0,DEN,SG,80.0,6.0,2127.0,4.0,54.0,40.0,2.0,0.0,4.0,-2.4,20.0,14.0,47.0,8.0,80.0,19.0,253.0,14.0,18.0,6MOY-3,8.087378640776699,261.0873786407767,-0.3303787978025747,0.706,253.0,0.0987373406580842,0.0,0.1553019143477092,0.4778715690727665,0.7369519832985386,0.1528700906344411,0.0610734685728605,0.3135258114227862,Guard,80.0,26.389999999999997,13.4875,2.575,1.35,0.525,0.125,0.5375,2.5,348.0,779.0,224.0,550.0,159.0,196.0,0.4467265725288832,0.4072727272727273,0.8112244897959183,3.6392156862745098,0.08443137254901961,0.611313725490196,0.1787843137254902,0.09468627450980392,0.11127450980392156,0.13156862745098039,0.05415686274509804,DEN,https://cdn.nba.com/headshots/nba/latest/1040x760/203501.png
203507,Giannis Antetokounmpo,145,32.91937931034483,18.620689655172413,11.358620689655172,0.6121103448275862,0.6467121412914937,6.026896551724138,0.4619999999999999,0.8019601306162183,0.1945667293808883,0.348376143572031,14.449573926486227,0.4576736721176516,giannis antetokounmpo,Giannis Antetokounmpo,MIL,PF,36.0,1039.0,0.624,6.1,0.61,0.161,0.064,0.09,0.075,0.8,0.427,0.289,0.259,0.333,Rim Protector,at the rim,at the rim,Rim-Dominant Big,"Giannis Antetokounmpo profiles as a rim-dominant big. They take a large share of their shots at the rim, finish best at the rim, and their defensive profile as a Rim Protector suggests they impact the game around the basket.",Protects the basket with shot blocking and interior presence. This player is most valuable defensively near the rim.,270.0,Giannis Antetokounmpo,31.0,MIL,PF,36.0,36.0,1039.0,0.0,0.0,9.0,62.0,29.0,4.1,14.4,32.0,40.0,28.0,27.0,176.0,0.0,527.0,42.0,35.0,AS,22.717241379310344,549.7172413793104,2.2645128430716093,0.075,527.0,0.348376143572031,29.0,0.3275867372359178,0.9546405729105268,0.0782881002087682,0.318429003021148,0.344844368755318,0.4477653903309606,Wing,37.0,27.91189189189189,26.83783783783784,9.513513513513514,5.297297297297297,0.918918918918919,0.6486486486486487,3.108108108108108,2.5945945945945947,373.0,598.0,15.0,45.0,232.0,357.0,0.6237458193979933,0.3333333333333333,0.6498599439775911,3.42,0.2266,0.6996666666666667,0.34776666666666667,0.3406,0.3927,0.2045,0.26053333333333334,MIL,https://cdn.nba.com/headshots/nba/latest/1040x760/203507.png
203552,Seth Curry,95,14.990210526315789,5.010526315789473,2.347368421052632,0.3675052631578948,0.4785397850329606,-8.03578947368421,0.0889473684210526,0.3690671581815639,0.0550895681449569,0.0974512708604093,4.32954314514622,0.1120709741240208,seth curry,,,,,,,,,,,,,,,,,,Disruptive Defender,Not enough shooting data,Not enough shooting data,Balanced Player,"Seth Curry profiles as a balanced player. Their most common shot comes Not enough shooting data, and they make shots most consistently Not enough shooting data. On defense, they profile as a Disruptive Defender.","Creates defensive pressure with steals, blocks, and activity. This player can force mistakes and break up possessions.",,,,,,,,,,,,,,,,,,,,,,0.0,,,,4.6947368421052635,4.6947368421052635,0.0292353812581228,0.0,0.0,0.0974512708604093,0.0,0.0022596738012437,0.5439448074369483,0.0,0.0,0.0596115596872075,0.1428512273484553,Wing,17.0,13.180000000000001,4.176470588235294,0.7058823529411765,0.5882352941176471,0.17647058823529413,0.0,0.11764705882352941,0.058823529411764705,24.0,49.0,12.0,25.0,11.0,12.0,0.4897959183673469,0.48,0.9166666666666666,7.949999999999999,0.085,0.5,0.101,0.1335,0.15,0.4165,0.0,GSW,https://cdn.nba.com/headshots/nba/latest/1040x760/203552.png
203648,Thanasis Antetokounmpo,55,4.148545454545455,0.9636363636363636,0.4909090909090909,0.2866727272727272,0.3286364329511057,-8.096363636363636,0.0256363636363636,0.3551086888019902,0.0705729281774486,0.1769803231729819,2.252490312820934,0.0316557727647479,thanasis antetokounmpo,,,,,,,,,,,,,,,,,,Disruptive Defender,Not enough shooting data,Not enough shooting data,Balanced Player,"Thanasis Antetokounmpo profiles as a balanced player. Their most common shot comes Not enough shooting data, and they make shots most consistently Not enough shooting data. On defense, they profile as a Disruptive Defender.","Creates defensive pressure with steals, blocks, and activity. This player can force mistakes and break up possessions.",,,,,,,,,,,,,,,,,,,,,,0.0,,,,0.9818181818181818,0.9818181818181818,0.0530940969518945,0.0,0.0,0.1769803231729819,0.0,4.34113268186363e-05,0.5483284571951847,0.0,0.0,0.1500142955678788,0.1521009083863115,Wing,77.0,4.152058823529412,0.6103896103896104,0.38961038961038963,0.19480519480519481,0.16883116883116883,0.07792207792207792,0.12987012987012986,0.06493506493506493,15.0,32.0,0.0,4.0,17.0,30.0,0.46875,0.0,0.5666666666666667,2.823529411764706,0.21488235294117644,0.4195294117647059,0.17223529411764704,0.01958823529411765,0.2827058823529412,0.19605882352941179,0.09805882352941177,MIL,https://cdn.nba.com/headshots/nba/latest/1040x760/203648.png
203897,Zach LaVine,120,33.62558333333333,15.4,7.708333333333333,0.4877,0.6204800806140391,-5.194166666666666,0.2749166666666667,0.5755291452860293,0.1069810855548587,0.112777322184325,9.834165199080845,0.3225944091565688,zach lavine,Zach LaVine,SAC,SG,39.0,1224.0,0.479,16.7,0.157,0.185,0.062,0.132,0.464,0.767,0.525,0.5,0.375,0.39,Disruptive Defender,three-point range,at the rim,Perimeter Shooter,"Zach LaVine is a perimeter shooter. Their shot profile is built around three-point range, with their best efficiency coming at the rim. Defensively, they profile as a Disruptive Defender.","Creates defensive pressure with steals, blocks, and activity. This player can force mistakes and break up possessions.",228.0,Zach LaVine,30.0,SAC,SG,39.0,37.0,1224.0,33.0,37.0,25.0,5.0,0.0,-12.7,-3.6,31.0,29.0,47.0,2.0,68.0,0.0,211.0,10.0,25.0,,15.416666666666666,226.41666666666663,-0.5061668033447025,0.464,211.0,0.112777322184325,0.0,0.1346067672302444,0.4455733910029059,0.4843423799582464,0.1274924471299093,0.0770330796178622,0.2583399643113383,Guard,40.0,31.183846153846154,18.7,2.7,2.225,0.7,0.25,1.85,-7.75,262.0,547.0,99.0,254.0,125.0,142.0,0.4789762340036563,0.38976377952755903,0.8802816901408451,-13.394871794871793,0.09328205128205128,0.596948717948718,0.23174358974358975,0.14625641025641026,0.1053846153846154,0.16423076923076924,0.06794871794871794,SAC,https://cdn.nba.com/headshots/nba/latest/1040x760/203897.png
203901,Elfrid Payton,22,21.087727272727275,5.318181818181818,1.818181818181818,0.275090909090909,0.2929732814177354,-13.904545454545456,0.1327272727272727,0.3722917855192426,0.3108502988146123,0.1450386191950635,4.250776142564419,0.083412088671216,elfrid payton,,,,,,,,,,,,,,,,,,Disruptive Defender,Not enough shooting data,Not enough shooting data,Balanced Player,"Elfrid Payton profiles as a balanced player. Their most common shot comes Not enough shooting data, and they make shots most consistently Not enough shooting data. On defense, they profile as a Disruptive Defender.","Creates defensive pressure with steals, blocks, and activity. This player can force mistakes and break up possessions.",,,,,,,,,,,,,,,,,,,,,,0.0,,,,3.636363636363636,3.636363636363636,0.043511585758519,0.0,0.0,0.1450386191950635,0.0,0.0016279247556988,0.5465678271002838,0.0,0.0,0.1137053324364541,0.1486636599209959,Wing,,,,,,,,,,,,,,,,,,,,,,,,,,,,https://cdn.nba.com/headshots/nba/latest/1040x760/203901.png
203903,Jordan Clarkson,140,22.685714285714287,10.542857142857144,4.507142857142857,0.4079928571428571,0.5099120031426596,-1.717142857142857,0.1701428571428571,0.5823521234291439,0.1147834431628029,0.1096098991558093,6.824083113429124,0.1873363879687344,jordan clarkson,Jordan Clarkson,NYK,SG,72.0,1279.0,0.451,14.0,0.183,0.27,0.114,0.027,0.407,0.635,0.549,0.383,0.357,0.327,Disruptive Defender,three-point range,at the rim,Volume Shot Creator,"Jordan Clarkson profiles as a balanced player. Their most common shot comes three-point range, and they make shots most consistently at the rim. On defense, they profile as a Disruptive Defender.","Creates defensive pressure with steals, blocks, and activity. This player can force mistakes and break up possessions.",219.0,Jordan Clarkson,33.0,NYK,SG,72.0,1.0,1279.0,1.0,65.0,34.0,0.0,0.0,4.6,-3.2,25.0,19.0,53.0,9.0,46.0,14.0,239.0,11.0,26.0,,9.014285714285714,248.0142857142857,-0.4471170302532571,0.407,239.0,0.1096098991558093,0.0,0.1474985100912276,0.4564228234224307,0.4248434237995824,0.1444108761329305,0.0734325877329112,0.2586159698486203,Guard,82.0,17.584444444444443,7.585365853658536,1.548780487804878,1.170731707317073,0.36585365853658536,0.10975609756097561,0.7682926829268293,1.3414634146341464,237.0,526.0,70.0,214.0,78.0,94.0,0.4505703422053232,0.32710280373831774,0.8297872340425532,0.5437500000000001,0.04045833333333333,0.5179375,0.21358333333333335,0.1325625,0.09583333333333333,0.15760416666666668,0.05277083333333333,NYK,https://cdn.nba.com/headshots/nba/latest/1040x760/203903.png
203914,Gary Harris,124,16.520940860215056,3.120967741935484,1.346774193548387,0.3779354838709677,0.5116746967703127,-3.233870967741936,0.0656451612903225,0.2246391439330516,0.0643357774544029,0.0863543621241159,3.440350765273815,0.0819714598059749,gary harris,Gary Harris,MIL,SG,48.0,661.0,0.442,18.4,0.106,0.144,0.067,0.029,0.654,0.818,0.333,0.571,0.0,0.412,Disruptive Defender,three-point range,at the rim,Elite 3PT Threat,Gary Harris profiles as an elite 3PT threat. They consistently take shots from three-point range and are most efficient at the rim. Their defensive profile is Disruptive Defender.,"Creates defensive pressure with steals, blocks, and activity. This player can force mistakes and break up possessions.",352.0,Gary Harris,31.0,MIL,SG,48.0,2.0,661.0,8.0,63.0,29.0,0.0,0.0,-10.9,-5.3,10.0,4.0,35.0,3.0,6.0,0.0,125.0,3.0,4.0,,2.693548387096774,127.69354838709675,-0.7690936913627652,0.654,125.0,0.0863543621241159,0.0,0.0756783708876416,0.3972648649326984,0.6826722338204594,0.0755287009063444,0.0469974157937758,0.2442410113313121,Guard,68.0,13.559583333333334,1.8823529411764706,0.8970588235294118,0.75,0.39705882352941174,0.1323529411764706,0.27941176470588236,-1.9411764705882353,46.0,104.0,28.0,68.0,8.0,9.0,0.4423076923076923,0.4117647058823529,0.8888888888888888,-11.258333333333333,0.04763888888888889,0.5854444444444444,0.07502777777777778,0.15716666666666668,0.12980555555555556,0.2368888888888889,0.06480555555555556,MIL,https://cdn.nba.com/headshots/nba/latest/1040x760/203914.png
203915,Spencer Dinwiddie,124,26.315241935483872,7.693548387096774,3.153225806451613,0.3902983870967741,0.5320632186396915,-3.504032258064516,0.1610483870967742,0.3625182608241052,0.1462805508157335,0.0873648389034728,5.840581016276962,0.1473857430016367,spencer dinwiddie,,,,,,,,,,,,,,,,,,Disruptive Defender,Not enough shooting data,Not enough shooting data,Balanced Player,"Spencer Dinwiddie profiles as a balanced player. Their most common shot comes Not enough shooting data, and they make shots most consistently Not enough shooting data. On defense, they profile as a Disruptive Defender.","Creates defensive pressure with steals, blocks, and activity. This player can force mistakes and break up possessions.",,,,,,,,,,,,,,,,,,,,,,0.0,,,,6.306451612903226,6.306451612903226,0.0262094516710418,0.0,0.0,0.0873648389034728,0.0,0.0032217156052298,0.5433888422427987,0.0,0.0,0.0481460509496271,0.1419505018977543,Wing,,,,,,,,,,,,,,,,,,,,,,,,,,,,https://cdn.nba.com/headshots/nba/latest/1040x760/203915.png
203924,Jerami Grant,131,31.009312977099235,13.0381679389313,5.526717557251908,0.4185954198473282,0.5566074279682437,-5.008396946564885,0.2276335877862595,0.5478086678678814,0.0746875108000892,0.107637310445957,8.114294581472555,0.2329777280521377,jerami grant,Jerami Grant,POR,PF,57.0,1695.0,0.453,14.7,0.234,0.2,0.06,0.026,0.479,0.684,0.418,0.227,0.368,0.389,Disruptive Defender,three-point range,at the rim,Perimeter Shooter,"Jerami Grant is a perimeter shooter. Their shot profile is built around three-point range, with their best efficiency coming at the rim. Defensively, they profile as a Disruptive Defender.","Creates defensive pressure with steals, blocks, and activity. This player can force mistakes and break up possessions.",136.0,Jerami Grant,31.0,POR,PF,57.0,38.0,1695.0,0.0,0.0,58.0,39.0,3.0,-0.1,0.5,51.0,45.0,68.0,14.0,139.0,10.0,312.0,31.0,55.0,,11.053435114503817,323.0534351145038,0.1072911931337871,0.479,312.0,0.107637310445957,3.0,0.192289809374801,0.5582862894030973,0.5,0.1885196374622356,0.0711902949989667,0.317458489346815,Wing,78.0,29.54140350877193,13.58974358974359,2.5384615384615383,1.564102564102564,0.5384615384615384,0.46153846153846156,1.5256410256410255,-0.07692307692307693,331.0,730.0,136.0,350.0,262.0,322.0,0.4534246575342466,0.38857142857142857,0.8136645962732919,-2.4444444444444446,0.09677777777777778,0.587388888888889,0.23852777777777778,0.1686388888888889,0.13322222222222224,0.12908333333333333,0.1983888888888889,POR,https://cdn.nba.com/headshots/nba/latest/1040x760/203924.png
203926,Doug McDermott,105,11.182095238095236,3.8285714285714287,1.5809523809523809,0.3096,0.4477151830935396,-10.322857142857144,0.0589523809523809,0.3830385262161551,0.0397288454391345,0.0838578348137686,3.5468416493319768,0.0787124396703793,doug mcdermott,,,,,,,,,,,,,,,,,,Disruptive Defender,Not enough shooting data,Not enough shooting data,Balanced Player,"Doug McDermott profiles as a balanced player. Their most common shot comes Not enough shooting data, and they make shots most consistently Not enough shooting data. On defense, they profile as a Disruptive Defender.","Creates defensive pressure with steals, blocks, and activity. This player can force mistakes and break up possessions.",,,,,,,,,,,,,,,,,,,,,,0.0,,,,3.1619047619047618,3.1619047619047618,0.0251573504441305,0.0,0.0,0.0838578348137686,0.0,0.0013447175283582,0.5431955358071889,0.0,0.0,0.0441595484673909,0.1407527258098796,Wing,82.0,14.935172413793104,2.0,0.45121951219512196,0.2682926829268293,0.07317073170731707,0.04878048780487805,0.15853658536585366,-1.2439024390243902,54.0,139.0,48.0,123.0,8.0,9.0,0.38848920863309355,0.3902439024390244,0.8888888888888888,-4.2125,-0.006000000000000002,0.584375,0.15125,0.033375,0.043125,0.0,0.125,SAC,https://cdn.nba.com/headshots/nba/latest/1040x760/203926.png
203932,Aaron Gordon,132,28.895530303030306,9.969696969696969,5.340909090909091,0.5324545454545455,0.6297637647901861,11.483333333333333,0.2326515151515151,0.4573884719186399,0.1131241969598215,0.1935433488273927,8.163159147298748,0.2340586918324545,aaron gordon,Aaron Gordon,DEN,PF,36.0,1005.0,0.497,13.7,0.294,0.148,0.093,0.07,0.394,0.769,0.356,0.378,0.429,0.389,Rim Protector,three-point range,at the rim,Three-Level Scorer,"Aaron Gordon profiles as a three-level scorer. They have a balanced shot diet that includes rim attempts, mid-range looks, and threes. Their most common shot comes three-point range, while their most reliable area is at the rim. Defensively, they profile as a Rim Protector.",Protects the basket with shot blocking and interior presence. This player is most valuable defensively near the rim.,278.0,Aaron Gordon,30.0,DEN,PF,36.0,33.0,1005.0,0.0,0.0,0.0,79.0,21.0,12.8,10.2,22.0,9.0,36.0,3.0,75.0,1.0,230.0,17.0,14.0,,10.681818181818182,240.6818181818182,1.5880630046482176,0.394,230.0,0.1935433488273927,21.0,0.1431217181051915,0.8303539512531056,0.4112734864300627,0.1389728096676737,0.1688419162936418,0.3573096706159939,Wing,40.0,27.705,14.55,5.225,2.4,0.525,0.25,0.95,6.8,198.0,398.0,61.0,157.0,125.0,163.0,0.49748743718592964,0.3885350318471338,0.7668711656441718,15.608695652173912,0.1359130434782609,0.6037391304347826,0.23982608695652174,0.16078260869565217,0.2609565217391304,0.12547826086956523,0.07534782608695653,DEN,https://cdn.nba.com/headshots/nba/latest/1040x760/203932.png
203935,Marcus Smart,100,25.7603,7.96,3.19,0.39155,0.5317586178751731,7.097,0.1547,0.4132091770147752,0.1242332039931417,0.1023337002280934,5.85869420765507,0.1455266431228358,marcus smart,Marcus Smart,LAL,SG,62.0,1769.0,0.395,18.4,0.109,0.162,0.084,0.029,0.616,0.654,0.39,0.5,0.5,0.331,Disruptive Defender,three-point range,at the rim,Balanced Player,"Marcus Smart profiles as a balanced player. Their most common shot comes three-point range, and they make shots most consistently at the rim. On defense, they profile as a Disruptive Defender.","Creates defensive pressure with steals, blocks, and activity. This player can force mistakes and break up possessions.",119.0,Marcus Smart,31.0,LAL,SG,62.0,54.0,1769.0,25.0,72.0,3.0,0.0,0.0,7.4,9.9,62.0,17.0,77.0,9.0,53.0,38.0,417.0,13.0,13.0,,6.38,423.38,1.5157001100684282,0.616,417.0,0.1023337002280934,0.0,0.2521753122062877,0.8170584499611904,0.6430062630480167,0.2519637462235649,0.0651615437464668,0.4332982058270184,Guard,67.0,27.876349206349207,8.64179104477612,2.5671641791044775,2.7611940298507465,1.2985074626865671,0.34328358208955223,1.373134328358209,3.8208955223880596,188.0,476.0,97.0,293.0,106.0,129.0,0.3949579831932773,0.3310580204778157,0.8217054263565892,4.195121951219512,0.053560975609756103,0.5379756097560975,0.15234146341463414,0.173,0.11634146341463414,0.22021951219512195,0.10614634146341465,LAL,https://cdn.nba.com/headshots/nba/latest/1040x760/203935.png
203937,Kyle Anderson,152,18.871184210526316,4.980263157894737,2.401315789473684,0.4722631578947369,0.5217062003908549,-2.5368421052631582,0.1320394736842105,0.3409384981459429,0.1584774976507581,0.1783017456288653,5.068048229043399,0.1177226759757578,kyle anderson,Kyle Anderson,3TM,SF,43.0,853.0,0.53,7.7,0.243,0.559,0.124,0.02,0.054,0.653,0.504,0.4,1.0,0.364,Disruptive Defender,short paint / floater range,at the rim,Balanced Player,"Kyle Anderson profiles as a balanced player. Their most common shot comes short paint / floater range, and they make shots most consistently at the rim. On defense, they profile as a Disruptive Defender.","Creates defensive pressure with steals, blocks, and activity. This player can force mistakes and break up possessions.",317.0,Kyle Anderson,32.0,3TM,SF,43.0,5.0,853.0,0.0,5.0,37.0,51.0,8.0,-5.1,-2.5,17.0,7.0,50.0,5.0,33.0,4.0,293.0,8.0,12.0,,4.802631578947368,297.80263157894734,-0.3215094763113404,0.054,293.0,0.1783017456288653,8.0,0.1772174597099668,0.4795011621954558,0.0563674321503131,0.1770392749244713,0.1515163907367801,0.2320729558215227,Wing,71.0,19.663720930232557,3.7464788732394365,2.112676056338028,1.7746478873239437,0.6338028169014085,0.36619718309859156,0.5492957746478874,-1.1408450704225352,107.0,202.0,4.0,11.0,48.0,68.0,0.5297029702970297,0.36363636363636365,0.7058823529411765,-8.2,0.09025,0.5326500000000001,0.1517,0.26485,0.1964,0.3476,0.22080000000000002,UTA,https://cdn.nba.com/headshots/nba/latest/1040x760/203937.png
203939,Dwight Powell,151,12.006423841059602,1.3509933774834435,0.8741721854304636,0.3704370860927152,0.4447118315830809,-5.182119205298013,0.0717880794701986,0.182745455597285,0.0927591030444301,0.2665008165480999,3.0824078628974556,0.0629728879505838,dwight powell,Dwight Powell,DAL,C,63.0,904.0,0.644,3.8,0.683,0.238,0.0,0.01,0.069,0.739,0.458,,1.0,0.286,Rim Protector,at the rim,at the rim,Rim-Dominant Big,"Dwight Powell profiles as a rim-dominant big. They take a large share of their shots at the rim, finish best at the rim, and their defensive profile as a Rim Protector suggests they impact the game around the basket.",Protects the basket with shot blocking and interior presence. This player is most valuable defensively near the rim.,302.0,Dwight Powell,34.0,DAL,C,63.0,12.0,904.0,0.0,0.0,0.0,6.0,94.0,-2.0,4.9,18.0,11.0,89.0,10.0,43.0,9.0,161.0,12.0,12.0,,1.7483443708609272,162.7483443708609,0.8149502449644299,0.069,161.0,0.2665008165480999,94.0,0.0966027799565539,0.6883070948516082,0.0720250521920668,0.0972809667673716,0.2517745615734474,0.2564271963584155,Big,81.0,14.16904761904762,2.5925925925925926,3.1728395061728394,0.8395061728395061,0.41975308641975306,0.25925925925925924,0.5061728395061729,-0.1111111111111111,65.0,101.0,2.0,7.0,78.0,112.0,0.6435643564356436,0.2857142857142857,0.6964285714285714,0.74054054054054,0.09448648648648648,0.40535135135135136,0.061864864864864866,0.14945945945945946,0.3023243243243243,0.12581081081081083,0.15186486486486486,DAL,https://cdn.nba.com/headshots/nba/latest/1040x760/203939.png
203944,Julius Randle,162,32.66401234567901,14.833333333333334,7.148148148148148,0.4742777777777777,0.5811769415331673,4.862345679012345,0.3053086419753086,0.6202516513199233,0.1509088659047863,0.2153457294834499,10.06551560872083,0.2953139229160934,julius randle,Julius Randle,MIN,PF,79.0,2610.0,0.481,12.1,0.27,0.229,0.14,0.074,0.287,0.709,0.48,0.456,0.337,0.315,Rim Protector,three-point range,at the rim,On-Ball Creator,"Julius Randle profiles as an on-ball creator. They combine scoring volume with creation stats, meaning they likely generate offense for themselves and others. Defensively, they profile as a Rim Protector.",Protects the basket with shot blocking and interior presence. This player is most valuable defensively near the rim.,12.0,Julius Randle,31.0,MIN,PF,79.0,79.0,2610.0,0.0,0.0,3.0,93.0,5.0,4.3,2.4,102.0,74.0,91.0,24.0,239.0,2.0,1020.0,65.0,61.0,,14.296296296296296,1034.2962962962963,0.4246037188450349,0.287,1020.0,0.2153457294834499,5.0,0.6168347584198415,0.616587289107898,0.2995824634655532,0.6163141993957704,0.1936252477015505,0.5268120398744761,Wing,79.0,32.85278481012658,21.10126582278481,6.734177215189874,5.037974683544304,1.0886075949367089,0.22784810126582278,2.7468354430379747,2.9367088607594938,580.0,1207.0,109.0,346.0,398.0,496.0,0.48053024026512015,0.315028901734104,0.8024193548387096,5.775471698113208,0.1349433962264151,0.591622641509434,0.26066037735849057,0.2857735849056604,0.22913207547169812,0.18226415094339624,0.054245283018867926,MIN,https://cdn.nba.com/headshots/nba/latest/1040x760/203944.png
203952,Andrew Wiggins,171,29.42923976608187,12.421052631578949,5.760233918128655,0.4588362573099415,0.568210697735028,-1.0748538011695907,0.2337426900584795,0.5139393373821156,0.0838006321937649,0.1598437288023488,8.254732990191538,0.2451798848733696,andrew wiggins,Andrew Wiggins,MIA,SF,68.0,2063.0,0.475,14.3,0.224,0.206,0.102,0.062,0.406,0.679,0.462,0.333,0.412,0.414,Disruptive Defender,three-point range,at the rim,Perimeter Shooter,"Andrew Wiggins is a perimeter shooter. Their shot profile is built around three-point range, with their best efficiency coming at the rim. Defensively, they profile as a Disruptive Defender.","Creates defensive pressure with steals, blocks, and activity. This player can force mistakes and break up possessions.",68.0,Andrew Wiggins,30.0,MIA,SF,68.0,68.0,2063.0,1.0,16.0,49.0,35.0,0.0,0.4,-4.5,45.0,39.0,103.0,7.0,77.0,8.0,449.0,18.0,41.0,,11.52046783625731,460.5204678362573,-0.6270468813592953,0.406,449.0,0.1598437288023488,0.0,0.2743446707835439,0.4233636488036391,0.4237995824634656,0.2712990936555891,0.1305346844102637,0.3193320956904325,Wing,76.0,30.11735294117647,13.75,4.328947368421052,2.3947368421052633,1.0,0.9078947368421053,1.355263157894737,0.11842105263157894,390.0,821.0,138.0,333.0,127.0,162.0,0.47503045066991473,0.4144144144144144,0.7839506172839507,-0.3645833333333337,0.08972916666666668,0.5706041666666667,0.19672916666666665,0.15408333333333332,0.17227083333333335,0.20945833333333333,0.37464583333333334,MIA,https://cdn.nba.com/headshots/nba/latest/1040x760/203952.png
203954,Joel Embiid,71,31.18084507042254,18.577464788732396,8.971830985915492,0.4764366197183098,0.5993380088291093,1.85774647887324,0.3871830985915493,0.829386582261224,0.1375829450723631,0.2631063718580773,12.404674514953438,0.3566412096241901,joel embiid,Joel Embiid,PHI,C,38.0,1201.0,0.489,13.4,0.224,0.149,0.221,0.176,0.228,0.679,0.423,0.506,0.488,0.333,Rim Protector,three-point range,at the rim,Mid-Range Shot Creator,"Joel Embiid profiles as a mid-range shot creator. They regularly look for shots from three-point range, while making shots most consistently at the rim. On the defensive side, they profile as a Rim Protector.",Protects the basket with shot blocking and interior presence. This player is most valuable defensively near the rim.,231.0,Joel Embiid,31.0,PHI,C,38.0,38.0,1201.0,0.0,0.0,0.0,0.0,100.0,5.1,7.6,46.0,45.0,46.0,12.0,150.0,2.0,366.0,26.0,39.0,,17.943661971830984,383.943661971831,1.218931911557423,0.228,366.0,0.2631063718580773,100.0,0.2286355355245606,0.76253213520257,0.2379958246346555,0.2211480362537764,0.2479160082793935,0.3646930261589821,Big,40.0,30.646153846153847,25.525,7.325,3.75,0.525,1.15,2.725,3.875,341.0,697.0,53.0,159.0,286.0,335.0,0.48923959827833574,0.3333333333333333,0.8537313432835821,5.9766666666666675,0.15730000000000002,0.5997333333333333,0.33699999999999997,0.22319999999999998,0.2718,0.1366,0.3758,PHI,https://cdn.nba.com/headshots/nba/latest/1040x760/203954.png
203957,Dante Exum,46,18.89108695652174,5.3478260869565215,2.5217391304347827,0.4445652173913043,0.5721420692304795,2.63695652173913,0.1143478260869565,0.3613937770348237,0.1481822698835036,0.1106685043892708,5.037039848717607,0.1231464547430767,dante exum,,,,,,,,,,,,,,,,,,Disruptive Defender,Not enough shooting data,Not enough shooting data,Balanced Player,"Dante Exum profiles as a balanced player. Their most common shot comes Not enough shooting data, and they make shots most consistently Not enough shooting data. On defense, they profile as a Disruptive Defender.","Creates defensive pressure with steals, blocks, and activity. This player can force mistakes and break up possessions.",,,,,,,,,,,,,,,,,,,,,,0.0,,,,5.043478260869565,5.043478260869565,0.0332005513167812,0.0,0.0,0.1106685043892708,0.0,0.0024678395571898,0.5446733427442173,0.0,0.0,0.0746359317504708,0.1446190646839773,Wing,,,,,,,,,,,,,,,,,,,,,,,,,,,,https://cdn.nba.com/headshots/nba/latest/1040x760/203957.png
203967,Dario Saric,53,12.686415094339624,3.849056603773585,1.6415094339622642,0.3189622641509434,0.3988416653761767,-20.38679245283019,0.0875471698113207,0.4393690190651275,0.1412742815359458,0.2169244008335837,3.9629988833153886,0.0756632490924573,dario saric,,,,,,,,,,,,,,,,,,Rim Protector,Not enough shooting data,Not enough shooting data,On-Ball Creator,"Dario Saric profiles as an on-ball creator. They combine scoring volume with creation stats, meaning they likely generate offense for themselves and others. Defensively, they profile as a Rim Protector.",Protects the basket with shot blocking and interior presence. This player is most valuable defensively near the rim.,,,,,,,,,,,,,,,,,,,,,,0.0,,,,3.2830188679245285,3.2830188679245285,0.0650773202500751,0.0,0.0,0.2169244008335837,0.0,0.0014170112338913,0.5505301789721735,0.0,0.0,0.1954197643587792,0.1577413256724778,Wing,50.0,8.07,0.1,0.12,0.04,0.0,0.0,0.04,0.0,1.0,6.0,1.0,3.0,2.0,2.0,0.16666666666666666,0.3333333333333333,1.0,-14.48,-0.016200000000000003,0.1736,0.0962,0.04,0.1508,0.0,0.0,SAC,https://cdn.nba.com/headshots/nba/latest/1040x760/203967.png
203991,Clint Capela,172,18.162558139534884,5.645348837209302,3.0988372093023258,0.5264011627906977,0.5380315533802219,0.2546511627906975,0.1621511627906977,0.3888881719246988,0.0503496585544559,0.4024981320225738,5.908731469106343,0.1436417815556477,clint capela,Clint Capela,HOU,C,75.0,926.0,0.52,3.1,0.63,0.344,0.013,0.004,0.009,0.608,0.385,0.0,0.0,0.5,Rim Protector,at the rim,at the rim,Interior Paint Scorer,"Clint Capela is mostly an interior paint scorer. Their shot diet leans toward at the rim, and they are most reliable at the rim. On defense, they profile as a Rim Protector.",Protects the basket with shot blocking and interior presence. This player is most valuable defensively near the rim.,294.0,Clint Capela,31.0,HOU,C,75.0,3.0,926.0,0.0,0.0,0.0,13.0,87.0,9.2,5.2,21.0,5.0,45.0,10.0,35.0,1.0,123.0,5.0,22.0,,6.1976744186046515,129.19767441860466,0.900749439606772,0.009,123.0,0.4024981320225738,87.0,0.0765761923551819,0.7040712970692896,0.0093945720250521,0.0743202416918429,0.4063662363616503,0.2561261348185023,Big,82.0,12.147066666666666,3.4390243902439024,4.2073170731707314,0.6097560975609756,0.43902439024390244,0.7682926829268293,0.5,1.975609756097561,118.0,227.0,1.0,2.0,45.0,78.0,0.5198237885462555,0.5,0.5769230769230769,2.6999999999999997,0.14861363636363636,0.5497045454545455,0.1414318181818182,0.08777272727272728,0.3678181818181818,0.25188636363636363,0.2701818181818182,HOU,https://cdn.nba.com/headshots/nba/latest/1040x760/203991.png
203992,Bogdan Bogdanovic,125,26.27312,10.464,4.376,0.406256,0.5389354715988504,-2.068,0.1810399999999999,0.4822090014865112,0.1099999037143903,0.1166695924098962,6.828424417769574,0.1896670440748944,bogdan bogdanovic,,,,,,,,,,,,,,,,,,Disruptive Defender,Not enough shooting data,Not enough shooting data,Balanced Player,"Bogdan Bogdanovic profiles as a balanced player. Their most common shot comes Not enough shooting data, and they make shots most consistently Not enough shooting data. On defense, they profile as a Disruptive Defender.","Creates defensive pressure with steals, blocks, and activity. This player can force mistakes and break up possessions.",,,,,,,,,,,,,,,,,,,,,,0.0,,,,8.752,8.752,0.0350008777229688,0.0,0.0,0.1166695924098962,0.0,0.0046814774841217,0.5450041233493648,0.0,0.0,0.0814575241063436,0.1462693742416242,Wing,58.0,19.445217391304347,2.9482758620689653,1.0172413793103448,0.8793103448275862,0.1724137931034483,0.05172413793103448,0.46551724137931033,-0.5172413793103449,59.0,152.0,33.0,95.0,20.0,25.0,0.3881578947368421,0.3473684210526316,0.8,-7.617647058823529,0.03329411764705883,0.4330588235294118,0.19517647058823528,0.2683529411764706,0.1365294117647059,0.07158823529411765,0.01958823529411765,LAC,https://cdn.nba.com/headshots/nba/latest/1040x760/203992.png
203994,Jusuf Nurkic,136,24.355367647058824,7.580882352941177,3.852941176470588,0.5140882352941176,0.5621252227453726,-3.465441176470588,0.2286029411764706,0.4646501679103952,0.1483328263618099,0.3954891175767456,7.393249533468672,0.1703199093335722,jusuf nurkic,Jusuf NurkiÄ,UTA,C,41.0,1083.0,0.503,9.1,0.263,0.472,0.061,0.006,0.198,0.574,0.515,0.591,0.5,0.352,Rim Protector,short paint / floater range,at the rim,On-Ball Creator,"Jusuf Nurkic profiles as an on-ball creator. They combine scoring volume with creation stats, meaning they likely generate offense for themselves and others. Defensively, they profile as a Rim Protector.",Protects the basket with shot blocking and interior presence. This player is most valuable defensively near the rim.,265.0,Jusuf NurkiÄ,31.0,UTA,C,41.0,36.0,1083.0,0.0,0.0,0.0,0.0,100.0,-7.2,1.2,56.0,22.0,66.0,20.0,45.0,6.0,454.0,11.0,30.0,,7.705882352941177,461.7058823529411,0.2986467352730236,0.198,454.0,0.3954891175767456,100.0,0.2750522515172846,0.5934447483412222,0.2066805845511482,0.2743202416918429,0.3983989079036215,0.356656090334438,Big,50.0,25.59595238095238,8.94,8.5,3.92,1.04,0.44,2.02,-3.74,180.0,358.0,25.0,71.0,62.0,113.0,0.5027932960893855,0.352112676056338,0.5486725663716814,-10.197368421052632,0.11436842105263158,0.5489473684210526,0.19189473684210526,0.28039473684210525,0.38523684210526316,0.30178947368421055,0.252,UTA,https://cdn.nba.com/headshots/nba/latest/1040x760/203994.png
203995,Vasilije Micic,88,20.055,6.829545454545454,2.738636363636364,0.3577386363636364,0.460808862724979,-6.6477272727272725,0.1203409090909091,0.4346813708015822,0.1885631257860479,0.0965567564986007,5.015425693414466,0.1230613053198409,vasilije micic,,,,,,,,,,,,,,,,,,Disruptive Defender,Not enough shooting data,Not enough shooting data,On-Ball Creator,"Vasilije Micic profiles as an on-ball creator. They combine scoring volume with creation stats, meaning they likely generate offense for themselves and others. Defensively, they profile as a Disruptive Defender.","Creates defensive pressure with steals, blocks, and activity. This player can force mistakes and break up possessions.",,,,,,,,,,,,,,,,,,,,,,0.0,,,,5.4772727272727275,5.4772727272727275,0.0289670269495802,0.0,0.0,0.0965567564986007,0.0,0.0027267739657955,0.543895501710904,0.0,0.0,0.0585947420181848,0.1429240592158627,Wing,,,,,,,,,,,,,,,,,,,,,,,,,,,,https://cdn.nba.com/headshots/nba/latest/1040x760/203995.png
203999,Nikola Jokic,181,35.45414364640884,18.281767955801104,10.607734806629834,0.5964033149171271,0.6791812683316992,11.554696132596684,0.4981767955801105,0.6902404348877429,0.2853437150891604,0.3594509073370114,14.603383790792682,0.4355862023089548,nikola jokic,Nikola JokiÄ,DEN,C,65.0,2265.0,0.569,11.5,0.216,0.374,0.11,0.04,0.261,0.755,0.589,0.597,0.533,0.38,Rim Protector,short paint / floater range,at the rim,On-Ball Creator,"Nikola Jokic profiles as an on-ball creator. They combine scoring volume with creation stats, meaning they likely generate offense for themselves and others. Defensively, they profile as a Rim Protector.",Protects the basket with shot blocking and interior presence. This player is most valuable defensively near the rim.,43.0,Nikola JokiÄ,30.0,DEN,C,65.0,65.0,2265.0,0.0,0.0,0.0,0.0,100.0,10.7,13.5,151.0,67.0,75.0,14.0,174.0,4.0,1655.0,45.0,50.0,"MVP-2,CPOY-6,AS,NBA1",21.215469613259668,1676.2154696132598,2.1328352722011035,0.261,1655.0,0.3594509073370114,100.0,1.0,0.9304469675580668,0.2724425887265136,1.0,0.357433339885659,0.8092214641870596,Big,65.0,34.6603076923077,27.676923076923078,12.861538461538462,10.723076923076922,1.4153846153846155,0.8153846153846154,3.7384615384615385,8.538461538461538,644.0,1132.0,112.0,295.0,399.0,480.0,0.568904593639576,0.37966101694915255,0.83125,11.477777777777778,0.22922222222222224,0.7248333333333333,0.29280555555555554,0.4719166666666667,0.3923611111111111,0.24902777777777776,0.18066666666666667,DEN,https://cdn.nba.com/headshots/nba/latest/1040x760/203999.png
204001,Kristaps Porzingis,108,27.164259259259257,13.12962962962963,6.314814814814815,0.47825,0.6155828623044487,6.601851851851852,0.284537037037037,0.6148923626243161,0.0848870772093489,0.2386841178463196,9.55477405290272,0.2629022288943142,kristaps porzingis,Kristaps PorziÅÄ£is,2TM,C,32.0,769.0,0.446,16.2,0.16,0.198,0.124,0.106,0.412,0.694,0.468,0.458,0.439,0.338,Rim Protector,three-point range,at the rim,High-Impact Balanced Player,"Kristaps Porzingis profiles as a balanced player. Their most common shot comes three-point range, and they make shots most consistently at the rim. On defense, they profile as a Rim Protector.",Protects the basket with shot blocking and interior presence. This player is most valuable defensively near the rim.,331.0,Kristaps PorziÅÄ£is,30.0,2TM,C,32.0,23.0,769.0,0.0,0.0,0.0,0.0,100.0,2.8,1.9,24.0,9.0,47.0,6.0,59.0,4.0,194.0,9.0,13.0,,12.62962962962963,206.6296296296296,0.3566052353538959,0.412,194.0,0.2386841178463196,100.0,0.1227957711709193,0.6040936771489697,0.430062630480167,0.1172205438066465,0.2201545988970947,0.2983886365980093,Big,59.0,22.428529411764707,9.033898305084746,2.830508474576271,1.3728813559322033,0.3050847457627119,0.6440677966101694,0.6949152542372882,0.7627118644067796,173.0,388.0,54.0,160.0,133.0,158.0,0.44587628865979384,0.3375,0.8417721518987342,7.217647058823529,0.11994117647058825,0.5818235294117647,0.2624705882352941,0.18258823529411766,0.22423529411764706,0.10241176470588235,0.34711764705882353,ATL,https://cdn.nba.com/headshots/nba/latest/1040x760/204001.png
204060,Joe Ingles,90,10.803333333333333,2.033333333333333,0.9222222222222224,0.2818444444444444,0.3784518738684461,10.395555555555555,0.0543333333333333,0.2221638922203935,0.5381142194055162,0.0955715131163998,2.7174611838239033,0.0598901781916309,joe ingles,,,,,,,,,,,,,,,,,,Disruptive Defender,Not enough shooting data,Not enough shooting data,Balanced Player,"Joe Ingles profiles as a balanced player. Their most common shot comes Not enough shooting data, and they make shots most consistently Not enough shooting data. On defense, they profile as a Disruptive Defender.","Creates defensive pressure with steals, blocks, and activity. This player can force mistakes and break up possessions.",,,,,,,,,,,,,,,,,,,,,,0.0,,,,1.8444444444444448,1.8444444444444448,0.0286714539349199,0.0,0.0,0.0955715131163998,0.0,0.0005583178976952,0.5438411949916788,0.0,0.0,0.0574747903191602,0.1419311049389138,Wing,79.0,5.467777777777777,0.5189873417721519,0.24050632911392406,0.43037974683544306,0.11392405063291139,0.02531645569620253,0.17721518987341772,-0.10126582278481013,16.0,27.0,7.0,16.0,2.0,2.0,0.5925925925925926,0.4375,1.0,16.7,0.04352941176470588,0.22529411764705884,0.05611764705882353,0.20094117647058823,0.04652941176470588,0.14705882352941177,0.0,MIN,https://cdn.nba.com/headshots/nba/latest/1040x760/204060.png
204456,T.J. McConnell,183,17.8927868852459,8.33879781420765,4.491803278688525,0.5322185792349727,0.5625179968387423,-4.547540983606558,0.1720765027322404,0.5652889192360374,0.2786049827357815,0.1374138475044052,6.971410517512892,0.1897748647019385,tj mcconnell,T.J. McConnell,IND,PG,56.0,963.0,0.538,11.7,0.144,0.278,0.318,0.149,0.111,0.723,0.52,0.545,0.537,0.32,Disruptive Defender,mid-range,at the rim,Mid-Range Shot Creator,"T.J. McConnell profiles as a mid-range shot creator. They regularly look for shots from mid-range, while making shots most consistently at the rim. On the defensive side, they profile as a Disruptive Defender.","Creates defensive pressure with steals, blocks, and activity. This player can force mistakes and break up possessions.",288.0,T.J. McConnell,33.0,IND,PG,56.0,4.0,963.0,100.0,0.0,0.0,0.0,0.0,-6.8,1.2,35.0,21.0,38.0,1.0,15.0,22.0,719.0,5.0,23.0,,8.98360655737705,727.983606557377,0.2212241542513215,0.111,719.0,0.1374138475044052,0.0,0.4339949545292547,0.5792196122134455,0.115866388308977,0.434441087613293,0.1050380567521941,0.3897307575479585,Guard,64.0,16.99125,8.203125,1.9375,4.484375,0.875,0.15625,1.0,-2.09375,242.0,450.0,16.0,50.0,25.0,29.0,0.5377777777777778,0.32,0.8620689655172413,-9.444736842105263,0.15513157894736843,0.5480789473684211,0.23342105263157897,0.5168684210526315,0.16097368421052632,0.39518421052631575,0.09455263157894737,IND,https://cdn.nba.com/headshots/nba/latest/1040x760/204456.png
1626145,Tyus Jones,182,22.76247252747253,6.87912087912088,2.9615384615384617,0.3706373626373626,0.475290712451362,-6.984615384615385,0.1467032967032967,0.3327089293683697,0.1997559552095756,0.0901417560916807,5.328377908178738,0.1394363371933144,tyus jones,Tyus Jones,3TM,PG,67.0,979.0,0.349,19.1,0.05,0.193,0.092,0.037,0.628,0.455,0.429,0.5,0.375,0.292,Disruptive Defender,three-point range,mid-range,Balanced Player,"Tyus Jones profiles as a balanced player. Their most common shot comes three-point range, and they make shots most consistently mid-range. On defense, they profile as a Disruptive Defender.","Creates defensive pressure with steals, blocks, and activity. This player can force mistakes and break up possessions.",282.0,Tyus Jones,29.0,3TM,PG,67.0,12.0,979.0,100.0,0.0,0.0,0.0,0.0,-6.2,-7.7,21.0,3.0,16.0,1.0,5.0,3.0,383.0,1.0,8.0,,5.923076923076923,388.9230769230769,-1.1279574731724955,0.628,383.0,0.0901417560916807,0.0,0.2316077769095051,0.3313294998207908,0.6555323590814196,0.2314199395770392,0.051302644720434,0.30207759801096,Guard,77.0,14.387611940298507,2.5844155844155843,0.987012987012987,2.064935064935065,0.4805194805194805,0.03896103896103896,0.3246753246753247,-1.3766233766233766,76.0,218.0,40.0,137.0,7.0,9.0,0.3486238532110092,0.291970802919708,0.7777777777777778,-12.1625,0.058020833333333334,0.36793750000000003,0.09316666666666668,0.2957916666666667,0.08337499999999999,0.22002083333333333,0.0225625,ORL,https://cdn.nba.com/headshots/nba/latest/1040x760/1626145.png
1626153,Delon Wright,76,15.311973684210528,3.6710526315789473,1.355263157894737,0.3089473684210526,0.3969614839392648,-7.05,0.0826315789473684,0.2908907367929502,0.1344377258645265,0.1031676685495654,3.486481714877379,0.0737154822096714,delon wright,,,,,,,,,,,,,,,,,,Disruptive Defender,Not enough shooting data,Not enough shooting data,Balanced Player,"Delon Wright profiles as a balanced player. Their most common shot comes Not enough shooting data, and they make shots most consistently Not enough shooting data. On defense, they profile as a Disruptive Defender.","Creates defensive pressure with steals, blocks, and activity. This player can force mistakes and break up possessions.",,,,,,,,,,,,,,,,,,,,,,0.0,,,,2.710526315789474,2.710526315789474,0.0309503005648696,0.0,0.0,0.1031676685495654,0.0,0.0010752871412642,0.5442598958809746,0.0,0.0,0.0661095371615343,0.1431060425429028,Wing,,,,,,,,,,,,,,,,,,,,,,,,,,,,https://cdn.nba.com/headshots/nba/latest/1040x760/1626153.png
1626156,D'Angelo Russell,128,27.24796875,12.234375,5.125,0.3931171875,0.5232844037107411,-1.2390625000000002,0.22234375,0.5622093733804725,0.1978154763101371,0.1054848820009616,7.823178207893168,0.2143929275072943,dangelo russell,D'Angelo Russell,DAL,PG,26.0,495.0,0.405,17.3,0.086,0.194,0.159,0.078,0.483,0.65,0.511,0.486,0.389,0.295,Disruptive Defender,three-point range,at the rim,On-Ball Creator,"D'Angelo Russell profiles as an on-ball creator. They combine scoring volume with creation stats, meaning they likely generate offense for themselves and others. Defensively, they profile as a Disruptive Defender.","Creates defensive pressure with steals, blocks, and activity. This player can force mistakes and break up possessions.",382.0,D'Angelo Russell,29.0,DAL,PG,26.0,3.0,495.0,77.0,23.0,0.0,0.0,0.0,-5.1,0.8,36.0,11.0,20.0,2.0,21.0,4.0,247.0,0.0,5.0,,10.25,257.25,0.1516454646002885,0.483,247.0,0.1054848820009616,0.0,0.153011360996062,0.5664356631534053,0.5041753653444676,0.1492447129909365,0.0687435737750021,0.3002385936650401,Guard,42.0,18.83346153846154,6.285714285714286,1.4523809523809523,2.4761904761904763,0.2857142857142857,0.047619047619047616,1.1666666666666667,-0.9761904761904762,94.0,232.0,33.0,112.0,43.0,60.0,0.4051724137931034,0.29464285714285715,0.7166666666666667,-7.1230769230769235,0.08465384615384616,0.4776153846153846,0.24396153846153845,0.42123076923076924,0.14092307692307693,0.12826923076923077,0.02242307692307692,DAL,https://cdn.nba.com/headshots/nba/latest/1040x760/1626156.png
1626157,Karl-Anthony Towns,179,32.60100558659218,15.35195530726257,7.860335195530726,0.5084916201117318,0.6222979991488609,6.945251396648045,0.3562011173184357,0.6247069591015432,0.0952882296498934,0.3520265247008937,11.21044199386196,0.3256193101035539,karlanthony towns,Karl-Anthony Towns,NYK,C,75.0,2322.0,0.501,10.8,0.408,0.224,0.034,0.037,0.297,0.632,0.481,0.486,0.263,0.368,Rim Protector,at the rim,at the rim,High-Impact Balanced Player,"Karl-Anthony Towns profiles as a balanced player. Their most common shot comes at the rim, and they make shots most consistently at the rim. On defense, they profile as a Rim Protector.",Protects the basket with shot blocking and interior presence. This player is most valuable defensively near the rim.,34.0,Karl-Anthony Towns,30.0,NYK,C,75.0,75.0,2322.0,0.0,0.0,0.0,0.0,100.0,7.0,0.4,50.0,59.0,119.0,65.0,210.0,6.0,520.0,56.0,73.0,AS,15.720670391061452,535.7206703910615,0.1656079574102681,0.297,520.0,0.3520265247008937,100.0,0.3192321036201399,0.5690010434117744,0.3100208768267223,0.3141993957703927,0.3489938516356037,0.3827655585656076,Big,77.0,30.766266666666663,19.532467532467532,11.545454545454545,2.935064935064935,0.8441558441558441,0.5194805194805194,2.4285714285714284,4.909090909090909,517.0,1032.0,113.0,307.0,357.0,416.0,0.500968992248062,0.36807817589576547,0.8581730769230769,7.147916666666667,0.14604166666666665,0.5833958333333333,0.24950000000000003,0.15775,0.39822916666666663,0.1557916666666667,0.2472291666666667,NYK,https://cdn.nba.com/headshots/nba/latest/1040x760/1626157.png
1626158,Richaun Holmes,56,16.204821428571428,4.303571428571429,2.6785714285714284,0.5599999999999999,0.5937076771171297,-12.048214285714286,0.1346428571428571,0.3721089145280211,0.0647876256314314,0.3198074919073358,5.482483717550289,0.1296375630744722,richaun holmes,,,,,,,,,,,,,,,,,,Rim Protector,Not enough shooting data,Not enough shooting data,Efficient Role Finisher,"Richaun Holmes profiles as a balanced player. Their most common shot comes Not enough shooting data, and they make shots most consistently Not enough shooting data. On defense, they profile as a Rim Protector.",Protects the basket with shot blocking and interior presence. This player is most valuable defensively near the rim.,,,,,,,,,,,,,,,,,,,,,,0.0,,,,5.357142857142857,5.357142857142857,0.0959422475722007,0.0,0.0,0.3198074919073358,0.0,0.0026550677563183,0.5562011058120848,0.0,0.0,0.3123696416485542,0.1713492677204039,Wing,,,,,,,,,,,,,,,,,,,,,,,,,,,,https://cdn.nba.com/headshots/nba/latest/1040x760/1626158.png
1626162,Kelly Oubre Jr.,157,32.516687898089174,12.394904458598726,5.649681528662421,0.4476114649681529,0.5409821823875702,-4.903184713375796,0.2304458598726114,0.4678452642859065,0.052871653660524,0.1710862722465053,7.992713508855543,0.2427081595124083,kelly oubre jr,Kelly Oubre Jr.,PHI,SF,50.0,1574.0,0.467,14.1,0.224,0.244,0.075,0.017,0.439,0.689,0.504,0.293,0.556,0.36,Disruptive Defender,three-point range,at the rim,Perimeter Shooter,"Kelly Oubre Jr. is a perimeter shooter. Their shot profile is built around three-point range, with their best efficiency coming at the rim. Defensively, they profile as a Disruptive Defender.","Creates defensive pressure with steals, blocks, and activity. This player can force mistakes and break up possessions.",151.0,Kelly Oubre Jr.,30.0,PHI,SF,50.0,41.0,1574.0,0.0,2.0,75.0,23.0,0.0,-1.6,-2.3,26.0,26.0,63.0,5.0,74.0,20.0,184.0,20.0,33.0,,11.29936305732484,195.29936305732485,-0.2936741183260484,0.439,184.0,0.1710862722465053,0.0,0.1160326699756212,0.4846154550965822,0.4582463465553236,0.1111782477341389,0.1433143750523006,0.2617531460263366,Wing,51.0,30.686470588235295,13.823529411764707,4.9411764705882355,1.5686274509803921,1.3333333333333333,0.47058823529411764,1.3529411764705883,-1.2941176470588236,254.0,544.0,86.0,239.0,111.0,145.0,0.46691176470588236,0.3598326359832636,0.7655172413793103,0.7586206896551727,0.07417241379310345,0.5587586206896552,0.16686206896551725,0.09382758620689656,0.16393103448275861,0.18986206896551724,0.1373793103448276,PHI,https://cdn.nba.com/headshots/nba/latest/1040x760/1626162.png
1626164,Devin Booker,184,35.39641304347826,18.91304347826087,8.869565217391305,0.4618858695652174,0.590359589828603,1.6059782608695652,0.3495652173913043,0.7097491816536742,0.1852292711945507,0.1144073977696411,11.53840321974968,0.3600398631528662,devin booker,Devin Booker,PHO,SG,64.0,2146.0,0.456,15.3,0.138,0.169,0.235,0.149,0.309,0.673,0.468,0.48,0.464,0.33,Disruptive Defender,three-point range,at the rim,Mid-Range Shot Creator,"Devin Booker profiles as a mid-range shot creator. They regularly look for shots from three-point range, while making shots most consistently at the rim. On the defensive side, they profile as a Disruptive Defender.","Creates defensive pressure with steals, blocks, and activity. This player can force mistakes and break up possessions.",59.0,Devin Booker,29.0,PHO,SG,64.0,64.0,2146.0,5.0,54.0,38.0,3.0,0.0,4.3,6.1,98.0,80.0,77.0,16.0,220.0,25.0,988.0,56.0,63.0,AS,17.73913043478261,1005.7391304347826,0.9493222193308924,0.309,988.0,0.1144073977696411,0.0,0.5997888220917041,0.71299575288776,0.3225469728601253,0.5969788519637462,0.0788860288020884,0.5341330010642239,Guard,64.0,33.341875,26.0625,3.875,6.03125,0.796875,0.28125,3.140625,3.140625,546.0,1198.0,122.0,370.0,454.0,520.0,0.4557595993322204,0.32972972972972975,0.8730769230769231,4.795121951219512,0.14097560975609758,0.5858048780487805,0.3023170731707317,0.3625609756097561,0.1284390243902439,0.12634146341463415,0.09290243902439024,PHX,https://cdn.nba.com/headshots/nba/latest/1040x760/1626164.png
1626166,Cameron Payne,140,15.825714285714286,6.578571428571428,2.65,0.3704071428571429,0.4928500929004304,-0.4978571428571429,0.1197857142857142,0.4861631817603596,0.1752733954471012,0.1013597233827441,5.175162356507725,0.1172194684668616,cameron payne,,,,,,,,,,,,,,,,,,Disruptive Defender,Not enough shooting data,Not enough shooting data,On-Ball Creator,"Cameron Payne profiles as an on-ball creator. They combine scoring volume with creation stats, meaning they likely generate offense for themselves and others. Defensively, they profile as a Disruptive Defender.","Creates defensive pressure with steals, blocks, and activity. This player can force mistakes and break up possessions.",,,,,,,,,,,,,,,,,,,,,,0.0,,,,5.3,5.3,0.0304079170148232,0.0,0.0,0.1013597233827441,0.0,0.0026209588566751,0.5441602417525399,0.0,0.0,0.0640543990120126,0.1434938838820063,Wing,24.0,16.827272727272728,6.791666666666667,1.8333333333333333,2.4166666666666665,1.0,0.2916666666666667,0.4583333333333333,-2.6666666666666665,56.0,149.0,32.0,97.0,19.0,22.0,0.37583892617449666,0.32989690721649484,0.8636363636363636,,,,,,,,,,https://cdn.nba.com/headshots/nba/latest/1040x760/1626166.png
1626167,Myles Turner,190,27.81836842105263,10.552631578947368,5.057894736842106,0.4704684210526315,0.5970903003542491,-0.8552631578947368,0.2303157894736842,0.4852006693413618,0.0524805620675578,0.2182271384054066,7.98667223974547,0.2194593480263685,myles turner,Myles Turner,MIL,C,71.0,1912.0,0.44,18.2,0.152,0.135,0.073,0.046,0.594,0.673,0.448,0.383,0.467,0.383,Rim Protector,three-point range,at the rim,Elite 3PT Threat,Myles Turner profiles as an elite 3PT threat. They consistently take shots from three-point range and are most efficient at the rim. Their defensive profile is Rim Protector.,Protects the basket with shot blocking and interior presence. This player is most valuable defensively near the rim.,93.0,Myles Turner,29.0,MIL,C,71.0,71.0,1912.0,0.0,0.0,0.0,0.0,100.0,-5.9,1.0,26.0,26.0,125.0,20.0,83.0,4.0,261.0,19.0,32.0,,10.115789473684211,271.11578947368423,0.2154681415216219,0.594,261.0,0.2182271384054066,100.0,0.1612879303746191,0.5781620387826366,0.6200417536534447,0.1577039274924471,0.1969006199354867,0.3375223996363169,Big,75.0,26.730704225352113,11.28,5.04,1.3733333333333333,0.6666666666666666,1.5333333333333334,1.1066666666666667,-3.026666666666667,284.0,646.0,147.0,384.0,131.0,177.0,0.43962848297213625,0.3828125,0.7401129943502824,-2.8645833333333335,0.08625,0.5719583333333333,0.18339583333333334,0.104,0.22814583333333335,0.153625,0.4965625,MIL,https://cdn.nba.com/headshots/nba/latest/1040x760/1626167.png
1626168,Trey Lyles,109,19.43229357798165,5.495412844036697,2.3486238532110093,0.4085779816513761,0.5383538240711419,-0.876146788990826,0.1265137614678899,0.3453847717940036,0.0619726874561507,0.2282872768629035,5.025555786443634,0.1158900463779657,trey lyles,,,,,,,,,,,,,,,,,,Rim Protector,Not enough shooting data,Not enough shooting data,Balanced Player,"Trey Lyles profiles as a balanced player. Their most common shot comes Not enough shooting data, and they make shots most consistently Not enough shooting data. On defense, they profile as a Rim Protector.",Protects the basket with shot blocking and interior presence. This player is most valuable defensively near the rim.,,,,,,,,,,,,,,,,,,,,,,0.0,,,,4.697247706422019,4.697247706422019,0.068486183058871,0.0,0.0,0.2282872768629035,0.0,0.0022611725505762,0.5511565018983292,0.0,0.0,0.2083362401704873,0.1595272185118615,Wing,,,,,,,,,,,,,,,,,,,,,,,,,,,,https://cdn.nba.com/headshots/nba/latest/1040x760/1626168.png
1626171,Bobby Portis,166,24.35668674698795,11.686746987951809,5.680722891566265,0.4820963855421687,0.5682289036660485,-4.892771084337349,0.2295180722891566,0.5528621603544247,0.064970088742189,0.3007210732480064,8.241435128092537,0.2393612900094648,bobby portis,Bobby Portis,MIL,PF,67.0,1619.0,0.488,16.3,0.115,0.18,0.151,0.16,0.395,0.698,0.504,0.451,0.433,0.456,Rim Protector,three-point range,at the rim,Mid-Range Shot Creator,"Bobby Portis profiles as a mid-range shot creator. They regularly look for shots from three-point range, while making shots most consistently at the rim. On the defensive side, they profile as a Rim Protector.",Protects the basket with shot blocking and interior presence. This player is most valuable defensively near the rim.,145.0,Bobby Portis,30.0,MIL,PF,67.0,9.0,1619.0,0.0,0.0,8.0,68.0,24.0,-7.9,-2.5,26.0,23.0,63.0,9.0,25.0,1.0,269.0,7.0,22.0,,11.36144578313253,280.3614457831325,-0.284783678025598,0.395,269.0,0.3007210732480064,24.0,0.166806715730525,0.4862489284559156,0.4123173277661796,0.1625377643504531,0.2906736146647837,0.2954536554726396,Wing,72.0,23.63529411764706,12.708333333333334,5.944444444444445,1.4583333333333333,0.5694444444444444,0.16666666666666666,0.9166666666666666,-3.6944444444444446,366.0,750.0,135.0,296.0,48.0,68.0,0.488,0.4560810810810811,0.7058823529411765,-8.393749999999999,0.120375,0.5791875,0.2275625,0.12152083333333334,0.31702083333333336,0.13683333333333333,0.07416666666666667,MIL,https://cdn.nba.com/headshots/nba/latest/1040x760/1626171.png
1626172,Kevon Looney,139,13.926330935251798,3.2302158273381294,1.6978417266187051,0.5107338129496403,0.5374934528519959,1.6769784172661872,0.1141726618705036,0.3141126475472428,0.1010568560957894,0.3933977969820842,4.547540186024574,0.0913472231858955,kevon looney,,,,,,,,,,,,,,,,,,Rim Protector,Not enough shooting data,Not enough shooting data,Balanced Player,"Kevon Looney profiles as a balanced player. Their most common shot comes Not enough shooting data, and they make shots most consistently Not enough shooting data. On defense, they profile as a Rim Protector.",Protects the basket with shot blocking and interior presence. This player is most valuable defensively near the rim.,,,,,,,,,,,,,,,,,,,,,,0.0,,,,3.3956834532374103,3.3956834532374103,0.1180193390946252,0.0,0.0,0.3933977969820842,0.0,0.0014842613719825,0.560257411195702,0.0,0.0,0.3960216495576034,0.1802602223034788,Wing,77.0,14.404761904761905,0.7662337662337663,1.5324675324675325,0.44155844155844154,0.11688311688311688,0.12987012987012986,0.11688311688311688,-0.8181818181818182,25.0,60.0,2.0,13.0,7.0,10.0,0.4166666666666667,0.15384615384615385,0.7,-16.041176470588233,0.10752941176470589,0.47047058823529414,0.10252941176470587,0.23358823529411765,0.36094117647058827,0.15388235294117647,0.2960588235294117,NOP,https://cdn.nba.com/headshots/nba/latest/1040x760/1626172.png
1626174,Christian Wood,21,14.714285714285714,5.523809523809524,2.5714285714285716,0.4829523809523809,0.5612969112491568,-1.7428571428571429,0.1328571428571428,0.5125070821851008,0.0636236033799635,0.3016546878860111,5.601762040974815,0.1147905740752611,christian wood,,,,,,,,,,,,,,,,,,Rim Protector,Not enough shooting data,Not enough shooting data,Balanced Player,"Christian Wood profiles as a balanced player. Their most common shot comes Not enough shooting data, and they make shots most consistently Not enough shooting data. On defense, they profile as a Rim Protector.",Protects the basket with shot blocking and interior presence. This player is most valuable defensively near the rim.,,,,,,,,,,,,,,,,,,,,,,0.0,,,,5.142857142857143,5.142857142857143,0.0904964063658033,0.0,0.0,0.3016546878860111,0.0,0.0025271593826563,0.5552005213382922,0.0,0.0,0.2917348786315935,0.1689844819507949,Wing,,,,,,,,,,,,,,,,,,,,,,,,,,,,https://cdn.nba.com/headshots/nba/latest/1040x760/1626174.png
1626179,Terry Rozier,105,28.087238095238092,11.971428571428572,4.914285714285715,0.3901809523809524,0.4923625284592096,-6.8219047619047615,0.2049523809523809,0.4988328190391349,0.1221898305674368,0.1407751225706252,7.2690389377416125,0.2088366665416115,terry rozier,,,,,,,,,,,,,,,,,,Disruptive Defender,Not enough shooting data,Not enough shooting data,High-Impact Balanced Player,"Terry Rozier profiles as a balanced player. Their most common shot comes Not enough shooting data, and they make shots most consistently Not enough shooting data. On defense, they profile as a Disruptive Defender.","Creates defensive pressure with steals, blocks, and activity. This player can force mistakes and break up possessions.",,,,,,,,,,,,,,,,,,,,,,0.0,,,,9.82857142857143,9.82857142857143,0.0422325367711875,0.0,0.0,0.1407751225706252,0.0,0.0053240891533998,0.5463328227163072,0.0,0.0,0.108858905274813,0.149598731867918,Wing,2.0,0.0,0.0,0.0,0.0,0.0,0.0,0.0,0.0,0.0,0.0,0.0,0.0,0.0,0.0,,,,,,,,,,,,,https://cdn.nba.com/headshots/nba/latest/1040x760/1626179.png
1626181,Norman Powell,162,29.694876543209876,14.265432098765432,6.839506172839506,0.4767407407407407,0.611951571201819,4.308641975308642,0.2458641975308642,0.5931638467669681,0.0665112770651226,0.1073477698971716,9.103972530596184,0.2856324967434528,norman powell,Norman Powell,MIA,SG,58.0,1717.0,0.47,15.4,0.2,0.207,0.087,0.048,0.458,0.654,0.497,0.513,0.372,0.38,Disruptive Defender,three-point range,at the rim,Perimeter Shooter,"Norman Powell is a perimeter shooter. Their shot profile is built around three-point range, with their best efficiency coming at the rim. Defensively, they profile as a Disruptive Defender.","Creates defensive pressure with steals, blocks, and activity. This player can force mistakes and break up possessions.",130.0,Norman Powell,32.0,MIA,SG,58.0,52.0,1717.0,9.0,87.0,4.0,0.0,0.0,0.5,-3.6,39.0,51.0,53.0,4.0,135.0,2.0,338.0,30.0,51.0,AS,13.679012345679013,351.679012345679,-0.5077956690308485,0.458,338.0,0.1073477698971716,0.0,0.2093765808424276,0.4452741135077163,0.4780793319415449,0.2042296072507552,0.0708611667496357,0.2942901379051709,Guard,77.0,29.388965517241378,16.376623376623378,2.6363636363636362,1.8571428571428572,0.8311688311688312,0.18181818181818182,1.4415584415584415,0.4935064935064935,421.0,895.0,156.0,410.0,263.0,318.0,0.47039106145251397,0.3804878048780488,0.8270440251572327,2.0250000000000004,0.11738636363636364,0.61475,0.26343181818181816,0.14552272727272728,0.12168181818181818,0.22870454545454547,0.07520454545454545,MIA,https://cdn.nba.com/headshots/nba/latest/1040x760/1626181.png
1626192,Pat Connaughton,133,14.759398496240602,3.631578947368421,1.6541353383458646,0.4004285714285714,0.5210510914328841,-0.7360902255639095,0.0848120300751879,0.3085379337975652,0.0978524422157179,0.1725013422243673,4.031356961442655,0.0893251180648356,pat connaughton,,,,,,,,,,,,,,,,,,Disruptive Defender,Not enough shooting data,Not enough shooting data,Balanced Player,"Pat Connaughton profiles as a balanced player. Their most common shot comes Not enough shooting data, and they make shots most consistently Not enough shooting data. On defense, they profile as a Disruptive Defender.","Creates defensive pressure with steals, blocks, and activity. This player can force mistakes and break up possessions.",,,,,,,,,,,,,,,,,,,,,,0.0,,,,3.308270676691729,3.308270676691729,0.0517504026673102,0.0,0.0,0.1725013422243673,0.0,0.0014320841835847,0.5480815752925139,0.0,0.0,0.1449229217876313,0.1520855196753255,Wing,67.0,6.8740476190476185,1.6417910447761195,0.9104477611940298,0.26865671641791045,0.16417910447761194,0.014925373134328358,0.16417910447761194,-0.43283582089552236,38.0,85.0,21.0,52.0,13.0,20.0,0.4470588235294118,0.40384615384615385,0.65,9.618181818181819,0.11518181818181818,0.40377272727272734,0.134,0.2075909090909091,0.17300000000000001,0.10604545454545455,0.015136363636363637,CHA,https://cdn.nba.com/headshots/nba/latest/1040x760/1626192.png
1626196,Josh Richardson,27,21.29962962962963,6.888888888888889,2.888888888888889,0.3916666666666666,0.5305148079561766,-10.074074074074074,0.1251851851851851,0.3837155515916571,0.0820021352362788,0.1118219825196195,5.247864415940732,0.1351325754834513,josh richardson,,,,,,,,,,,,,,,,,,Disruptive Defender,Not enough shooting data,Not enough shooting data,Balanced Player,"Josh Richardson profiles as a balanced player. Their most common shot comes Not enough shooting data, and they make shots most consistently Not enough shooting data. On defense, they profile as a Disruptive Defender.","Creates defensive pressure with steals, blocks, and activity. This player can force mistakes and break up possessions.",,,,,,,,,,,,,,,,,,,,,,0.0,,,,5.777777777777778,5.777777777777778,0.0335465947558858,0.0,0.0,0.1118219825196195,0.0,0.0029061471564698,0.5447369225805185,0.0,0.0,0.0759471202498911,0.1449414015327066,Wing,,,,,,,,,,,,,,,,,,,,,,,,,,,,https://cdn.nba.com/headshots/nba/latest/1040x760/1626196.png
1626204,Larry Nance Jr.,103,17.614660194174757,4.475728155339806,2.3300970873786406,0.4877184466019417,0.5708656753966191,-3.007766990291262,0.1218446601941747,0.3167675829054845,0.0928180172115897,0.2356168648715936,4.989336075495972,0.1182218334093616,larry nance jr,,,,,,,,,,,,,,,,,,Rim Protector,Not enough shooting data,Not enough shooting data,Balanced Player,"Larry Nance Jr. profiles as a balanced player. Their most common shot comes Not enough shooting data, and they make shots most consistently Not enough shooting data. On defense, they profile as a Rim Protector.",Protects the basket with shot blocking and interior presence. This player is most valuable defensively near the rim.,,,,,,,,,,,,,,,,,,,,,,0.0,,,,4.660194174757281,4.660194174757281,0.070685059461478,0.0,0.0,0.2356168648715936,0.0,0.002239055084699,0.5515605095630501,0.0,0.0,0.216667972909606,0.1604525467156027,Wing,61.0,12.653142857142857,2.1475409836065573,1.5245901639344261,0.5573770491803278,0.3442622950819672,0.09836065573770492,0.32786885245901637,-0.2786885245901639,52.0,124.0,21.0,63.0,6.0,13.0,0.41935483870967744,0.3333333333333333,0.46153846153846156,-6.520833333333333,-0.06866666666666667,0.43354166666666666,0.13799999999999998,0.12879166666666667,0.22595833333333334,0.21762499999999999,0.0625,CLE,https://cdn.nba.com/headshots/nba/latest/1040x760/1626204.png
1626220,Royce O'Neale,200,25.6468,7.59,3.17,0.40848,0.5693101177917039,-2.327,0.16545,0.3456700893039666,0.0924885030820617,0.188692266216771,5.990520531983045,0.1505558753973889,royce oneale,Royce O'Neale,PHO,SF,78.0,2213.0,0.421,23.0,0.061,0.083,0.021,0.003,0.832,0.684,0.346,0.462,0.5,0.408,Rim Protector,three-point range,three-point range,Elite 3PT Threat,Royce O'Neale profiles as an elite 3PT threat. They consistently take shots from three-point range and are most efficient three-point range. Their defensive profile is Rim Protector.,Protects the basket with shot blocking and interior presence. This player is most valuable defensively near the rim.,53.0,Royce O'Neale,32.0,PHO,SF,78.0,67.0,2213.0,0.0,7.0,69.0,23.0,0.0,-3.1,-11.0,64.0,16.0,90.0,13.0,9.0,7.0,505.0,1.0,7.0,,6.34,511.34,-1.593392320134969,0.832,505.0,0.188692266216771,0.0,0.3046791414270873,0.2458134401741067,0.8684759916492693,0.3051359516616314,0.1633275649059286,0.3604427670185079,Wing,79.0,28.167435897435897,9.683544303797468,4.708860759493671,2.632911392405063,1.0632911392405062,0.4050632911392405,1.3037974683544304,-1.4303797468354431,263.0,625.0,212.0,520.0,27.0,38.0,0.4208,0.4076923076923077,0.7105263157894737,-1.9384615384615382,0.0814423076923077,0.5974807692307692,0.14182692307692307,0.19415384615384615,0.18999999999999997,0.1840576923076923,0.14292307692307693,PHX,https://cdn.nba.com/headshots/nba/latest/1040x760/1626220.png
1626224,Cedi Osman,40,16.625,4.7,2.325,0.4676249999999999,0.5807223175079159,-10.715,0.104,0.3390988639270373,0.092019027584043,0.1781245398621559,4.794114680377822,0.1169009914225408,cedi osman,,,,,,,,,,,,,,,,,,Disruptive Defender,Not enough shooting data,Not enough shooting data,Efficient Role Finisher,"Cedi Osman profiles as a balanced player. Their most common shot comes Not enough shooting data, and they make shots most consistently Not enough shooting data. On defense, they profile as a Disruptive Defender.","Creates defensive pressure with steals, blocks, and activity. This player can force mistakes and break up possessions.",,,,,,,,,,,,,,,,,,,,,,0.0,,,,4.65,4.65,0.0534373619586467,0.0,0.0,0.1781245398621559,0.0,0.0022329701232336,0.5483915265398709,0.0,0.0,0.151314956346975,0.1531225653189586,Wing,,,,,,,,,,,,,,,,,,,,,,,,,,,,https://cdn.nba.com/headshots/nba/latest/1040x760/1626224.png
1627732,Ben Simmons,59,21.36152542372881,4.372881355932203,2.3728813559322033,0.486864406779661,0.4916780483680588,-1.0677966101694916,0.1506779661016949,0.2940910487526969,0.2535029102947644,0.2399718506066957,5.1538942087112645,0.1185512887336194,ben simmons,,,,,,,,,,,,,,,,,,Rim Protector,Not enough shooting data,Not enough shooting data,Balanced Player,"Ben Simmons profiles as a balanced player. Their most common shot comes Not enough shooting data, and they make shots most consistently Not enough shooting data. On defense, they profile as a Rim Protector.",Protects the basket with shot blocking and interior presence. This player is most valuable defensively near the rim.,,,,,,,,,,,,,,,,,,,,,,0.0,,,,4.745762711864407,4.745762711864407,0.0719915551820087,0.0,0.0,0.2399718506066957,0.0,0.0022901314359831,0.5518005568364637,0.0,0.0,0.2216183981155692,0.1610280315950661,Wing,,,,,,,,,,,,,,,,,,,,,,,,,,,,https://cdn.nba.com/headshots/nba/latest/1040x760/1627732.png
1627734,Domantas Sabonis,140,34.25928571428572,12.728571428571428,7.457142857142857,0.5917357142857144,0.6535648157864424,0.5457142857142857,0.3739285714285714,0.523063946491364,0.1961779080188847,0.3994334617983761,11.225750911770628,0.3170213243265204,domantas sabonis,Domantas Sabonis,SAC,C,19.0,564.0,0.543,6.6,0.421,0.376,0.077,0.005,0.122,0.699,0.458,0.706,0.0,0.185,Rim Protector,at the rim,at the rim,Rim-Dominant Big,"Domantas Sabonis profiles as a rim-dominant big. They take a large share of their shots at the rim, finish best at the rim, and their defensive profile as a Rim Protector suggests they impact the game around the basket.",Protects the basket with shot blocking and interior presence. This player is most valuable defensively near the rim.,366.0,Domantas Sabonis,29.0,SAC,C,19.0,15.0,564.0,0.0,0.0,0.0,18.0,82.0,-14.8,-5.4,13.0,20.0,32.0,15.0,32.0,1.0,174.0,8.0,18.0,,14.914285714285716,188.9142857142857,-0.6901699614604873,0.122,174.0,0.3994334617983761,82.0,0.1122213806352332,0.4117658126763172,0.127348643006263,0.1051359516616314,0.4028825462536556,0.2177341516656407,Big,22.0,29.439473684210526,13.681818181818182,9.818181818181818,3.5454545454545454,0.8181818181818182,0.18181818181818182,2.3181818181818183,-8.045454545454545,120.0,221.0,5.0,27.0,56.0,77.0,0.5429864253393665,0.18518518518518517,0.7272727272727273,-13.373684210526315,0.13178947368421054,0.6040526315789474,0.22252631578947368,0.24973684210526317,0.4369473684210526,0.19957894736842108,0.09647368421052631,SAC,https://cdn.nba.com/headshots/nba/latest/1040x760/1627734.png
1627736,Malik Beasley,131,28.18114503816794,11.6793893129771,4.984732824427481,0.43,0.5890852318793216,2.817557251908397,0.1869465648854961,0.4697192698211633,0.0554931846267146,0.1027204372905667,7.255549197112352,0.2171996693562025,malik beasley,,,,,,,,,,,,,,,,,,Disruptive Defender,Not enough shooting data,Not enough shooting data,High-Impact Balanced Player,"Malik Beasley profiles as a balanced player. Their most common shot comes Not enough shooting data, and they make shots most consistently Not enough shooting data. On defense, they profile as a Disruptive Defender.","Creates defensive pressure with steals, blocks, and activity. This player can force mistakes and break up possessions.",,,,,,,,,,,,,,,,,,,,,,0.0,,,,9.969465648854962,9.969465648854962,0.03081613118717,0.0,0.0,0.1027204372905667,0.0,0.0054081897227491,0.5442352444467706,0.0,0.0,0.0656011577931253,0.1447822027801048,Wing,,,,,,,,,,,,,,,,,,,,,,,,,,,,https://cdn.nba.com/headshots/nba/latest/1040x760/1627736.png
1627739,Kris Dunn,197,24.408984771573603,5.634517766497462,2.6040609137055837,0.4658629441624365,0.5573077746437933,1.9091370558375635,0.1395431472081218,0.2926227239354316,0.138989070214761,0.1351806316751354,5.261737299721025,0.1305066018901885,kris dunn,Kris Dunn,LAC,PG,82.0,2230.0,0.476,14.3,0.187,0.27,0.082,0.013,0.449,0.719,0.481,0.487,0.333,0.374,Disruptive Defender,three-point range,at the rim,Perimeter Shooter,"Kris Dunn is a perimeter shooter. Their shot profile is built around three-point range, with their best efficiency coming at the rim. Defensively, they profile as a Disruptive Defender.","Creates defensive pressure with steals, blocks, and activity. This player can force mistakes and break up possessions.",51.0,Kris Dunn,31.0,LAC,PG,82.0,68.0,2230.0,85.0,16.0,0.0,0.0,0.0,1.5,0.7,69.0,21.0,93.0,9.0,36.0,6.0,697.0,10.0,23.0,,5.208121827411167,702.2081218274112,0.1455541895025406,0.449,697.0,0.1351806316751354,0.0,0.4186094196458366,0.5653164907322106,0.4686847599164927,0.4211480362537764,0.1024995024137804,0.4314403583956169,Guard,82.0,26.990487804878047,7.2682926829268295,3.3048780487804876,3.597560975609756,1.5975609756097562,0.17073170731707318,1.353658536585366,0.18292682926829268,227.0,477.0,80.0,214.0,62.0,81.0,0.4758909853249476,0.37383177570093457,0.7654320987654321,-1.615686274509804,0.06505882352941177,0.5631764705882353,0.1310392156862745,0.2360392156862745,0.12850980392156863,0.30519607843137253,0.06288235294117647,LAC,https://cdn.nba.com/headshots/nba/latest/1040x760/1627739.png
1627741,Buddy Hield,186,21.330645161290324,8.741935483870968,3.7204301075268815,0.3954516129032258,0.5309109120498877,-1.271505376344086,0.1515591397849462,0.4762796621448752,0.085212072698222,0.1451933513364665,6.120829694848016,0.162990162412007,buddy hield,Buddy Hield,2TM,SG,51.0,819.0,0.437,19.4,0.159,0.11,0.037,0.046,0.648,0.75,0.611,0.5,0.133,0.349,Disruptive Defender,three-point range,at the rim,Balanced Player,"Buddy Hield profiles as a balanced player. Their most common shot comes three-point range, and they make shots most consistently at the rim. On defense, they profile as a Disruptive Defender.","Creates defensive pressure with steals, blocks, and activity. This player can force mistakes and break up possessions.",324.0,Buddy Hield,33.0,2TM,SG,51.0,3.0,819.0,0.0,26.0,62.0,12.0,0.0,-5.5,-6.4,26.0,15.0,23.0,2.0,12.0,0.0,178.0,1.0,11.0,,7.440860215053763,185.44086021505376,-0.91644199459906,0.648,178.0,0.1451933513364665,0.0,0.1101480730042323,0.3701920181730989,0.6764091858037579,0.1075528700906344,0.1138812204736524,0.26021202067196,Wing,80.0,15.858627450980391,4.875,1.45,0.8875,0.4875,0.1125,0.6,-1.075,143.0,327.0,74.0,212.0,30.0,37.0,0.43730886850152906,0.3490566037735849,0.8108108108108109,-4.636363636363637,0.09497727272727273,0.5437500000000001,0.18584090909090908,0.14043181818181819,0.17736363636363636,0.18786363636363637,0.07422727272727273,GSW,https://cdn.nba.com/headshots/nba/latest/1040x760/1627741.png
1627742,Brandon Ingram,129,32.91426356589147,16.37984496124031,7.7984496124031,0.4775968992248062,0.5697873237945164,-0.0953488372093023,0.2964341085271318,0.6325856740734866,0.1364313931096094,0.1677797838634233,10.150502311778585,0.3206374271506381,brandon ingram,Brandon Ingram,TOR,SF,77.0,2604.0,0.477,14.8,0.147,0.136,0.266,0.177,0.274,0.725,0.383,0.504,0.447,0.382,Disruptive Defender,three-point range,at the rim,Mid-Range Shot Creator,"Brandon Ingram profiles as a mid-range shot creator. They regularly look for shots from three-point range, while making shots most consistently at the rim. On the defensive side, they profile as a Disruptive Defender.","Creates defensive pressure with steals, blocks, and activity. This player can force mistakes and break up possessions.",13.0,Brandon Ingram,28.0,TOR,SF,77.0,77.0,2604.0,0.0,4.0,76.0,20.0,0.0,0.9,-5.9,75.0,75.0,80.0,21.0,168.0,1.0,707.0,38.0,69.0,AS,15.5968992248062,722.5968992248062,-0.834666064840973,0.274,707.0,0.1677797838634233,0.0,0.4307795979825093,0.3852170111071142,0.2860125260960334,0.427190332326284,0.1395558039729743,0.3681925845141131,Wing,79.0,33.629999999999995,20.949367088607595,5.443037974683544,3.5949367088607596,0.7341772151898734,0.6962025316455697,2.367088607594937,0.5443037974683544,614.0,1288.0,135.0,353.0,292.0,356.0,0.4767080745341615,0.38243626062322944,0.8202247191011236,1.0156862745098039,0.12280392156862745,0.5692549019607843,0.26805882352941174,0.18682352941176472,0.19166666666666668,0.13127450980392158,0.2088235294117647,TOR,https://cdn.nba.com/headshots/nba/latest/1040x760/1627742.png
1627745,Damian Jones,26,7.269230769230769,2.269230769230769,1.3846153846153846,0.4338461538461538,0.4702648370881833,-20.496153846153845,0.0603846153846153,0.325099645968067,0.0943556443556443,0.2773640832851359,3.451378418585299,0.0753532666800237,damian jones,,,,,,,,,,,,,,,,,,Rim Protector,Not enough shooting data,Not enough shooting data,Balanced Player,"Damian Jones profiles as a balanced player. Their most common shot comes Not enough shooting data, and they make shots most consistently Not enough shooting data. On defense, they profile as a Rim Protector.",Protects the basket with shot blocking and interior presence. This player is most valuable defensively near the rim.,,,,,,,,,,,,,,,,,,,,,,0.0,,,,2.769230769230769,2.769230769230769,0.0832092249855407,0.0,0.0,0.2773640832851359,0.0,0.0011103281667074,0.5538616206486734,0.0,0.0,0.2641231185481959,0.1653218482836709,Wing,,,,,,,,,,,,,,,,,,,,,,,,,,,,https://cdn.nba.com/headshots/nba/latest/1040x760/1627745.png
1627747,Caris LeVert,168,23.59369047619047,8.839285714285714,3.898809523809524,0.427720238095238,0.5353845833806203,4.267261904761905,0.1766071428571428,0.4719705191159563,0.1549746765401839,0.1286080388059141,6.563785264564251,0.1707246059257103,caris levert,Caris LeVert,DET,SG,60.0,1154.0,0.417,15.3,0.192,0.217,0.105,0.026,0.46,0.627,0.447,0.415,0.1,0.333,Disruptive Defender,three-point range,at the rim,On-Ball Creator,"Caris LeVert profiles as an on-ball creator. They combine scoring volume with creation stats, meaning they likely generate offense for themselves and others. Defensively, they profile as a Disruptive Defender.","Creates defensive pressure with steals, blocks, and activity. This player can force mistakes and break up possessions.",249.0,Caris LeVert,31.0,DET,SG,60.0,0.0,1154.0,4.0,33.0,56.0,8.0,0.0,0.8,-10.4,49.0,22.0,56.0,3.0,32.0,7.0,372.0,10.0,20.0,,7.797619047619048,379.79761904761904,-1.5214175883582255,0.46,372.0,0.1286080388059141,0.0,0.2261607386892385,0.2590376228837659,0.4801670146137787,0.2247734138972809,0.0950282656779006,0.2592289213462219,Wing,62.0,19.0845,7.145161290322581,1.8870967741935485,2.564516129032258,0.8225806451612904,0.6612903225806451,1.3225806451612903,-0.11290322580645161,163.0,391.0,60.0,180.0,57.0,84.0,0.41687979539641945,0.3333333333333333,0.6785714285714286,3.9735294117647055,0.08126470588235293,0.5525,0.17373529411764707,0.2746470588235294,0.10049999999999999,0.24938235294117644,0.20594117647058824,DET,https://cdn.nba.com/headshots/nba/latest/1040x760/1627747.png
1627749,Dejounte Murray,91,33.50043956043956,17.494505494505493,7.714285714285714,0.4382967032967033,0.5349656308807934,-5.47032967032967,0.3252747252747253,0.66629091922387,0.2124013068313146,0.1830228449481641,10.516599610211,0.313690508338727,dejounte murray,,,,,,,,,,,,,,,,,,Disruptive Defender,Not enough shooting data,Not enough shooting data,On-Ball Creator,"Dejounte Murray profiles as an on-ball creator. They combine scoring volume with creation stats, meaning they likely generate offense for themselves and others. Defensively, they profile as a Disruptive Defender.","Creates defensive pressure with steals, blocks, and activity. This player can force mistakes and break up possessions.",,,,,,,,,,,,,,,,,,,,,,0.0,,,,15.428571428571429,15.428571428571429,0.0549068534844492,0.0,0.0,0.1830228449481641,0.0,0.0086667613184348,0.5486615216332571,0.0,0.0,0.1568829867468965,0.1563203836103779,Wing,16.0,27.575,14.625,4.6875,5.5625,1.4375,0.1875,2.9375,1.25,88.0,182.0,19.0,62.0,39.0,45.0,0.4835164835164835,0.3064516129032258,0.8666666666666667,,,,,,,,,,https://cdn.nba.com/headshots/nba/latest/1040x760/1627749.png
1627750,Jamal Murray,181,34.75011049723757,17.45303867403315,8.38121546961326,0.4725966850828729,0.5935066217973896,7.181767955801106,0.3338121546961326,0.6179687573717488,0.1907675560116571,0.1199899171999147,10.957065114942296,0.3462767569982684,jamal murray,Jamal Murray,DEN,PG,75.0,2652.0,0.483,16.3,0.127,0.195,0.14,0.124,0.414,0.688,0.46,0.524,0.423,0.435,Disruptive Defender,three-point range,at the rim,Perimeter Shooter,"Jamal Murray is a perimeter shooter. Their shot profile is built around three-point range, with their best efficiency coming at the rim. Defensively, they profile as a Disruptive Defender.","Creates defensive pressure with steals, blocks, and activity. This player can force mistakes and break up possessions.",9.0,Jamal Murray,28.0,DEN,PG,75.0,75.0,2652.0,100.0,0.0,0.0,0.0,0.0,6.7,4.8,116.0,38.0,73.0,7.0,142.0,24.0,1288.0,35.0,57.0,"CPOY-2,AS,NBA3",16.76243093922652,1304.7624309392263,0.7559969751599744,0.414,1288.0,0.1199899171999147,0.0,0.7782775476797574,0.6774753933366348,0.4321503131524008,0.7782477341389729,0.0852318233882004,0.6318503701316391,Guard,77.0,35.15653333333333,24.74025974025974,4.285714285714286,6.9480519480519485,0.8571428571428571,0.37662337662337664,2.220779220779221,5.597402597402597,657.0,1360.0,245.0,563.0,346.0,390.0,0.48308823529411765,0.4351687388987567,0.8871794871794871,6.114893617021277,0.14812765957446808,0.6150851063829788,0.27540425531914897,0.35540425531914893,0.14093617021276594,0.22346808510638297,0.1244468085106383,DEN,https://cdn.nba.com/headshots/nba/latest/1040x760/1627750.png
1627751,Jakob Poeltl,121,27.227438016528925,8.694214876033058,5.603305785123967,0.6455785123966942,0.6495158992576884,0.3876033057851239,0.2427272727272727,0.4159258731551215,0.0909341204940385,0.3075636562495381,8.382465559785787,0.248242188560424,jakob poeltl,Jakob Poeltl,TOR,C,46.0,1149.0,0.7,3.7,0.59,0.297,0.113,0.0,0.0,0.809,0.576,0.457,,,Rim Protector,at the rim,at the rim,Rim-Dominant Big,"Jakob Poeltl profiles as a rim-dominant big. They take a large share of their shots at the rim, finish best at the rim, and their defensive profile as a Rim Protector suggests they impact the game around the basket.",Protects the basket with shot blocking and interior presence. This player is most valuable defensively near the rim.,250.0,Jakob Poeltl,30.0,TOR,C,46.0,44.0,1149.0,0.0,0.0,0.0,0.0,100.0,1.7,-1.7,26.0,11.0,83.0,15.0,43.0,4.0,216.0,12.0,12.0,,11.206611570247937,227.20661157024793,-0.1627309031251386,0.0,216.0,0.3075636562495381,100.0,0.135078289880443,0.5086741345756296,0.0,0.1305135951661631,0.2984517561846626,0.2240963847311672,Big,48.0,24.77891304347826,10.270833333333334,6.729166666666667,1.9375,0.8333333333333334,0.6666666666666666,1.1875,1.0,217.0,310.0,0.0,0.0,59.0,98.0,0.7,,0.6020408163265306,-1.7476190476190474,0.10376190476190475,0.6890476190476191,0.13961904761904761,0.1311904761904762,0.34376190476190477,0.1569047619047619,0.31742857142857145,TOR,https://cdn.nba.com/headshots/nba/latest/1040x760/1627751.png
1627752,Taurean Prince,151,25.294172185430465,6.66887417218543,3.0264900662251657,0.4399933774834437,0.589196994339084,-2.785430463576158,0.1347019867549669,0.3144967244835635,0.0655285256160894,0.1316634696489603,5.476385756487691,0.1474873693546658,taurean prince,Taurean Prince,MIL,SF,26.0,611.0,0.45,20.3,0.063,0.089,0.089,0.026,0.733,0.833,0.294,0.412,0.6,0.436,Disruptive Defender,three-point range,three-point range,Elite 3PT Threat,Taurean Prince profiles as an elite 3PT threat. They consistently take shots from three-point range and are most efficient three-point range. Their defensive profile is Disruptive Defender.,"Creates defensive pressure with steals, blocks, and activity. This player can force mistakes and break up possessions.",362.0,Taurean Prince,31.0,MIL,SF,26.0,7.0,611.0,0.0,20.0,69.0,11.0,0.0,-3.1,4.0,23.0,7.0,25.0,0.0,4.0,2.0,116.0,2.0,5.0,,6.052980132450331,122.05298013245032,0.6394990408946881,0.733,116.0,0.1316634696489603,0.0,0.072311483298394,0.6560707985574454,0.7651356993736952,0.0700906344410876,0.0985014531417715,0.3245718566230592,Wing,26.0,23.291923076923077,9.192307692307692,3.1153846153846154,1.7692307692307692,0.6153846153846154,0.23076923076923078,1.1923076923076923,-1.9615384615384615,86.0,191.0,61.0,140.0,6.0,6.0,0.450261780104712,0.4357142857142857,1.0,3.3875,0.0375,0.634375,0.1075,0.079625,0.095375,0.14275,0.09375,MIL,https://cdn.nba.com/headshots/nba/latest/1040x760/1627752.png
1627759,Jaylen Brown,174,33.798563218390804,19.373563218390803,9.275862068965518,0.4815287356321839,0.5702468509029858,7.936781609195402,0.3441379310344827,0.7362145518953981,0.1355230253599897,0.186442790452645,11.591790346154928,0.3741432577453387,jaylen brown,Jaylen Brown,BOS,SF,71.0,2443.0,0.477,13.6,0.16,0.262,0.171,0.145,0.262,0.745,0.484,0.451,0.435,0.347,Disruptive Defender,short paint / floater range,at the rim,Mid-Range Shot Creator,"Jaylen Brown profiles as a mid-range shot creator. They regularly look for shots from short paint / floater range, while making shots most consistently at the rim. On the defensive side, they profile as a Disruptive Defender.","Creates defensive pressure with steals, blocks, and activity. This player can force mistakes and break up possessions.",22.0,Jaylen Brown,29.0,BOS,SF,71.0,71.0,2443.0,0.0,13.0,64.0,23.0,0.0,6.2,-4.6,77.0,116.0,79.0,40.0,261.0,5.0,924.0,64.0,93.0,"MVP-6,AS,NBA2",18.551724137931036,942.551724137931,-0.6340671628642064,0.262,924.0,0.186442790452645,0.0,0.5620718963400536,0.4220737866116943,0.2734864300626305,0.5583081570996978,0.1607705274779583,0.4432780381561052,Wing,76.0,34.21,26.81578947368421,6.473684210526316,4.7894736842105265,0.9473684210526315,0.35526315789473684,3.4078947368421053,4.223684210526316,736.0,1543.0,140.0,404.0,426.0,536.0,0.4769928710304601,0.3465346534653465,0.7947761194029851,4.327659574468085,0.154531914893617,0.5778723404255319,0.3616382978723404,0.2771276595744681,0.2154255319148936,0.17142553191489363,0.11312765957446809,BOS,https://cdn.nba.com/headshots/nba/latest/1040x760/1627759.png
1627763,Malcolm Brogdon,39,25.298717948717947,10.564102564102564,4.589743589743589,0.4106666666666667,0.5233254631373544,-10.417948717948718,0.2089743589743589,0.5431887450381264,0.1750905263578315,0.1508406806688255,7.397379520513956,0.1937917239621777,malcolm brogdon,,,,,,,,,,,,,,,,,,Disruptive Defender,Not enough shooting data,Not enough shooting data,On-Ball Creator,"Malcolm Brogdon profiles as an on-ball creator. They combine scoring volume with creation stats, meaning they likely generate offense for themselves and others. Defensively, they profile as a Disruptive Defender.","Creates defensive pressure with steals, blocks, and activity. This player can force mistakes and break up possessions.",,,,,,,,,,,,,,,,,,,,,,0.0,,,,9.17948717948718,9.17948717948718,0.0452522042006476,0.0,0.0,0.1508406806688255,0.0,0.0049366470369397,0.5468876373411599,0.0,0.0,0.1203006861559276,0.1507266367656586,Wing,,,,,,,,,,,,,,,,,,,,,,,,,,,,https://cdn.nba.com/headshots/nba/latest/1040x760/1627763.png
1627777,Georges Niang,129,21.579922480620155,7.7984496124031,3.6666666666666665,0.464984496124031,0.6084775263768081,3.0333333333333328,0.1437209302325581,0.4268390337937819,0.0631222600606178,0.1571635378197703,6.118257933539693,0.1669182218179636,georges niang,,,,,,,,,,,,,,,,,,Disruptive Defender,Not enough shooting data,Not enough shooting data,Balanced Player,"Georges Niang profiles as a balanced player. Their most common shot comes Not enough shooting data, and they make shots most consistently Not enough shooting data. On defense, they profile as a Disruptive Defender.","Creates defensive pressure with steals, blocks, and activity. This player can force mistakes and break up possessions.",,,,,,,,,,,,,,,,,,,,,,0.0,,,,7.333333333333333,7.333333333333333,0.047149061345931,0.0,0.0,0.1571635378197703,0.0,0.0038346672023128,0.5472361538947353,0.0,0.0,0.1274880418254193,0.1510917095371509,Wing,7.0,,0.0,0.0,0.0,0.0,0.0,0.0,0.0,0.0,0.0,0.0,0.0,0.0,0.0,,,,,,,,,,,,,https://cdn.nba.com/headshots/nba/latest/1040x760/1627777.png
1627780,Gary Payton II,164,14.99170731707317,5.012195121951219,2.932926829268293,0.5223048780487805,0.568850775501864,-1.2182926829268297,0.1179878048780487,0.3876302461583405,0.0977511680439434,0.2033555841884444,5.278154282236907,0.1380842172391685,gary payton ii,Gary Payton II,GSW,SG,73.0,1142.0,0.583,9.6,0.448,0.236,0.01,0.0,0.306,0.812,0.541,0.25,,0.291,Rim Protector,at the rim,at the rim,Balanced Player,"Gary Payton II profiles as a balanced player. Their most common shot comes at the rim, and they make shots most consistently at the rim. On defense, they profile as a Rim Protector.",Protects the basket with shot blocking and interior presence. This player is most valuable defensively near the rim.,252.0,Gary Payton II,33.0,GSW,SG,73.0,1.0,1142.0,16.0,62.0,20.0,1.0,0.0,-0.1,0.6,32.0,4.0,53.0,21.0,21.0,1.0,300.0,6.0,15.0,,5.865853658536586,305.8658536585366,0.1510066752565333,0.306,300.0,0.2033555841884444,0.0,0.1820304432824558,0.5663182960332191,0.3194154488517745,0.1812688821752265,0.1799957386510082,0.2984305307316768,Guard,81.0,15.437945205479453,6.753086419753086,3.271604938271605,1.5185185185185186,0.8271604938271605,0.25925925925925924,0.7654320987654321,-1.345679012345679,242.0,415.0,37.0,127.0,26.0,40.0,0.5831325301204819,0.29133858267716534,0.65,-6.931914893617021,0.07423404255319149,0.45068085106382977,0.14402127659574468,0.1997659574468085,0.2538510638297872,0.17497872340425533,0.1631063829787234,GSW,https://cdn.nba.com/headshots/nba/latest/1040x760/1627780.png
1627783,Pascal Siakam,188,32.3963829787234,16.420212765957448,8.436170212765957,0.5151329787234042,0.5908663213349737,1.1579787234042551,0.320531914893617,0.6255792219556731,0.1113359294209278,0.2153356208181264,10.784395705788608,0.3479209364173927,pascal siakam,Pascal Siakam,IND,PF,62.0,2057.0,0.484,12.2,0.213,0.277,0.183,0.074,0.254,0.695,0.534,0.412,0.294,0.358,Rim Protector,short paint / floater range,at the rim,Mid-Range Shot Creator,"Pascal Siakam profiles as a mid-range shot creator. They regularly look for shots from short paint / floater range, while making shots most consistently at the rim. On the defensive side, they profile as a Rim Protector.",Protects the basket with shot blocking and interior presence. This player is most valuable defensively near the rim.,70.0,Pascal Siakam,31.0,IND,PF,62.0,62.0,2057.0,0.0,0.0,6.0,84.0,11.0,-5.1,5.5,44.0,53.0,63.0,30.0,180.0,5.0,590.0,47.0,48.0,AS,16.872340425531913,606.8723404255319,0.8896006862454379,0.254,590.0,0.2153356208181264,11.0,0.3617029441415647,0.702022895528975,0.2651356993736952,0.3564954682779456,0.1936137569195686,0.4149681789646753,Wing,70.0,32.961129032258064,21.214285714285715,5.871428571428571,3.3714285714285714,0.9857142857142858,0.35714285714285715,1.9714285714285715,-3.2857142857142856,559.0,1155.0,105.0,293.0,262.0,378.0,0.48398268398268396,0.3583617747440273,0.6931216931216931,-4.722448979591836,0.1295714285714286,0.5607959183673469,0.2830204081632653,0.2160408163265306,0.22346938775510203,0.2146938775510204,0.15871428571428572,IND,https://cdn.nba.com/headshots/nba/latest/1040x760/1627783.png
1627814,Damion Lee,25,5.5064,2.96,1.08,0.33844,0.4841195396204879,23.563999999999997,0.044,0.9437928410964238,0.0734959322343308,0.235460016532074,4.3779443010543115,0.0225390898208055,damion lee,,,,,,,,,,,,,,,,,,Rim Protector,Not enough shooting data,Not enough shooting data,Volume Shot Creator,"Damion Lee profiles as a balanced player. Their most common shot comes Not enough shooting data, and they make shots most consistently Not enough shooting data. On defense, they profile as a Rim Protector.",Protects the basket with shot blocking and interior presence. This player is most valuable defensively near the rim.,,,,,,,,,,,,,,,,,,,,,,0.0,,,,2.16,2.16,0.0706380049596221,0.0,0.0,0.235460016532074,0.0,0.0007466748212805,0.5515518640660195,0.0,0.0,0.2164896793351373,0.1598356038785308,Wing,,,,,,,,,,,,,,,,,,,,,,,,,,,,https://cdn.nba.com/headshots/nba/latest/1040x760/1627814.png
1627824,Guerschon Yabusele,137,20.986058394160587,6.386861313868613,2.9708029197080292,0.4056934306569343,0.5251230814388294,-5.3255474452554745,0.1443065693430656,0.3747816458444251,0.0702937554322646,0.2293945082868863,5.529312098049133,0.1388697038991901,guerschon yabusele,Guerschon Yabusele,2TM,C,67.0,1007.0,0.401,17.3,0.189,0.138,0.032,0.013,0.628,0.678,0.279,0.2,0.5,0.352,Rim Protector,three-point range,at the rim,Perimeter Shooter,"Guerschon Yabusele is a perimeter shooter. Their shot profile is built around three-point range, with their best efficiency coming at the rim. Defensively, they profile as a Rim Protector.",Protects the basket with shot blocking and interior presence. This player is most valuable defensively near the rim.,277.0,Guerschon Yabusele,30.0,2TM,C,67.0,19.0,1007.0,0.0,0.0,0.0,33.0,67.0,-8.1,-8.6,21.0,13.0,42.0,5.0,34.0,2.0,159.0,5.0,17.0,,5.9416058394160585,164.94160583941607,-1.221181647513934,0.628,159.0,0.2293945082868863,67.0,0.0979119503246937,0.3142010787205587,0.6555323590814196,0.09607250755287,0.2095948588396459,0.2466116403114817,Big,76.0,14.827462686567163,4.907894736842105,3.0789473684210527,0.8289473684210527,0.34210526315789475,0.21052631578947367,0.5394736842105263,-2.1842105263157894,125.0,312.0,69.0,196.0,54.0,72.0,0.40064102564102566,0.3520408163265306,0.75,-0.8833333333333335,0.06928571428571428,0.41942857142857143,0.1388095238095238,0.08966666666666667,0.27066666666666667,0.06547619047619048,0.06547619047619048,CHI,https://cdn.nba.com/headshots/nba/latest/1040x760/1627824.png
1627826,Ivica Zubac,164,30.23670731707317,10.195121951219512,6.371951219512195,0.6266707317073171,0.6493137056747701,4.347560975609756,0.2814634146341463,0.4257943803667524,0.0739371292449658,0.3674715521853743,9.251664024099275,0.2789737418854949,ivica zubac,Ivica Zubac,2TM,C,48.0,1446.0,0.598,4.6,0.461,0.459,0.081,0.0,0.0,0.694,0.516,0.513,,,Rim Protector,at the rim,at the rim,Rim-Dominant Big,"Ivica Zubac profiles as a rim-dominant big. They take a large share of their shots at the rim, finish best at the rim, and their defensive profile as a Rim Protector suggests they impact the game around the basket.",Protects the basket with shot blocking and interior presence. This player is most valuable defensively near the rim.,178.0,Ivica Zubac,28.0,2TM,C,48.0,47.0,1446.0,0.0,0.0,0.0,2.0,98.0,-2.6,-4.3,30.0,32.0,69.0,16.0,61.0,2.0,249.0,22.0,35.0,,12.74390243902439,261.7439024390244,-0.5347585343443876,0.0,249.0,0.3674715521853743,98.0,0.1556937971737959,0.4403201269004694,0.0,0.150453172205438,0.3665506148529177,0.2240579293004713,Big,49.0,29.33959183673469,13.816326530612244,10.387755102040817,2.142857142857143,0.3673469387755102,0.8163265306122449,1.7551020408163265,-0.9387755102040817,288.0,482.0,0.0,0.0,101.0,142.0,0.5975103734439834,,0.7112676056338029,-0.3720930232558141,0.1348372093023256,0.6344186046511628,0.18425581395348836,0.1411860465116279,0.4013488372093023,0.07676744186046512,0.3180232558139535,LAC,https://cdn.nba.com/headshots/nba/latest/1040x760/1627826.png
1627827,Dorian Finney-Smith,136,24.993602941176473,5.9411764705882355,2.4411764705882355,0.379860294117647,0.5037622767621479,2.011029411764706,0.1218382352941176,0.2810122504839978,0.0552943662772797,0.1480588446676546,4.755296625372086,0.1226497331432516,dorian finneysmith,Dorian Finney-Smith,HOU,PF,37.0,620.0,0.333,19.6,0.182,0.053,0.008,0.0,0.758,0.583,0.429,0.0,,0.27,Disruptive Defender,three-point range,at the rim,Balanced Player,"Dorian Finney-Smith profiles as a balanced player. Their most common shot comes three-point range, and they make shots most consistently at the rim. On defense, they profile as a Disruptive Defender.","Creates defensive pressure with steals, blocks, and activity. This player can force mistakes and break up possessions.",359.0,Dorian Finney-Smith,32.0,HOU,PF,37.0,1.0,620.0,0.0,2.0,51.0,47.0,0.0,1.3,-4.6,11.0,2.0,30.0,5.0,3.0,2.0,87.0,1.0,6.0,,4.882352941176471,91.88235294117646,-0.6455823465997036,0.758,87.0,0.1480588446676546,0.0,0.0543024626351941,0.4199580594683704,0.791231732776618,0.0525679758308157,0.1171385010428851,0.262365907525033,Wing,50.0,16.588918918918917,2.46,1.86,0.72,0.32,0.12,0.44,0.3,44.0,132.0,27.0,100.0,8.0,9.0,0.3333333333333333,0.27,0.8888888888888888,0.4999999999999998,0.02227777777777778,0.3791111111111111,0.10361111111111111,0.08766666666666667,0.16533333333333333,0.15611111111111112,0.08333333333333333,HOU,https://cdn.nba.com/headshots/nba/latest/1040x760/1627827.png
1627832,Fred VanVleet,103,35.26514563106796,13.145631067961164,5.271844660194175,0.3889223300970874,0.5341135630676331,4.4524271844660195,0.2638834951456311,0.4480916666257942,0.1850919018391229,0.1045159562147454,8.301922080706916,0.2283298624382996,fred vanvleet,,,,,,,,,,,,,,,,,,Disruptive Defender,Not enough shooting data,Not enough shooting data,On-Ball Creator,"Fred VanVleet profiles as an on-ball creator. They combine scoring volume with creation stats, meaning they likely generate offense for themselves and others. Defensively, they profile as a Disruptive Defender.","Creates defensive pressure with steals, blocks, and activity. This player can force mistakes and break up possessions.",,,,,,,,,,,,,,,,,,,,,,0.0,,,,10.54368932038835,10.54368932038835,0.0313547868644236,0.0,0.0,0.1045159562147454,0.0,0.0057509471304882,0.5443342136393992,0.0,0.0,0.0676421707104338,0.1451481493330884,Wing,,,,,,,,,,,,,,,,,,,,,,,,,,,,https://cdn.nba.com/headshots/nba/latest/1040x760/1627832.png
1627884,Derrick Jones Jr.,170,24.22952941176471,7.0588235294117645,3.605882352941177,0.5147117647058824,0.6006242481990143,4.321764705882353,0.1434705882352941,0.356812936845247,0.0414082948756123,0.1353031401393077,5.92961626534636,0.1687740147353513,derrick jones jr,Derrick Jones Jr.,LAC,SF,50.0,1350.0,0.499,12.3,0.311,0.243,0.034,0.008,0.404,0.737,0.467,0.231,0.333,0.359,Disruptive Defender,three-point range,at the rim,Perimeter Shooter,"Derrick Jones Jr. is a perimeter shooter. Their shot profile is built around three-point range, with their best efficiency coming at the rim. Defensively, they profile as a Disruptive Defender.","Creates defensive pressure with steals, blocks, and activity. This player can force mistakes and break up possessions.",204.0,Derrick Jones Jr.,28.0,LAC,SF,50.0,45.0,1350.0,0.0,29.0,60.0,11.0,0.0,4.4,4.8,19.0,11.0,61.0,8.0,52.0,13.0,167.0,22.0,20.0,,7.211764705882353,174.21176470588236,0.7605909420417923,0.404,167.0,0.1353031401393077,0.0,0.1034453613976204,0.6783194598014564,0.4217118997912318,0.1009063444108761,0.1026387609615396,0.2945693050153386,Wing,50.0,26.8022,10.08,3.46,1.38,0.9,1.0,0.8,2.6,189.0,379.0,55.0,153.0,71.0,93.0,0.49868073878627966,0.35947712418300654,0.7634408602150538,-4.894736842105263,0.07331578947368421,0.6773684210526315,0.1502105263157895,0.08989473684210526,0.13736842105263158,0.19189473684210526,0.325,LAC,https://cdn.nba.com/headshots/nba/latest/1040x760/1627884.png
1627936,Alex Caruso,153,22.10202614379085,6.326797385620915,2.751633986928105,0.4205751633986928,0.5443590275637955,11.163398692810455,0.148562091503268,0.3555781726409447,0.1238468166850237,0.1501832568168911,5.535736695947133,0.1318963604897559,alex caruso,Alex Caruso,OKC,SG,56.0,1020.0,0.423,16.4,0.23,0.133,0.023,0.01,0.603,0.725,0.45,0.571,0.667,0.293,Disruptive Defender,three-point range,at the rim,Balanced Player,"Alex Caruso profiles as a balanced player. Their most common shot comes three-point range, and they make shots most consistently at the rim. On defense, they profile as a Disruptive Defender.","Creates defensive pressure with steals, blocks, and activity. This player can force mistakes and break up possessions.",273.0,Alex Caruso,31.0,OKC,SG,56.0,0.0,1020.0,1.0,24.0,52.0,24.0,0.0,18.5,9.7,32.0,12.0,30.0,1.0,22.0,16.0,262.0,3.0,12.0,,5.503267973856209,267.5032679738562,1.5000549770450673,0.603,262.0,0.1501832568168911,0.0,0.1591315955419288,0.8141839120155733,0.6294363256784968,0.1583081570996979,0.1195533754170231,0.3894002183241115,Wing,63.0,18.010892857142856,5.523809523809524,2.4603174603174605,1.746031746031746,1.1428571428571428,0.2698412698412698,0.7619047619047619,6.063492063492063,127.0,300.0,53.0,181.0,41.0,51.0,0.42333333333333334,0.292817679558011,0.803921568627451,22.784848484848485,0.08636363636363636,0.5286363636363637,0.1451818181818182,0.20654545454545453,0.15966666666666668,0.3144848484848485,0.12572727272727272,OKC,https://cdn.nba.com/headshots/nba/latest/1040x760/1627936.png
1628365,Markelle Fultz,64,15.0265625,5.4375,2.453125,0.404484375,0.4247551778200259,-2.6640624999999996,0.096875,0.466363650523271,0.1316568567527699,0.1381327139497693,4.518711584506621,0.1079797575217666,markelle fultz,,,,,,,,,,,,,,,,,,Disruptive Defender,Not enough shooting data,Not enough shooting data,Balanced Player,"Markelle Fultz profiles as a balanced player. Their most common shot comes Not enough shooting data, and they make shots most consistently Not enough shooting data. On defense, they profile as a Disruptive Defender.","Creates defensive pressure with steals, blocks, and activity. This player can force mistakes and break up possessions.",,,,,,,,,,,,,,,,,,,,,,0.0,,,,4.90625,4.90625,0.0414398141849308,0.0,0.0,0.1381327139497693,0.0,0.0023859272200711,0.5461871728742036,0.0,0.0,0.1058552108802014,0.1480866851945995,Wing,6.0,6.9319999999999995,0.6666666666666666,0.16666666666666666,1.3333333333333333,0.3333333333333333,0.0,0.6666666666666666,-6.0,2.0,11.0,0.0,0.0,0.0,0.0,0.18181818181818182,,,,,,,,,,,,https://cdn.nba.com/headshots/nba/latest/1040x760/1628365.png
1628366,Lonzo Ball,70,21.30928571428571,5.985714285714286,2.0285714285714285,0.3301857142857143,0.4721626509345112,3.484285714285714,0.1372857142857143,0.3564525501770403,0.1708670630905344,0.176381429382929,4.898678767443329,0.0996501848107402,lonzo ball,Lonzo Ball,CLE,PG,35.0,728.0,0.301,22.5,0.097,0.023,0.023,0.023,0.835,0.588,0.25,0.5,0.0,0.272,Disruptive Defender,three-point range,at the rim,Balanced Player,"Lonzo Ball profiles as a balanced player. Their most common shot comes three-point range, and they make shots most consistently at the rim. On defense, they profile as a Disruptive Defender.","Creates defensive pressure with steals, blocks, and activity. This player can force mistakes and break up possessions.",338.0,Lonzo Ball,28.0,CLE,PG,35.0,3.0,728.0,43.0,54.0,4.0,0.0,0.0,0.3,-4.8,37.0,10.0,26.0,2.0,4.0,0.0,329.0,0.0,6.0,,4.057142857142857,333.0571428571429,-0.6670855711851212,0.835,329.0,0.176381429382929,0.0,0.1982610799852411,0.4160071927718963,0.8716075156576201,0.1987915407854985,0.149333517467947,0.3488598633610581,Guard,47.0,20.612571428571428,3.404255319148936,2.978723404255319,2.893617021276596,0.9574468085106383,0.19148936170212766,1.1063829787234043,0.6808510638297872,53.0,176.0,40.0,147.0,14.0,21.0,0.30113636363636365,0.272108843537415,0.6666666666666666,0.8799999999999997,0.07342857142857143,0.39065714285714287,0.1302,0.31165714285714285,0.22502857142857144,0.30388571428571426,0.1176,CLE,https://cdn.nba.com/headshots/nba/latest/1040x760/1628366.png
1628368,De'Aaron Fox,183,33.852076502732245,17.56830601092896,8.224043715846994,0.4694590163934426,0.5619528418911625,5.157377049180329,0.3165573770491803,0.6453461906660578,0.1813723974715424,0.1278234816962243,10.603326863289755,0.3368867323907243,deaaron fox,De'Aaron Fox,SAS,PG,72.0,2231.0,0.486,14.4,0.201,0.204,0.151,0.067,0.377,0.71,0.551,0.468,0.529,0.332,Disruptive Defender,three-point range,at the rim,Three-Level Scorer,"De'Aaron Fox profiles as a three-level scorer. They have a balanced shot diet that includes rim attempts, mid-range looks, and threes. Their most common shot comes three-point range, while their most reliable area is at the rim. Defensively, they profile as a Disruptive Defender.","Creates defensive pressure with steals, blocks, and activity. This player can force mistakes and break up possessions.",49.0,De'Aaron Fox,28.0,SAS,PG,72.0,72.0,2231.0,99.0,1.0,0.0,0.0,0.0,9.3,3.2,92.0,58.0,70.0,7.0,109.0,15.0,1108.0,21.0,54.0,AS,16.44808743169399,1124.448087431694,0.5183470445088673,0.377,1108.0,0.1278234816962243,0.0,0.670646880358474,0.6338110957937629,0.3935281837160752,0.6694864048338368,0.0941364392684542,0.5621030380594707,Guard,72.0,30.803472222222222,18.555555555555557,3.75,6.180555555555555,1.2361111111111112,0.2638888888888889,2.2777777777777777,6.277777777777778,509.0,1047.0,131.0,395.0,187.0,246.0,0.48615090735434574,0.33164556962025316,0.7601626016260162,5.071428571428571,0.11826190476190475,0.5746190476190476,0.24530952380952384,0.35,0.12988095238095237,0.23873809523809525,0.09309523809523809,SAS,https://cdn.nba.com/headshots/nba/latest/1040x760/1628368.png
1628369,Jayson Tatum,132,35.20098484848484,19.62878787878788,8.893939393939394,0.4497727272727273,0.5845200032444112,10.690909090909091,0.3940151515151515,0.7117814844582699,0.1624192439072621,0.2444464953914873,12.200229039255834,0.3606859350920688,jayson tatum,Jayson Tatum,BOS,PF,16.0,522.0,0.411,16.8,0.171,0.167,0.098,0.066,0.498,0.694,0.396,0.464,0.263,0.329,Rim Protector,three-point range,at the rim,On-Ball Creator,"Jayson Tatum profiles as an on-ball creator. They combine scoring volume with creation stats, meaning they likely generate offense for themselves and others. Defensively, they profile as a Rim Protector.",Protects the basket with shot blocking and interior presence. This player is most valuable defensively near the rim.,376.0,Jayson Tatum,27.0,BOS,PF,16.0,16.0,522.0,0.0,0.0,0.0,95.0,5.0,11.2,3.8,17.0,14.0,10.0,7.0,32.0,0.0,203.0,6.0,8.0,,17.78787878787879,220.7878787878788,0.6433339486174462,0.498,203.0,0.2444464953914873,5.0,0.1312469114150103,0.6567754002856985,0.5198329853862214,0.1226586102719033,0.2267048428659663,0.3296039077591489,Wing,16.0,32.41875,21.75,10.0,5.3125,1.375,0.1875,2.4375,7.375,118.0,287.0,47.0,143.0,65.0,79.0,0.41114982578397213,0.32867132867132864,0.8227848101265823,,,,,,,,,,https://cdn.nba.com/headshots/nba/latest/1040x760/1628369.png
1628370,Malik Monk,169,26.613372781065088,12.627218934911244,5.556213017751479,0.4302781065088757,0.536204428307658,-3.468639053254438,0.2186390532544379,0.5996158436816994,0.160818519180565,0.1137422212658483,8.032105327315959,0.2300074183105299,malik monk,Malik Monk,SAC,SG,62.0,1364.0,0.438,17.1,0.108,0.217,0.127,0.052,0.497,0.721,0.401,0.463,0.364,0.395,Disruptive Defender,three-point range,at the rim,Perimeter Shooter,"Malik Monk is a perimeter shooter. Their shot profile is built around three-point range, with their best efficiency coming at the rim. Defensively, they profile as a Disruptive Defender.","Creates defensive pressure with steals, blocks, and activity. This player can force mistakes and break up possessions.",200.0,Malik Monk,27.0,SAC,SG,62.0,3.0,1364.0,35.0,57.0,8.0,0.0,0.0,-9.9,0.5,65.0,20.0,70.0,1.0,44.0,12.0,429.0,6.0,31.0,,11.112426035502958,440.11242603550295,0.1091226663797545,0.497,429.0,0.1137422212658483,0.0,0.262162993413856,0.5586227927318996,0.5187891440501045,0.259214501510574,0.0781299054227972,0.3560737078493701,Guard,71.0,21.79016129032258,10.873239436619718,1.647887323943662,2.6056338028169015,0.5211267605633803,0.3380281690140845,1.2816901408450705,-3.591549295774648,277.0,632.0,124.0,314.0,94.0,107.0,0.43829113924050633,0.39490445859872614,0.8785046728971962,-6.874418604651162,0.07906976744186046,0.5283255813953488,0.23006976744186047,0.2311860465116279,0.11267441860465116,0.13265116279069766,0.14495348837209304,SAC,https://cdn.nba.com/headshots/nba/latest/1040x760/1628370.png
1628371,Jonathan Isaac,159,13.69125786163522,3.836477987421384,1.7358490566037736,0.3940251572327043,0.4784737115118975,-1.6301886792452829,0.1047169811320754,0.3499781684096638,0.0405725618809666,0.2727501675096545,4.313679358147473,0.0883557987371814,jonathan isaac,Jonathan Isaac,ORL,PF,52.0,521.0,0.422,11.0,0.404,0.165,0.046,0.037,0.349,0.636,0.5,0.2,0.25,0.184,Rim Protector,at the rim,at the rim,Balanced Player,"Jonathan Isaac profiles as a balanced player. Their most common shot comes at the rim, and they make shots most consistently at the rim. On defense, they profile as a Rim Protector.",Protects the basket with shot blocking and interior presence. This player is most valuable defensively near the rim.,377.0,Jonathan Isaac,28.0,ORL,PF,52.0,0.0,521.0,0.0,0.0,3.0,77.0,21.0,-2.2,-3.0,3.0,7.0,29.0,2.0,19.0,2.0,54.0,2.0,3.0,,3.4716981132075473,57.471698113207545,-0.3681749497471036,0.349,54.0,0.2727501675096545,21.0,0.0337625451219658,0.4709271427901249,0.3643006263048016,0.0326283987915407,0.2588783608515098,0.2150325736563428,Wing,60.0,9.810384615384615,2.2333333333333334,2.2,0.36666666666666664,0.3333333333333333,0.5166666666666667,0.3,-0.5833333333333334,46.0,109.0,7.0,38.0,35.0,58.0,0.42201834862385323,0.18421052631578946,0.603448275862069,-3.988095238095238,0.06747619047619048,0.3937857142857143,0.11640476190476191,0.06976190476190476,0.23304761904761906,0.13888095238095238,0.3071190476190476,ORL,https://cdn.nba.com/headshots/nba/latest/1040x760/1628371.png
1628372,Dennis Smith Jr.,37,18.54054054054054,5.702702702702703,2.5675675675675675,0.4379729729729729,0.505407207213638,-2.721621621621621,0.1321621621621621,0.405437915852512,0.185164790617751,0.1447889856816837,5.208178534427018,0.1196498535152536,dennis smith jr,,,,,,,,,,,,,,,,,,Disruptive Defender,Not enough shooting data,Not enough shooting data,Balanced Player,"Dennis Smith Jr. profiles as a balanced player. Their most common shot comes Not enough shooting data, and they make shots most consistently Not enough shooting data. On defense, they profile as a Disruptive Defender.","Creates defensive pressure with steals, blocks, and activity. This player can force mistakes and break up possessions.",,,,,,,,,,,,,,,,,,,,,,0.0,,,,5.135135135135135,5.135135135135135,0.0434366957045051,0.0,0.0,0.1447889856816837,0.0,0.0025225500718937,0.546554067274676,0.0,0.0,0.1134215675490222,0.1489896936023287,Wing,,,,,,,,,,,,,,,,,,,,,,,,,,,,https://cdn.nba.com/headshots/nba/latest/1040x760/1628372.png
1628374,Lauri Markkanen,121,32.56760330578512,16.65289256198347,7.619834710743802,0.4577851239669421,0.6030718856170147,-3.267768595041322,0.3119834710743802,0.626309664402023,0.0598318663460959,0.207047686995719,10.408529200531124,0.3149834114774753,lauri markkanen,Lauri Markkanen,UTA,PF,42.0,1443.0,0.477,13.9,0.21,0.267,0.073,0.047,0.402,0.734,0.507,0.441,0.263,0.355,Rim Protector,three-point range,at the rim,Perimeter Shooter,"Lauri Markkanen is a perimeter shooter. Their shot profile is built around three-point range, with their best efficiency coming at the rim. Defensively, they profile as a Rim Protector.",Protects the basket with shot blocking and interior presence. This player is most valuable defensively near the rim.,180.0,Lauri Markkanen,28.0,UTA,PF,42.0,42.0,1443.0,0.0,0.0,12.0,68.0,20.0,-2.1,9.4,19.0,33.0,53.0,8.0,112.0,2.0,222.0,33.0,46.0,,15.239669421487603,237.2396694214876,1.4721143060987156,0.402,222.0,0.207047686995719,20.0,0.1410670797392867,0.8090502695760137,0.4196242171189979,0.1341389728096676,0.1841926476449504,0.3534661939030296,Wing,45.0,33.338837209302326,24.955555555555556,6.4222222222222225,1.9777777777777779,0.9333333333333333,0.4666666666666667,1.4,-1.2222222222222223,384.0,805.0,115.0,324.0,240.0,268.0,0.47701863354037266,0.3549382716049383,0.8955223880597015,-3.2947368421052627,0.13844736842105262,0.614578947368421,0.26542105263157895,0.10305263157894737,0.20357894736842105,0.1631578947368421,0.19513157894736843,UTA,https://cdn.nba.com/headshots/nba/latest/1040x760/1628374.png
1628378,Donovan Mitchell,173,32.56265895953757,19.19653179190751,8.901734104046243,0.45821387283237,0.5911174557631222,9.78843930635838,0.3519653179190751,0.7427163877609325,0.1704207700182344,0.138954577400522,11.653871848013544,0.3592030196005253,donovan mitchell,Donovan Mitchell,CLE,SG,70.0,2342.0,0.483,15.7,0.189,0.192,0.113,0.067,0.439,0.664,0.565,0.541,0.426,0.364,Disruptive Defender,three-point range,at the rim,Perimeter Shooter,"Donovan Mitchell is a perimeter shooter. Their shot profile is built around three-point range, with their best efficiency coming at the rim. Defensively, they profile as a Disruptive Defender.","Creates defensive pressure with steals, blocks, and activity. This player can force mistakes and break up possessions.",31.0,Donovan Mitchell,29.0,CLE,SG,70.0,70.0,2342.0,19.0,54.0,25.0,2.0,0.0,6.9,6.9,114.0,61.0,72.0,8.0,167.0,10.0,966.0,40.0,47.0,"MVP-7,AS,NBA2",17.803468208092486,983.8034682080925,1.0766863732201566,0.439,966.0,0.138954577400522,0.0,0.5866952993154958,0.7363968382425098,0.4582463465553236,0.5836858006042296,0.1067894443748538,0.5565618057680327,Guard,71.0,33.251999999999995,27.492957746478872,4.450704225352113,5.605633802816901,1.4647887323943662,0.28169014084507044,2.788732394366197,5.211267605633803,678.0,1403.0,224.0,616.0,372.0,430.0,0.4832501781895937,0.36363636363636365,0.8651162790697674,7.947916666666667,0.15735416666666666,0.6114791666666667,0.3145625,0.3010833333333333,0.14570833333333333,0.2395625,0.074125,CLE,https://cdn.nba.com/headshots/nba/latest/1040x760/1628378.png
1628379,Luke Kennard,173,22.6209633911368,6.485549132947977,3.213872832369942,0.4694585741811176,0.6210601753988162,-1.6156069364161854,0.143757225433526,0.3394235150330446,0.1254762402809264,0.1152828023729551,5.823241429094908,0.1546662598143466,luke kennard,Luke Kennard,2TM,SG,78.0,1681.0,0.533,17.8,0.113,0.117,0.149,0.068,0.553,0.64,0.558,0.621,0.567,0.478,Disruptive Defender,three-point range,at the rim,Elite 3PT Threat,Luke Kennard profiles as an elite 3PT threat. They consistently take shots from three-point range and are most efficient at the rim. Their defensive profile is Disruptive Defender.,"Creates defensive pressure with steals, blocks, and activity. This player can force mistakes and break up possessions.",139.0,Luke Kennard,29.0,2TM,SG,78.0,6.0,1681.0,10.0,50.0,39.0,1.0,0.0,1.0,-1.6,38.0,15.0,54.0,4.0,22.0,5.0,425.0,5.0,18.0,,6.427745664739884,431.42774566473986,-0.2054151592881134,0.553,425.0,0.1152828023729551,0.0,0.2569790578178604,0.5008315988913568,0.5772442588726514,0.256797583081571,0.0798811239131313,0.3482540323803513,Guard,82.0,21.3375641025641,7.951219512195122,2.2195121951219514,2.1219512195121952,0.6707317073170732,0.0975609756097561,0.7317073170731707,0.5,236.0,443.0,117.0,245.0,63.0,69.0,0.5327313769751693,0.4775510204081633,0.9130434782608695,-3.9739130434782606,0.08734782608695651,0.6772608695652174,0.12191304347826086,0.1743913043478261,0.11732608695652175,0.1797608695652174,0.03878260869565218,ATL,https://cdn.nba.com/headshots/nba/latest/1040x760/1628379.png
1628380,Zach Collins,112,16.4775,6.008928571428571,2.9910714285714284,0.4703214285714286,0.5660800346551201,-5.625,0.143125,0.4663248138670354,0.1214799065430208,0.283751182679465,5.824639731699431,0.1351565331065715,zach collins,,,,,,,,,,,,,,,,,,Rim Protector,Not enough shooting data,Not enough shooting data,Balanced Player,"Zach Collins profiles as a balanced player. Their most common shot comes Not enough shooting data, and they make shots most consistently Not enough shooting data. On defense, they profile as a Rim Protector.",Protects the basket with shot blocking and interior presence. This player is most valuable defensively near the rim.,,,,,,,,,,,,,,,,,,,,,,0.0,,,,5.982142857142857,5.982142857142857,0.0851253548038395,0.0,0.0,0.283751182679465,0.0,0.003028133846166,0.5542136782414853,0.0,0.0,0.2713835000414862,0.1669030231029863,Wing,16.0,18.104,6.0625,3.5,0.9375,0.125,0.25,0.625,1.125,37.0,64.0,9.0,21.0,14.0,20.0,0.578125,0.42857142857142855,0.7,3.6,0.11359999999999999,0.6701,0.1775,0.12179999999999999,0.3027,0.028599999999999997,0.1833,CHI,https://cdn.nba.com/headshots/nba/latest/1040x760/1628380.png
1628381,John Collins,148,27.706554054054052,10.972972972972974,6.04054054054054,0.5479121621621621,0.6414151184308684,-2.7351351351351347,0.2409459459459459,0.5101070559070846,0.0504407579300244,0.2540006178019567,8.672837845485152,0.2595766996154592,john collins,John Collins,LAC,PF,69.0,1872.0,0.552,11.6,0.281,0.275,0.077,0.035,0.332,0.805,0.497,0.549,0.348,0.406,Rim Protector,three-point range,at the rim,High-Impact Balanced Player,"John Collins profiles as a balanced player. Their most common shot comes three-point range, and they make shots most consistently at the rim. On defense, they profile as a Rim Protector.",Protects the basket with shot blocking and interior presence. This player is most valuable defensively near the rim.,101.0,John Collins,28.0,LAC,PF,69.0,56.0,1872.0,0.0,0.0,0.0,89.0,10.0,-0.8,-3.9,29.0,34.0,101.0,21.0,76.0,2.0,170.0,30.0,44.0,,12.08108108108108,182.0810810810811,-0.5087998146594129,0.332,170.0,0.2540006178019567,10.0,0.1081426015414116,0.4450896181309161,0.3465553235908142,0.1027190332326284,0.2375652615397687,0.2405411731651555,Wing,71.0,26.922753623188406,13.169014084507042,5.169014084507042,0.9859154929577465,0.8450704225352113,0.7183098591549296,1.3380281690140845,-0.5352112676056338,364.0,659.0,89.0,219.0,118.0,154.0,0.5523520485584219,0.4063926940639269,0.7662337662337663,-0.979166666666667,0.09879166666666667,0.6664166666666667,0.1834375,0.0644375,0.20545833333333333,0.15108333333333335,0.24083333333333334,LAC,https://cdn.nba.com/headshots/nba/latest/1040x760/1628381.png
1628384,OG Anunoby,164,34.70036585365853,12.725609756097562,6.115853658536586,0.4710548780487805,0.593731576765801,9.71280487804878,0.2473780487804878,0.4530577787408009,0.0606981948790235,0.144781466616704,8.538529799974127,0.2646662502224509,og anunoby,OG Anunoby,NYK,PF,67.0,2224.0,0.484,14.5,0.31,0.106,0.055,0.024,0.506,0.719,0.365,0.318,0.421,0.386,Disruptive Defender,three-point range,at the rim,Elite 3PT Threat,OG Anunoby profiles as an elite 3PT threat. They consistently take shots from three-point range and are most efficient at the rim. Their defensive profile is Disruptive Defender.,"Creates defensive pressure with steals, blocks, and activity. This player can force mistakes and break up possessions.",52.0,OG Anunoby,28.0,NYK,PF,67.0,67.0,2224.0,0.0,0.0,8.0,90.0,2.0,9.0,5.1,59.0,35.0,89.0,14.0,100.0,11.0,367.0,18.0,54.0,"DPOY-10,DEF2",12.231707317073171,379.2317073170732,0.8084344399850111,0.506,367.0,0.144781466616704,2.0,0.2258229427268167,0.6871099219907824,0.5281837160751566,0.2217522658610272,0.1134130204328972,0.3748507436290881,Wing,68.0,32.98955223880597,16.441176470588236,5.161764705882353,2.1323529411764706,1.5294117647058822,0.7058823529411765,1.8088235294117647,5.985294117647059,389.0,804.0,157.0,407.0,183.0,221.0,0.48383084577114427,0.3857493857493858,0.8280542986425339,8.317073170731707,0.09546341463414634,0.597390243902439,0.1979512195121951,0.1222439024390244,0.1686341463414634,0.28529268292682924,0.2316585365853659,NYK,https://cdn.nba.com/headshots/nba/latest/1040x760/1628384.png
1628386,Jarrett Allen,188,28.725,9.3031914893617,6.095744680851064,0.6597925531914893,0.6869534819368653,8.745744680851065,0.275,0.4421304814783809,0.0848356680230408,0.3378941533809695,9.20363204706523,0.268000284892628,jarrett allen,Jarrett Allen,CLE,C,56.0,1519.0,0.638,5.0,0.455,0.419,0.087,0.021,0.019,0.813,0.52,0.5,0.273,0.1,Rim Protector,at the rim,at the rim,Rim-Dominant Big,"Jarrett Allen profiles as a rim-dominant big. They take a large share of their shots at the rim, finish best at the rim, and their defensive profile as a Rim Protector suggests they impact the game around the basket.",Protects the basket with shot blocking and interior presence. This player is most valuable defensively near the rim.,160.0,Jarrett Allen,27.0,CLE,C,56.0,56.0,1519.0,0.0,0.0,0.0,0.0,100.0,6.7,4.1,26.0,31.0,50.0,13.0,108.0,8.0,235.0,15.0,35.0,,12.191489361702128,247.19148936170217,0.7163682460142907,0.019,235.0,0.3378941533809695,100.0,0.1470073782224287,0.6701942608914361,0.0198329853862212,0.1419939577039275,0.3329292187165377,0.2768187819618102,Big,57.0,26.926964285714288,15.087719298245615,8.350877192982455,1.7543859649122806,0.9649122807017544,0.8245614035087719,1.3157894736842106,3.736842105263158,337.0,528.0,1.0,10.0,185.0,261.0,0.6382575757575758,0.1,0.7088122605363985,6.31,0.13187500000000002,0.651525,0.183975,0.1217,0.3257,0.22574999999999998,0.347925,CLE,https://cdn.nba.com/headshots/nba/latest/1040x760/1628386.png
1628389,Bam Adebayo,200,33.25735,14.65,6.995,0.47743,0.5564872672043348,2.8994999999999997,0.3254999999999999,0.5632420936129171,0.1144893096939603,0.301944751790544,10.126695988838838,0.2919174168953455,bam adebayo,Bam Adebayo,MIA,C,73.0,2365.0,0.442,13.3,0.205,0.252,0.148,0.045,0.349,0.685,0.45,0.426,0.308,0.318,Rim Protector,three-point range,at the rim,Three-Level Scorer,"Bam Adebayo profiles as a three-level scorer. They have a balanced shot diet that includes rim attempts, mid-range looks, and threes. Their most common shot comes three-point range, while their most reliable area is at the rim. Defensively, they profile as a Rim Protector.",Protects the basket with shot blocking and interior presence. This player is most valuable defensively near the rim.,29.0,Bam Adebayo,28.0,MIA,C,73.0,73.0,2365.0,0.0,0.0,0.0,21.0,79.0,6.4,9.5,46.0,52.0,57.0,9.0,188.0,4.0,574.0,39.0,37.0,"DPOY-11,DEF2",13.99,587.99,1.5155834255371632,0.349,574.0,0.301944751790544,79.0,0.3504319666860039,0.8170370110822566,0.3643006263048016,0.3468277945619335,0.2920646017929729,0.4629663730261766,Big,76.0,32.2141095890411,19.31578947368421,9.631578947368421,3.0526315789473686,1.131578947368421,0.6447368421052632,1.5789473684210527,4.355263157894737,506.0,1145.0,127.0,400.0,329.0,423.0,0.44192139737991265,0.3175,0.7777777777777778,4.328888888888889,0.1298,0.5338,0.2353111111111111,0.1485111111111111,0.32637777777777777,0.1762,0.2559111111111111,MIA,https://cdn.nba.com/headshots/nba/latest/1040x760/1628389.png
1628392,Isaiah Hartenstein,147,26.30122448979592,6.863945578231292,4.224489795918367,0.6101972789115646,0.6233543046760257,13.976190476190476,0.2382993197278911,0.3593089077622025,0.1376320091286003,0.374752676421671,7.64174195404228,0.1947098241324164,isaiah hartenstein,Isaiah Hartenstein,OKC,C,47.0,1137.0,0.622,4.8,0.524,0.314,0.139,0.0,0.024,0.768,0.484,0.488,,0.0,Rim Protector,at the rim,at the rim,Rim-Dominant Big,"Isaiah Hartenstein profiles as a rim-dominant big. They take a large share of their shots at the rim, finish best at the rim, and their defensive profile as a Rim Protector suggests they impact the game around the basket.",Protects the basket with shot blocking and interior presence. This player is most valuable defensively near the rim.,254.0,Isaiah Hartenstein,27.0,OKC,C,47.0,46.0,1137.0,0.0,0.0,0.0,0.0,100.0,15.7,6.2,42.0,14.0,46.0,21.0,56.0,4.0,390.0,15.0,17.0,,8.448979591836734,398.44897959183675,1.0424258029265012,0.024,390.0,0.374752676421671,100.0,0.2372938429269508,0.7301020174058614,0.0250521920668058,0.2356495468277945,0.3748272575653346,0.3422485507715795,Big,49.0,23.993191489361703,8.816326530612244,9.040816326530612,3.3877551020408165,0.9795918367346939,0.7346938775510204,1.6734693877551021,7.448979591836735,184.0,296.0,0.0,7.0,64.0,105.0,0.6216216216216216,0.0,0.6095238095238096,13.351851851851851,0.13644444444444442,0.6344074074074074,0.1681111111111111,0.1951111111111111,0.3921111111111111,0.1618148148148148,0.25722222222222224,OKC,https://cdn.nba.com/headshots/nba/latest/1040x760/1628392.png
1628396,Tony Bradley,55,10.044727272727274,2.9454545454545453,1.690909090909091,0.4978727272727272,0.5503656949843475,-2.507272727272727,0.0745454545454545,0.3676461012699997,0.0391792507913239,0.285979881941588,4.096389287493042,0.0880005960693083,tony bradley,,,,,,,,,,,,,,,,,,Rim Protector,Not enough shooting data,Not enough shooting data,Balanced Player,"Tony Bradley profiles as a balanced player. Their most common shot comes Not enough shooting data, and they make shots most consistently Not enough shooting data. On defense, they profile as a Rim Protector.",Protects the basket with shot blocking and interior presence. This player is most valuable defensively near the rim.,,,,,,,,,,,,,,,,,,,,,,0.0,,,,3.381818181818182,3.381818181818182,0.0857939645824764,0.0,0.0,0.285979881941588,0.0,0.0014759851118336,0.5543365243800661,0.0,0.0,0.2739169202809137,0.1665662171678413,Wing,51.0,10.790487804878047,3.176470588235294,2.2745098039215685,0.43137254901960786,0.11764705882352941,0.13725490196078433,0.35294117647058826,-2.7450980392156863,64.0,117.0,2.0,4.0,32.0,43.0,0.5470085470085471,0.5,0.7441860465116279,-9.773684210526316,0.08447368421052631,0.5553421052631579,0.14823684210526317,0.08249999999999999,0.27471052631578946,0.08113157894736843,0.13157894736842105,IND,https://cdn.nba.com/headshots/nba/latest/1040x760/1628396.png
1628398,Kyle Kuzma,171,28.95040935672515,13.0,5.982456140350878,0.4655906432748538,0.5475622569136347,-10.301754385964912,0.2286549707602339,0.5640752568741235,0.0980425919283971,0.1885152760809534,8.294521495015466,0.2501818465869961,kyle kuzma,Kyle Kuzma,MIL,PF,69.0,1806.0,0.492,12.1,0.3,0.257,0.071,0.025,0.347,0.744,0.446,0.306,0.471,0.347,Rim Protector,three-point range,at the rim,High-Impact Balanced Player,"Kyle Kuzma profiles as a balanced player. Their most common shot comes three-point range, and they make shots most consistently at the rim. On defense, they profile as a Rim Protector.",Protects the basket with shot blocking and interior presence. This player is most valuable defensively near the rim.,113.0,Kyle Kuzma,30.0,MIL,PF,69.0,43.0,1806.0,0.0,5.0,52.0,43.0,0.0,-7.5,-1.9,46.0,41.0,81.0,16.0,99.0,10.0,456.0,28.0,37.0,,11.964912280701755,467.96491228070175,-0.2284454171757139,0.347,456.0,0.1885152760809534,0.0,0.2787883024315071,0.4966001647388697,0.3622129436325678,0.2755287009063444,0.1631263756293493,0.3338628113557749,Wing,71.0,25.963333333333335,12.619718309859154,4.408450704225352,2.591549295774648,0.647887323943662,0.39436619718309857,1.676056338028169,-3.9859154929577465,339.0,689.0,83.0,239.0,135.0,186.0,0.49201741654571846,0.3472803347280335,0.7258064516129032,-7.3021276595744675,0.09387234042553191,0.5795744680851064,0.20574468085106382,0.17527659574468085,0.21697872340425534,0.12853191489361704,0.191468085106383,MIL,https://cdn.nba.com/headshots/nba/latest/1040x760/1628398.png
1628401,Derrick White,197,33.42878172588833,13.045685279187817,5.49746192893401,0.4233857868020304,0.5702032491159217,11.365482233502538,0.2591878172588832,0.4676674690901237,0.1534234312841239,0.1336260177872746,8.457873619538164,0.2375794868371968,derrick white,Derrick White,BOS,SG,77.0,2625.0,0.394,19.2,0.073,0.159,0.125,0.065,0.578,0.79,0.403,0.482,0.361,0.327,Disruptive Defender,three-point range,mid-range,On-Ball Creator,"Derrick White profiles as an on-ball creator. They combine scoring volume with creation stats, meaning they likely generate offense for themselves and others. Defensively, they profile as a Disruptive Defender.","Creates defensive pressure with steals, blocks, and activity. This player can force mistakes and break up possessions.",10.0,Derrick White,31.0,BOS,SG,77.0,77.0,2625.0,22.0,75.0,4.0,0.0,0.0,11.2,9.7,77.0,43.0,71.0,3.0,94.0,36.0,1012.0,20.0,34.0,"DPOY-6,DEF1",10.99492385786802,1022.994923857868,1.4950878053361822,0.578,1012.0,0.1336260177872746,0.0,0.6100889042990151,0.8132712752525452,0.6033402922755741,0.6114803625377644,0.1007323324977058,0.6090756938776254,Guard,79.0,33.90883116883117,16.037974683544302,4.291139240506329,5.2405063291139244,1.1139240506329113,1.240506329113924,1.6962025316455696,7.569620253164557,437.0,1108.0,209.0,640.0,184.0,204.0,0.3944043321299639,0.3265625,0.9019607843137255,11.564,0.10942,0.51918,0.22848,0.31312,0.14034000000000002,0.21972000000000003,0.30816,BOS,https://cdn.nba.com/headshots/nba/latest/1040x760/1628401.png
1628404,Josh Hart,192,34.576770833333335,9.546875,4.713541666666667,0.4831145833333333,0.5749323860597436,4.9515625,0.26109375,0.3609828974434823,0.1513847417887785,0.2561769197326256,8.012908786399528,0.2127885694389588,josh hart,Josh Hart,NYK,SF,66.0,1994.0,0.508,13.7,0.294,0.157,0.095,0.046,0.409,0.69,0.495,0.464,0.333,0.413,Rim Protector,three-point range,at the rim,Perimeter Shooter,"Josh Hart is a perimeter shooter. Their shot profile is built around three-point range, with their best efficiency coming at the rim. Defensively, they profile as a Rim Protector.",Protects the basket with shot blocking and interior presence. This player is most valuable defensively near the rim.,80.0,Josh Hart,30.0,NYK,SF,66.0,52.0,1994.0,0.0,41.0,51.0,9.0,0.0,5.3,-3.0,71.0,33.0,76.0,13.0,60.0,14.0,785.0,20.0,37.0,,9.427083333333334,794.4270833333334,-0.3731469240802122,0.409,785.0,0.2561769197326256,0.0,0.473655447451958,0.4700136236232496,0.4269311064718162,0.4743202416918429,0.2400391203739164,0.442441187063944,Wing,66.0,29.996363636363636,12.0,7.363636363636363,4.803030303030303,1.1363636363636365,0.25757575757575757,1.9393939393939394,3.1818181818181817,301.0,592.0,100.0,242.0,90.0,125.0,0.5084459459459459,0.4132231404958678,0.72,4.35,0.1192,0.586875,0.161175,0.28645,0.27199999999999996,0.20507499999999998,0.108325,NYK,https://cdn.nba.com/headshots/nba/latest/1040x760/1628404.png
1628415,Dillon Brooks,174,30.857931034482757,13.298850574712644,5.660919540229885,0.416316091954023,0.5320561456668677,0.7856321839080459,0.2073563218390804,0.5089367897560294,0.0553265779635721,0.1169673774288465,7.705708683179328,0.2401230031560212,dillon brooks,Dillon Brooks,PHO,SF,56.0,1702.0,0.435,16.4,0.093,0.182,0.234,0.106,0.385,0.663,0.503,0.46,0.392,0.344,Disruptive Defender,three-point range,at the rim,Mid-Range Shot Creator,"Dillon Brooks profiles as a mid-range shot creator. They regularly look for shots from three-point range, while making shots most consistently at the rim. On the defensive side, they profile as a Disruptive Defender.","Creates defensive pressure with steals, blocks, and activity. This player can force mistakes and break up possessions.",133.0,Dillon Brooks,30.0,PHO,SF,56.0,56.0,1702.0,0.0,0.0,7.0,91.0,2.0,-0.6,-3.9,33.0,31.0,69.0,20.0,84.0,22.0,240.0,13.0,29.0,,11.32183908045977,251.32183908045977,-0.549909786771346,0.385,240.0,0.1169673774288465,2.0,0.1494728076932772,0.4375363314568717,0.4018789144050104,0.1450151057401812,0.0817960240586828,0.2521361560821668,Wing,57.0,30.174642857142857,19.842105263157894,3.56140350877193,1.736842105263158,1.0,0.15789473684210525,1.719298245614035,-0.8596491228070176,417.0,959.0,127.0,369.0,170.0,202.0,0.4348279457768509,0.34417344173441733,0.8415841584158416,0.3652173913043478,0.0903695652173913,0.5584565217391304,0.2798478260869565,0.1226304347826087,0.1361304347826087,0.17878260869565218,0.06417391304347826,PHX,https://cdn.nba.com/headshots/nba/latest/1040x760/1628415.png
1628418,Thomas Bryant,146,12.866643835616438,4.554794520547945,2.356164383561644,0.4565958904109589,0.579985979971367,-8.01164383561644,0.1102739726027397,0.4233236459698524,0.0475811801540455,0.2725151029431578,5.065372355141477,0.1125809270689591,thomas bryant,Thomas Bryant,CLE,C,60.0,732.0,0.506,14.3,0.311,0.15,0.034,0.015,0.491,0.699,0.625,0.444,0.25,0.359,Rim Protector,three-point range,at the rim,Perimeter Shooter,"Thomas Bryant is a perimeter shooter. Their shot profile is built around three-point range, with their best efficiency coming at the rim. Defensively, they profile as a Rim Protector.",Protects the basket with shot blocking and interior presence. This player is most valuable defensively near the rim.,336.0,Thomas Bryant,28.0,CLE,C,60.0,1.0,732.0,0.0,0.0,0.0,0.0,100.0,2.4,-2.1,12.0,5.0,51.0,8.0,33.0,3.0,79.0,10.0,11.0,,4.712328767123288,83.71232876712328,-0.2332454691170526,0.491,79.0,0.2725151029431578,100.0,0.0494257282790744,0.4957182335066004,0.5125260960334029,0.0477341389728096,0.2586111568637598,0.2512132936769473,Big,78.0,12.0185,4.743589743589744,2.628205128205128,0.4230769230769231,0.23076923076923078,0.34615384615384615,0.358974358974359,0.5,135.0,267.0,47.0,131.0,53.0,66.0,0.5056179775280899,0.35877862595419846,0.803030303030303,-14.277777777777779,0.08488888888888889,0.5793333333333334,0.19058333333333333,0.06905555555555556,0.2671388888888889,0.07405555555555556,0.20230555555555554,CLE,https://cdn.nba.com/headshots/nba/latest/1040x760/1628418.png
1628420,Monte Morris,84,12.920238095238094,4.380952380952381,1.8095238095238095,0.3940476190476191,0.4960033427600931,3.4773809523809525,0.0857142857142857,0.4070204517401072,0.1381694196709251,0.1203412990434115,4.2210985508081125,0.0882407947398586,monte morris,,,,,,,,,,,,,,,,,,Disruptive Defender,Not enough shooting data,Not enough shooting data,Balanced Player,"Monte Morris profiles as a balanced player. Their most common shot comes Not enough shooting data, and they make shots most consistently Not enough shooting data. On defense, they profile as a Disruptive Defender.","Creates defensive pressure with steals, blocks, and activity. This player can force mistakes and break up possessions.",,,,,,,,,,,,,,,,,,,,,,0.0,,,,3.619047619047619,3.619047619047619,0.0361023897130234,0.0,0.0,0.1203412990434115,0.0,0.0016175887255039,0.5452065082065748,0.0,0.0,0.0856312482407191,0.1455117873659172,Wing,7.0,10.595,2.5714285714285716,1.0,1.2857142857142858,0.14285714285714285,0.14285714285714285,0.2857142857142857,-4.142857142857143,7.0,20.0,2.0,8.0,2.0,4.0,0.35,0.25,0.5,-2.483333333333332,0.06933333333333334,0.4756666666666667,0.1825,0.28883333333333333,0.10583333333333333,0.027833333333333335,0.0555,IND,https://cdn.nba.com/headshots/nba/latest/1040x760/1628420.png
1628436,Luke Kornet,185,18.690486486486485,3.7513513513513512,2.4756756756756757,0.5937027027027026,0.6407583473765494,12.102162162162164,0.1401081081081081,0.2483135755054425,0.082493081435089,0.2892559902473977,5.387010301248641,0.1312647416410419,luke kornet,Luke Kornet,SAS,C,68.0,1430.0,0.643,2.0,0.827,0.143,0.026,0.004,0.0,0.693,0.385,0.571,0.0,,Rim Protector,at the rim,at the rim,Rim-Dominant Big,"Luke Kornet profiles as a rim-dominant big. They take a large share of their shots at the rim, finish best at the rim, and their defensive profile as a Rim Protector suggests they impact the game around the basket.",Protects the basket with shot blocking and interior presence. This player is most valuable defensively near the rim.,183.0,Luke Kornet,30.0,SAS,C,68.0,25.0,1430.0,0.0,0.0,0.0,8.0,92.0,4.3,-5.8,11.0,8.0,93.0,7.0,44.0,9.0,299.0,4.0,18.0,,4.951351351351351,303.9513513513514,-0.7832232029257806,0.0,299.0,0.2892559902473977,92.0,0.1808876658588623,0.3946687977033387,0.0,0.1806646525679758,0.2776409575386765,0.2168528267800448,Big,69.0,20.557246376811595,6.434782608695652,6.0,1.826086956521739,0.463768115942029,0.9420289855072463,0.4057971014492754,1.710144927536232,175.0,272.0,0.0,0.0,94.0,114.0,0.6433823529411765,,0.8245614035087719,2.7731707317073173,0.1142439024390244,0.6398292682926829,0.10185365853658537,0.17073170731707318,0.2828048780487805,0.15080487804878048,0.5027317073170732,SAS,https://cdn.nba.com/headshots/nba/latest/1040x760/1628436.png
1628449,Chris Boucher,80,15.45825,6.0,3.0,0.4544875,0.5753336923381285,-0.1424999999999999,0.1355,0.4776073295951937,0.0386987192098733,0.2681747974190763,5.763715736204773,0.1351164028453845,chris boucher,,,,,,,,,,,,,,,,,,Rim Protector,Not enough shooting data,Not enough shooting data,Balanced Player,"Chris Boucher profiles as a balanced player. Their most common shot comes Not enough shooting data, and they make shots most consistently Not enough shooting data. On defense, they profile as a Rim Protector.",Protects the basket with shot blocking and interior presence. This player is most valuable defensively near the rim.,,,,,,,,,,,,,,,,,,,,,,0.0,,,,6.0,6.0,0.0804524392257229,0.0,0.0,0.2681747974190763,0.0,0.0030387928773045,0.553355106241752,0.0,0.0,0.2536774190343084,0.1649220356147906,Wing,49.0,10.276666666666666,0.42857142857142855,0.3673469387755102,0.061224489795918366,0.10204081632653061,0.14285714285714285,0.02040816326530612,0.10204081632653061,8.0,25.0,2.0,15.0,3.0,4.0,0.32,0.13333333333333333,0.75,-4.655555555555556,0.7082222222222223,0.35355555555555557,0.159,0.10844444444444444,0.19433333333333336,0.213,0.2777777777777778,BOS,https://cdn.nba.com/headshots/nba/latest/1040x760/1628449.png
1628464,Daniel Theis,77,16.362987012987013,3.987012987012987,2.051948051948052,0.4387922077922078,0.5092318839429653,-4.976623376623377,0.1115584415584415,0.3116622122272903,0.0813348583907173,0.2658802971553911,4.542578517841918,0.1049298697411242,daniel theis,,,,,,,,,,,,,,,,,,Rim Protector,Not enough shooting data,Not enough shooting data,Balanced Player,"Daniel Theis profiles as a balanced player. Their most common shot comes Not enough shooting data, and they make shots most consistently Not enough shooting data. On defense, they profile as a Rim Protector.",Protects the basket with shot blocking and interior presence. This player is most valuable defensively near the rim.,,,,,,,,,,,,,,,,,,,,,,0.0,,,,4.103896103896104,4.103896103896104,0.0797640891466173,0.0,0.0,0.2658802971553911,0.0,0.0019069975709615,0.5532286331450194,0.0,0.0,0.2510692010902442,0.1641768774236638,Wing,,,,,,,,,,,,,,,,,,,,,,,,,,,,https://cdn.nba.com/headshots/nba/latest/1040x760/1628464.png
1628467,Maxi Kleber,115,16.05104347826087,2.6,1.1217391304347826,0.3359478260869565,0.4513851146690177,-0.4486956521739131,0.072,0.2263855166375164,0.0717338264218558,0.1754192529080455,3.2795350729342596,0.0704453785605385,maxi kleber,Maxi Kleber,LAL,PF,43.0,461.0,0.452,12.2,0.274,0.274,0.096,0.0,0.356,0.6,0.65,0.286,,0.231,Disruptive Defender,three-point range,short paint / floater range,Balanced Player,"Maxi Kleber profiles as a balanced player. Their most common shot comes three-point range, and they make shots most consistently short paint / floater range. On defense, they profile as a Disruptive Defender.","Creates defensive pressure with steals, blocks, and activity. This player can force mistakes and break up possessions.",391.0,Maxi Kleber,34.0,LAL,PF,43.0,1.0,461.0,0.0,0.0,0.0,21.0,79.0,5.1,3.6,9.0,2.0,35.0,6.0,11.0,1.0,71.0,0.0,6.0,,2.243478260869565,73.24347826086957,0.5926257758724137,0.356,71.0,0.1754192529080455,79.0,0.043176811281366,0.6474586008381741,0.37160751565762,0.0429003021148036,0.1482397865205743,0.2539905109342707,Big,67.0,10.534883720930232,1.2835820895522387,1.2537313432835822,0.40298507462686567,0.26865671641791045,0.16417910447761194,0.2537313432835821,0.8208955223880597,33.0,73.0,6.0,26.0,14.0,26.0,0.4520547945205479,0.23076923076923078,0.5384615384615384,-0.18000000000000047,0.013239999999999998,0.3942,0.10728,0.12728,0.24192,0.20131999999999997,0.1,LAL,https://cdn.nba.com/headshots/nba/latest/1040x760/1628467.png
1628470,Torrey Craig,52,14.837692307692306,3.8846153846153846,1.6730769230769231,0.3513846153846153,0.4758554934145793,-10.91153846153846,0.0909615384615384,0.2907183037977103,0.0513520168501175,0.1986858958069807,3.959003087839159,0.0896117604034139,torrey craig,,,,,,,,,,,,,,,,,,Rim Protector,Not enough shooting data,Not enough shooting data,Balanced Player,"Torrey Craig profiles as a balanced player. Their most common shot comes Not enough shooting data, and they make shots most consistently Not enough shooting data. On defense, they profile as a Rim Protector.",Protects the basket with shot blocking and interior presence. This player is most valuable defensively near the rim.,,,,,,,,,,,,,,,,,,,,,,0.0,,,,3.3461538461538463,3.3461538461538463,0.0596057687420942,0.0,0.0,0.1986858958069807,0.0,0.0014546968650283,0.5495248706499238,0.0,0.0,0.1746875827869686,0.1554318546871891,Wing,,,,,,,,,,,,,,,,,,,,,,,,,,,,https://cdn.nba.com/headshots/nba/latest/1040x760/1628470.png
1628502,Nigel Hayes-Davis,27,7.063703703703704,1.7037037037037035,0.5555555555555556,0.2345555555555555,0.2793508369749504,-27.32962962962963,0.0281481481481481,0.3067781760053404,0.0252374716457456,0.2166609609906883,2.068275529602199,0.0356745540410401,nigel hayesdavis,,,,,,,,,,,,,,,,,,Rim Protector,Not enough shooting data,Not enough shooting data,Balanced Player,"Nigel Hayes-Davis profiles as a balanced player. Their most common shot comes Not enough shooting data, and they make shots most consistently Not enough shooting data. On defense, they profile as a Rim Protector.",Protects the basket with shot blocking and interior presence. This player is most valuable defensively near the rim.,,,,,,,,,,,,,,,,,,,,,,0.0,,,,1.1111111111111112,1.1111111111111112,0.0649982882972065,0.0,0.0,0.2166609609906883,0.0,0.0001205870189406,0.5505156581402255,0.0,0.0,0.1951203054586013,0.1571891798884928,Wing,51.0,7.063703703703704,0.6666666666666666,0.6470588235294118,0.13725490196078433,0.1568627450980392,0.0392156862745098,0.1568627450980392,-1.411764705882353,15.0,46.0,2.0,16.0,2.0,4.0,0.32608695652173914,0.125,0.5,-27.32962962962963,-0.02370370370370371,0.2793333333333333,0.11244444444444444,0.060888888888888895,0.17837037037037037,0.10648148148148148,0.05555555555555555,PHX,https://cdn.nba.com/headshots/nba/latest/1040x760/1628502.png
1628960,Grayson Allen,163,28.070613496932516,9.803680981595091,4.337423312883436,0.4505766871165644,0.6331777115522043,1.0159509202453985,0.1966257668711656,0.436200663653174,0.1027864469383449,0.11724686230116,7.239419124539648,0.1946026447771778,grayson allen,Grayson Allen,PHO,SG,51.0,1467.0,0.403,20.2,0.097,0.177,0.034,0.009,0.682,0.769,0.39,0.435,0.667,0.349,Disruptive Defender,three-point range,at the rim,High-Impact Balanced Player,"Grayson Allen profiles as a balanced player. Their most common shot comes three-point range, and they make shots most consistently at the rim. On defense, they profile as a Disruptive Defender.","Creates defensive pressure with steals, blocks, and activity. This player can force mistakes and break up possessions.",173.0,Grayson Allen,30.0,PHO,SG,51.0,27.0,1467.0,31.0,53.0,15.0,0.0,0.0,0.0,-2.6,48.0,22.0,53.0,6.0,63.0,9.0,479.0,11.0,29.0,,8.674846625766872,487.67484662576686,-0.354825941309652,0.682,479.0,0.11724686230116,0.0,0.2905532754511351,0.4733798053039251,0.7118997912317329,0.2894259818731118,0.0821137217598336,0.3785052005544898,Guard,51.0,28.5721568627451,16.49019607843137,3.0392156862745097,3.823529411764706,1.3529411764705883,0.2549019607843137,1.6274509803921569,0.35294117647058826,269.0,667.0,159.0,455.0,144.0,168.0,0.4032983508245877,0.34945054945054943,0.8571428571428571,2.8457142857142856,0.105,0.5718571428571428,0.22482857142857143,0.2536857142857143,0.11974285714285714,0.21865714285714288,0.08402857142857142,PHX,https://cdn.nba.com/headshots/nba/latest/1040x760/1628960.png
1628963,Marvin Bagley III,117,17.34760683760684,6.427350427350428,3.811965811965812,0.5427863247863248,0.5943146490162536,-4.958974358974359,0.1615384615384615,0.485721045752455,0.0637111638519569,0.3140040090290367,6.511650995818629,0.1684395782509616,marvin bagley iii,Marvin Bagley III,2TM,PF,60.0,1201.0,0.618,6.2,0.528,0.326,0.017,0.002,0.127,0.733,0.485,0.714,1.0,0.462,Rim Protector,at the rim,at the rim,Rim-Dominant Big,"Marvin Bagley III profiles as a rim-dominant big. They take a large share of their shots at the rim, finish best at the rim, and their defensive profile as a Rim Protector suggests they impact the game around the basket.",Protects the basket with shot blocking and interior presence. This player is most valuable defensively near the rim.,232.0,Marvin Bagley III,26.0,2TM,PF,60.0,12.0,1201.0,0.0,0.0,0.0,2.0,98.0,-8.3,1.4,22.0,21.0,89.0,11.0,70.0,10.0,210.0,14.0,30.0,,7.623931623931624,217.6239316239316,0.304201202708711,0.127,210.0,0.3140040090290367,98.0,0.129358333179909,0.5944652911124301,0.1325678496868476,0.1268882175226586,0.3057726721816877,0.2635109224735329,Big,69.0,19.49081967213115,9.08695652173913,5.304347826086956,1.2318840579710144,0.4057971014492754,0.6231884057971014,0.8840579710144928,-3.1884057971014492,254.0,411.0,24.0,52.0,95.0,144.0,0.6180048661800487,0.46153846153846156,0.6597222222222222,-10.65263157894737,0.12444736842105264,0.687078947368421,0.17826315789473685,0.15410526315789475,0.3086315789473684,0.13557894736842105,0.3195,WAS,https://cdn.nba.com/headshots/nba/latest/1040x760/1628963.png
1628964,Mo Bamba,74,13.791486486486487,3.6621621621621623,1.6891891891891893,0.4160945945945946,0.4782686882197962,-15.29189189189189,0.1058108108108108,0.3569851361200493,0.0551365340300722,0.351108085568324,4.3271547152778655,0.085979650997875,mo bamba,,,,,,,,,,,,,,,,,,Rim Protector,Not enough shooting data,Not enough shooting data,Balanced Player,"Mo Bamba profiles as a balanced player. Their most common shot comes Not enough shooting data, and they make shots most consistently Not enough shooting data. On defense, they profile as a Rim Protector.",Protects the basket with shot blocking and interior presence. This player is most valuable defensively near the rim.,,,,,,,,,,,,,,,,,,,,,,0.0,,,,3.3783783783783785,3.3783783783783785,0.1053324256704972,0.0,0.0,0.351108085568324,0.0,0.001473931873403,0.5579263978386435,0.0,0.0,0.347949838059309,0.174866156014953,Wing,12.0,10.77,0.8333333333333334,1.8333333333333333,0.08333333333333333,0.0,0.25,0.16666666666666666,-1.0833333333333333,5.0,11.0,0.0,0.0,0.0,0.0,0.45454545454545453,,,-53.9,0.135,0.0,0.2,0.0,0.25,0.0,0.5,TOR,https://cdn.nba.com/headshots/nba/latest/1040x760/1628964.png
1628966,Keita Bates-Diop,31,8.483870967741936,2.032258064516129,1.0,0.4471935483870967,0.5881451157461718,-2.8967741935483873,0.0496774193548387,0.2995402097541816,0.0624745142060132,0.1673714692877281,3.458677057069459,0.0656760606247431,keita batesdiop,,,,,,,,,,,,,,,,,,Disruptive Defender,Not enough shooting data,Not enough shooting data,Efficient Role Finisher,"Keita Bates-Diop profiles as a balanced player. Their most common shot comes Not enough shooting data, and they make shots most consistently Not enough shooting data. On defense, they profile as a Disruptive Defender.","Creates defensive pressure with steals, blocks, and activity. This player can force mistakes and break up possessions.",,,,,,,,,,,,,,,,,,,,,,0.0,,,,2.0,2.0,0.0502114407863184,0.0,0.0,0.1673714692877281,0.0,0.0006511699022795,0.5477988161547576,0.0,0.0,0.139091662207551,0.1511193382203563,Wing,,,,,,,,,,,,,,,,,,,,,,,,,,,,https://cdn.nba.com/headshots/nba/latest/1040x760/1628966.png
1628969,Mikal Bridges,213,34.741690140845066,13.615023474178404,6.483568075117371,0.4714507042253521,0.5698577053447437,3.187323943661972,0.2412206572769953,0.4501985475640572,0.1066813415520028,0.1036109462616138,8.497528896608355,0.2789932492636072,mikal bridges,Mikal Bridges,NYK,SF,82.0,2692.0,0.49,15.0,0.202,0.144,0.168,0.049,0.436,0.779,0.511,0.463,0.383,0.371,Disruptive Defender,three-point range,at the rim,Perimeter Shooter,"Mikal Bridges is a perimeter shooter. Their shot profile is built around three-point range, with their best efficiency coming at the rim. Defensively, they profile as a Disruptive Defender.","Creates defensive pressure with steals, blocks, and activity. This player can force mistakes and break up possessions.",6.0,Mikal Bridges,29.0,NYK,SF,82.0,82.0,2692.0,0.0,8.0,65.0,27.0,0.0,6.7,-0.4,44.0,23.0,78.0,2.0,42.0,21.0,774.0,11.0,19.0,,12.967136150234742,786.9671361502348,-0.0289167161215158,0.436,774.0,0.1036109462616138,0.0,0.4692025621302482,0.5332603082840562,0.4551148225469729,0.4676737160120846,0.0666134224306131,0.442692039149429,Wing,82.0,32.6340243902439,14.402439024390244,3.8048780487804876,3.707317073170732,1.3048780487804879,0.7560975609756098,1.0121951219512195,3.6341463414634148,472.0,963.0,156.0,420.0,81.0,98.0,0.490134994807892,0.37142857142857144,0.826530612244898,6.676923076923076,0.1066923076923077,0.6077884615384616,0.17151923076923078,0.2103076923076923,0.12561538461538463,0.2539423076923077,0.2915192307692308,NYK,https://cdn.nba.com/headshots/nba/latest/1040x760/1628969.png
1628970,Miles Bridges,189,32.7789417989418,15.825396825396826,7.174603174603175,0.4543174603174603,0.5597533549310684,-4.164550264550265,0.291058201058201,0.5804620658280876,0.1073851255160525,0.2084552240125604,9.717168323433508,0.298234692597651,miles bridges,Miles Bridges,CHO,PF,77.0,2387.0,0.46,13.8,0.231,0.286,0.041,0.014,0.427,0.718,0.46,0.395,0.267,0.333,Rim Protector,three-point range,at the rim,High-Impact Balanced Player,"Miles Bridges profiles as a balanced player. Their most common shot comes three-point range, and they make shots most consistently at the rim. On defense, they profile as a Rim Protector.",Protects the basket with shot blocking and interior presence. This player is most valuable defensively near the rim.,26.0,Miles Bridges,27.0,CHO,PF,77.0,77.0,2387.0,0.0,0.0,3.0,95.0,2.0,3.3,-3.6,60.0,25.0,66.0,14.0,117.0,7.0,645.0,18.0,37.0,,14.34920634920635,659.3492063492064,-0.4774634327962319,0.427,645.0,0.2084552240125604,2.0,0.3930266868257326,0.4508471670510535,0.4457202505219206,0.3897280966767371,0.185792631468166,0.3943325768858348,Wing,81.0,30.79935064935065,16.22222222222222,5.555555555555555,3.037037037037037,0.5679012345679012,0.41975308641975306,1.3209876543209877,1.8148148148148149,479.0,1042.0,148.0,445.0,208.0,253.0,0.4596928982725528,0.3325842696629214,0.8221343873517787,0.3862745098039217,0.1107843137254902,0.5690588235294117,0.22349019607843137,0.18145098039215685,0.20198039215686275,0.12198039215686275,0.17801960784313728,CHA,https://cdn.nba.com/headshots/nba/latest/1040x760/1628970.png
1628971,Bruce Brown,162,23.96160493827161,7.04320987654321,3.2839506172839505,0.4353641975308642,0.520391555524826,-8.024074074074075,0.1474691358024691,0.3742192498678937,0.0915531159516771,0.1616898874577776,5.671032919396684,0.1515214216962995,bruce brown,Bruce Brown,DEN,SG,82.0,1998.0,0.475,10.7,0.318,0.289,0.094,0.015,0.284,0.741,0.344,0.327,0.0,0.385,Disruptive Defender,at the rim,at the rim,Balanced Player,"Bruce Brown profiles as a balanced player. Their most common shot comes at the rim, and they make shots most consistently at the rim. On defense, they profile as a Disruptive Defender.","Creates defensive pressure with steals, blocks, and activity. This player can force mistakes and break up possessions.",78.0,Bruce Brown,29.0,DEN,SG,82.0,4.0,1998.0,31.0,64.0,5.0,0.0,0.0,-0.4,-11.0,52.0,24.0,99.0,6.0,60.0,5.0,413.0,12.0,41.0,,6.567901234567901,419.5679012345679,-1.6014930337626667,0.284,413.0,0.1616898874577776,0.0,0.2498998485574352,0.2443250662066483,0.2964509394572024,0.2495468277945619,0.1326332608231271,0.2437268557549854,Guard,82.0,24.179024390243903,7.914634146341464,3.8780487804878048,2.1219512195121952,1.0365853658536586,0.24390243902439024,1.1097560975609757,-0.926829268292683,248.0,522.0,57.0,148.0,96.0,126.0,0.47509578544061304,0.38513513513513514,0.7619047619047619,-1.9499999999999997,0.06567307692307692,0.5058269230769231,0.13867307692307693,0.15023076923076922,0.1835576923076923,0.29928846153846156,0.11728846153846154,DEN,https://cdn.nba.com/headshots/nba/latest/1040x760/1628971.png
1628972,Troy Brown Jr.,32,14.09375,3.96875,1.21875,0.24478125,0.3287597372512673,-20.746875,0.07125,0.3524063308337689,0.1150057169997185,0.1872720913524899,3.18640437342134,0.0615635750950858,troy brown jr,,,,,,,,,,,,,,,,,,Disruptive Defender,Not enough shooting data,Not enough shooting data,Balanced Player,"Troy Brown Jr. profiles as a balanced player. Their most common shot comes Not enough shooting data, and they make shots most consistently Not enough shooting data. On defense, they profile as a Disruptive Defender.","Creates defensive pressure with steals, blocks, and activity. This player can force mistakes and break up possessions.",,,,,,,,,,,,,,,,,,,,,,0.0,,,,2.4375,2.4375,0.0561816274057469,0.0,0.0,0.1872720913524899,0.0,0.0009123161651729,0.5488957405435969,0.0,0.0,0.1617132153138403,0.1537601831333524,Wing,,,,,,,,,,,,,,,,,,,,,,,,,,,,https://cdn.nba.com/headshots/nba/latest/1040x760/1628972.png
1628973,Jalen Brunson,184,34.89608695652174,20.13586956521739,9.630434782608695,0.4746902173913043,0.5894840731919665,6.716304347826087,0.3597282608695652,0.7207742305818519,0.2007396089218906,0.089729376184239,11.976576767696123,0.3903526305583042,jalen brunson,Jalen Brunson,NYK,PG,74.0,2590.0,0.467,15.2,0.116,0.222,0.207,0.097,0.358,0.673,0.476,0.489,0.517,0.369,Disruptive Defender,three-point range,at the rim,Mid-Range Shot Creator,"Jalen Brunson profiles as a mid-range shot creator. They regularly look for shots from three-point range, while making shots most consistently at the rim. On the defensive side, they profile as a Disruptive Defender.","Creates defensive pressure with steals, blocks, and activity. This player can force mistakes and break up possessions.",15.0,Jalen Brunson,29.0,NYK,PG,74.0,74.0,2590.0,96.0,4.0,0.0,0.0,0.0,6.0,-2.3,108.0,54.0,93.0,8.0,176.0,54.0,1214.0,49.0,49.0,"CPOY-5,AS,NBA2",19.26086956521739,1233.2608695652175,-0.3180811871447283,0.358,1214.0,0.089729376184239,0.0,0.7355978550080715,0.4801310543979228,0.3736951983298539,0.733534743202417,0.0508338817870041,0.5487630478511296,Guard,74.0,34.777297297297295,26.04054054054054,3.3378378378378377,6.797297297297297,0.7702702702702703,0.10810810810810811,2.364864864864865,4.77027027027027,689.0,1475.0,195.0,528.0,354.0,421.0,0.46711864406779663,0.3693181818181818,0.8408551068883611,4.591489361702128,0.13087234042553192,0.5864680851063829,0.3050425531914894,0.2977872340425532,0.10148936170212765,0.13114893617021275,0.04521276595744681,NYK,https://cdn.nba.com/headshots/nba/latest/1040x760/1628973.png
1628975,Jevon Carter,127,13.11968503937008,4.984251968503937,1.9606299212598424,0.3543937007874016,0.4585509842063852,-6.183464566929134,0.0820472440944881,0.4666456717666988,0.0975553247051688,0.1078574407391353,4.225873430010821,0.0890924854630715,jevon carter,Jevon Carter,2TM,PG,53.0,867.0,0.401,21.0,0.072,0.052,0.081,0.094,0.7,0.455,0.25,0.48,0.655,0.363,Disruptive Defender,three-point range,long mid-range,Perimeter Shooter,"Jevon Carter is a perimeter shooter. Their shot profile is built around three-point range, with their best efficiency coming long mid-range. Defensively, they profile as a Disruptive Defender.","Creates defensive pressure with steals, blocks, and activity. This player can force mistakes and break up possessions.",311.0,Jevon Carter,30.0,2TM,PG,53.0,1.0,867.0,94.0,6.0,0.0,0.0,0.0,-5.7,-5.2,22.0,8.0,36.0,2.0,5.0,3.0,207.0,0.0,8.0,,3.921259842519685,210.92125984251967,-0.7476427677782594,0.7,207.0,0.1078574407391353,0.0,0.1253574698950713,0.4012061221735362,0.7306889352818371,0.1250755287009063,0.0714405228110035,0.2796994639448791,Guard,81.0,16.19735849056604,4.185185185185185,1.0987654320987654,1.0740740740740742,0.49382716049382713,0.12345679012345678,0.4444444444444444,-1.0740740740740742,123.0,307.0,78.0,215.0,15.0,19.0,0.4006514657980456,0.3627906976744186,0.7894736842105263,-21.63478260869565,0.05217391304347826,0.513,0.1956521739130435,0.1328695652173913,0.08330434782608695,0.24421739130434783,0.029,CHI,https://cdn.nba.com/headshots/nba/latest/1040x760/1628975.png
1628976,Wendell Carter Jr.,189,27.019717813051145,7.798941798941799,3.9100529100529102,0.5000828924162257,0.5956046894479499,1.553968253968254,0.2011640211640211,0.3868956899890075,0.0717204113019974,0.2659050540708393,6.9465842843007,0.17902343042008,wendell carter jr,Wendell Carter Jr.,ORL,C,78.0,2288.0,0.512,12.5,0.333,0.163,0.1,0.049,0.355,0.783,0.413,0.484,0.452,0.319,Rim Protector,three-point range,at the rim,Efficient Role Finisher,"Wendell Carter Jr. profiles as a balanced player. Their most common shot comes three-point range, and they make shots most consistently at the rim. On defense, they profile as a Rim Protector.",Protects the basket with shot blocking and interior presence. This player is most valuable defensively near the rim.,38.0,Wendell Carter Jr.,26.0,ORL,C,78.0,78.0,2288.0,0.0,0.0,0.0,0.0,100.0,1.6,2.6,30.0,31.0,156.0,27.0,111.0,8.0,374.0,20.0,43.0,,7.8201058201058204,381.8201058201058,0.4697715162212518,0.355,374.0,0.2659050540708393,100.0,0.2273679726604069,0.6248861349715926,0.3705636743215031,0.2259818731117824,0.2510973429179588,0.3504611955582605,Big,79.0,29.121025641025643,11.670886075949367,7.30379746835443,1.9493670886075949,0.759493670886076,0.620253164556962,1.2658227848101267,1.139240506329114,326.0,637.0,72.0,226.0,198.0,250.0,0.5117739403453689,0.3185840707964602,0.792,0.6999999999999998,0.0900625,0.6211041666666667,0.15520833333333334,0.12827083333333333,0.2785,0.1608125,0.22306250000000002,ORL,https://cdn.nba.com/headshots/nba/latest/1040x760/1628976.png
1628978,Donte DiVincenzo,193,29.709274611398964,11.310880829015543,4.751295336787565,0.4139948186528497,0.5714478439764709,6.027461139896372,0.214300518134715,0.4499788007441113,0.1264305673430218,0.1359338948288235,7.491762273314008,0.2083211153169428,donte divincenzo,Donte DiVincenzo,MIN,SG,82.0,2494.0,0.406,20.9,0.103,0.089,0.028,0.01,0.771,0.581,0.419,0.435,0.5,0.379,Disruptive Defender,three-point range,at the rim,Elite 3PT Threat,Donte DiVincenzo profiles as an elite 3PT threat. They consistently take shots from three-point range and are most efficient at the rim. Their defensive profile is Disruptive Defender.,"Creates defensive pressure with steals, blocks, and activity. This player can force mistakes and break up possessions.",21.0,Donte DiVincenzo,29.0,MIN,SG,82.0,82.0,2494.0,44.0,50.0,6.0,0.0,0.0,6.3,7.6,79.0,26.0,83.0,8.0,34.0,28.0,724.0,8.0,15.0,,9.50259067357513,733.5025906735751,1.180780168448647,0.771,724.0,0.1359338948288235,0.0,0.4372892678479129,0.7555223748449014,0.8048016701461378,0.4374622356495468,0.1033557561720154,0.5385983505544674,Guard,82.0,30.23463414634146,12.195121951219512,4.097560975609756,3.817073170731707,1.2682926829268293,0.4146341463414634,1.4390243902439024,4.109756097560975,339.0,835.0,244.0,644.0,78.0,105.0,0.4059880239520958,0.37888198757763975,0.7428571428571429,7.8830188679245285,0.09081132075471697,0.583,0.16822641509433964,0.22975471698113206,0.1518301886792453,0.2540566037735849,0.11150943396226415,MIN,https://cdn.nba.com/headshots/nba/latest/1040x760/1628978.png
1628981,Bruno Fernando,54,14.06574074074074,4.037037037037037,2.3518518518518516,0.5377222222222222,0.5738382499154233,-8.60925925925926,0.115,0.4353932571609961,0.0888273560053262,0.326813471999452,5.14044941221641,0.1113808201140852,bruno fernando,,,,,,,,,,,,,,,,,,Rim Protector,Not enough shooting data,Not enough shooting data,Balanced Player,"Bruno Fernando profiles as a balanced player. Their most common shot comes Not enough shooting data, and they make shots most consistently Not enough shooting data. On defense, they profile as a Rim Protector.",Protects the basket with shot blocking and interior presence. This player is most valuable defensively near the rim.,,,,,,,,,,,,,,,,,,,,,,0.0,,,,4.703703703703703,4.703703703703703,0.0980440415998356,0.0,0.0,0.326813471999452,0.0,0.0022650261724353,0.5565872761742854,0.0,0.0,0.3203335208780405,0.1720861816003495,Wing,,,,,,,,,,,,,,,,,,,,,,,,,,,,https://cdn.nba.com/headshots/nba/latest/1040x760/1628981.png
1628983,Shai Gilgeous-Alexander,189,33.41460317460317,20.35449735449735,10.846560846560848,0.5428888888888889,0.654661733284609,16.091534391534392,0.4273015873015873,0.7960089180449089,0.1951254882261369,0.1445090478666398,13.76182314176375,0.4374474175227514,shai gilgeousalexander,Shai Gilgeous-Alexander,OKC,PG,68.0,2259.0,0.553,12.6,0.228,0.173,0.273,0.101,0.226,0.754,0.485,0.586,0.504,0.386,Disruptive Defender,mid-range,at the rim,Mid-Range Shot Creator,"Shai Gilgeous-Alexander profiles as a mid-range shot creator. They regularly look for shots from mid-range, while making shots most consistently at the rim. On the defensive side, they profile as a Disruptive Defender.","Creates defensive pressure with steals, blocks, and activity. This player can force mistakes and break up possessions.",45.0,Shai Gilgeous-Alexander,27.0,OKC,PG,68.0,68.0,2259.0,100.0,0.0,0.0,0.0,0.0,16.5,12.3,81.0,48.0,68.0,12.0,274.0,5.0,1130.0,61.0,57.0,"MVP-1,CPOY-1,AS,NBA1",21.693121693121693,1151.6931216931216,1.888352714359992,0.226,1130.0,0.1445090478666398,0.0,0.6869095977979559,0.8855272862420692,0.2359081419624217,0.6827794561933535,0.1131033549761255,0.6111201630910108,Guard,68.0,33.01441176470588,31.13235294117647,4.294117647058823,6.588235294117647,1.3970588235294117,0.7647058823529411,2.2205882352941178,11.588235294117647,731.0,1321.0,115.0,298.0,540.0,614.0,0.5533686601059803,0.3859060402684564,0.8794788273615635,16.53673469387755,0.20985714285714285,0.6836938775510204,0.3216938775510204,0.37638775510204087,0.1467142857142857,0.19120408163265307,0.18328571428571427,OKC,https://cdn.nba.com/headshots/nba/latest/1040x760/1628983.png
1628988,Aaron Holiday,168,13.471785714285716,4.553571428571429,1.9702380952380951,0.3701369047619047,0.5108964840693898,1.0398809523809525,0.0818452380952381,0.3972890227840245,0.119532943079903,0.0906796703531155,4.244529402538124,0.0959958436396512,aaron holiday,Aaron Holiday,HOU,PG,57.0,781.0,0.417,20.0,0.067,0.139,0.083,0.036,0.675,0.588,0.657,0.19,0.111,0.394,Disruptive Defender,three-point range,short paint / floater range,Elite 3PT Threat,Aaron Holiday profiles as an elite 3PT threat. They consistently take shots from three-point range and are most efficient short paint / floater range. Their defensive profile is Disruptive Defender.,"Creates defensive pressure with steals, blocks, and activity. This player can force mistakes and break up possessions.",329.0,Aaron Holiday,29.0,HOU,PG,57.0,1.0,781.0,100.0,0.0,0.0,0.0,0.0,8.9,4.7,20.0,9.0,37.0,5.0,13.0,9.0,149.0,6.0,7.0,,3.9404761904761902,152.9404761904762,0.7322039011059346,0.675,149.0,0.0906796703531155,0.0,0.0907484071056781,0.6731038041587679,0.7045929018789144,0.0900302114803625,0.0519141058090412,0.3244586808927407,Guard,81.0,13.530877192982455,3.8518518518518516,0.7160493827160493,0.7407407407407407,0.3333333333333333,0.06172839506172839,0.4691358024691358,1.5925925925925926,105.0,252.0,67.0,170.0,35.0,41.0,0.4166666666666667,0.3941176470588235,0.8536585365853658,2.8742857142857146,0.061257142857142864,0.47828571428571426,0.15834285714285715,0.2132,0.07668571428571429,0.14980000000000002,0.06428571428571428,HOU,https://cdn.nba.com/headshots/nba/latest/1040x760/1628988.png
1628989,Kevin Huerter,172,23.349244186046512,8.627906976744185,3.813953488372093,0.4063953488372093,0.5117454105387185,-0.8523255813953488,0.1598837209302325,0.4304465433830969,0.110428880262101,0.1403822432818683,6.12926885326607,0.1691324983345819,kevin huerter,Kevin Huerter,2TM,SF,69.0,1549.0,0.451,16.2,0.21,0.18,0.045,0.02,0.545,0.808,0.467,0.556,0.25,0.308,Disruptive Defender,three-point range,at the rim,Balanced Player,"Kevin Huerter profiles as a balanced player. Their most common shot comes three-point range, and they make shots most consistently at the rim. On defense, they profile as a Disruptive Defender.","Creates defensive pressure with steals, blocks, and activity. This player can force mistakes and break up possessions.",157.0,Kevin Huerter,27.0,2TM,SF,69.0,14.0,1549.0,0.0,27.0,63.0,10.0,0.0,1.8,3.2,48.0,19.0,67.0,2.0,37.0,6.0,414.0,12.0,26.0,,7.627906976744186,421.6279069767442,0.5221146729845605,0.545,414.0,0.1403822432818683,0.0,0.2511294778171111,0.6345033360580161,0.5688935281837162,0.2501510574018127,0.1084123092002755,0.3802679910291147,Wing,77.0,22.224202898550725,9.0,3.116883116883117,2.311688311688312,0.8181818181818182,0.42857142857142855,0.935064935064935,1.1168831168831168,269.0,596.0,100.0,325.0,55.0,71.0,0.4513422818791946,0.3076923076923077,0.7746478873239436,-3.597826086956521,0.08067391304347826,0.5231304347826087,0.1908913043478261,0.1701304347826087,0.15843478260869565,0.24395652173913043,0.20286956521739133,DET,https://cdn.nba.com/headshots/nba/latest/1040x760/1628989.png
1628991,Jaren Jackson Jr.,156,30.386944444444445,16.628205128205128,7.826923076923077,0.4711395463510848,0.5744213718740314,0.5237179487179489,0.3001923076923077,0.696139421444492,0.0724567036460798,0.1837424376495178,10.35785065081877,0.317771217431075,jaren jackson jr,Jaren Jackson Jr.,2TM,C,48.0,1454.0,0.476,12.6,0.147,0.376,0.146,0.004,0.327,0.585,0.556,0.438,0.0,0.357,Disruptive Defender,short paint / floater range,at the rim,High-Impact Balanced Player,"Jaren Jackson Jr. profiles as a balanced player. Their most common shot comes short paint / floater range, and they make shots most consistently at the rim. On defense, they profile as a Disruptive Defender.","Creates defensive pressure with steals, blocks, and activity. This player can force mistakes and break up possessions.",176.0,Jaren Jackson Jr.,26.0,2TM,C,48.0,48.0,1454.0,0.0,0.0,0.0,55.0,45.0,-1.6,5.7,27.0,32.0,76.0,34.0,92.0,6.0,237.0,27.0,54.0,,15.653846153846152,252.65384615384616,0.9101227312948552,0.327,237.0,0.1837424376495178,45.0,0.1502678903661055,0.7057934864934702,0.3413361169102297,0.143202416918429,0.1577009664289183,0.3178462836410788,Wing,49.0,29.51,19.0,5.551020408163265,1.9183673469387754,1.0816326530612246,1.4081632653061225,2.183673469387755,-1.2857142857142858,342.0,719.0,84.0,235.0,163.0,203.0,0.4756606397774687,0.3574468085106383,0.8029556650246306,-4.566666666666666,0.10304444444444445,0.5766,0.2489777777777778,0.11093333333333333,0.19604444444444444,0.20046666666666668,0.3795777777777778,MEM,https://cdn.nba.com/headshots/nba/latest/1040x760/1628991.png
1628995,Kevin Knox II,31,12.78032258064516,4.548387096774194,2.096774193548387,0.3689354838709677,0.436859371391835,0.6580645161290317,0.0809677419354838,0.5195811289917198,0.0402689248206897,0.1842013531976366,4.298127468933139,0.0903556483264128,kevin knox ii,,,,,,,,,,,,,,,,,,Disruptive Defender,Not enough shooting data,Not enough shooting data,Volume Shot Creator,"Kevin Knox II profiles as a balanced player. Their most common shot comes Not enough shooting data, and they make shots most consistently Not enough shooting data. On defense, they profile as a Disruptive Defender.","Creates defensive pressure with steals, blocks, and activity. This player can force mistakes and break up possessions.",,,,,,,,,,,,,,,,,,,,,,0.0,,,,4.193548387096774,4.193548387096774,0.055260405959291,0.0,0.0,0.1842013531976366,0.0,0.0019605115337448,0.5487264811323667,0.0,0.0,0.1582226276317334,0.1537880876597629,Wing,,,,,,,,,,,,,,,,,,,,,,,,,,,,https://cdn.nba.com/headshots/nba/latest/1040x760/1628995.png
1628997,Caleb Martin,147,22.14115646258503,5.850340136054422,2.517006802721089,0.3809931972789115,0.4755931798579631,-7.940136054421769,0.1231292517006802,0.322582650764433,0.088182783777953,0.1558725048667143,4.79983599756534,0.1219621672248748,caleb martin,Caleb Martin,DAL,SF,58.0,856.0,0.45,12.2,0.312,0.18,0.085,0.122,0.302,0.729,0.353,0.188,0.304,0.351,Disruptive Defender,at the rim,at the rim,Balanced Player,"Caleb Martin profiles as a balanced player. Their most common shot comes at the rim, and they make shots most consistently at the rim. On defense, they profile as a Disruptive Defender.","Creates defensive pressure with steals, blocks, and activity. This player can force mistakes and break up possessions.",315.0,Caleb Martin,30.0,DAL,SF,58.0,12.0,856.0,1.0,56.0,36.0,6.0,0.0,-9.7,-4.9,22.0,7.0,44.0,6.0,29.0,19.0,201.0,4.0,15.0,,5.034013605442177,206.03401360544217,-0.6882382485399857,0.302,201.0,0.1558725048667143,0.0,0.1224402445450086,0.4121207334099235,0.3152400835073068,0.1214501510574018,0.1260204911923544,0.224039357921556,Guard,70.0,14.321016949152542,3.242857142857143,2.0428571428571427,1.1571428571428573,0.5714285714285714,0.21428571428571427,0.5714285714285714,-2.8,85.0,189.0,20.0,57.0,37.0,61.0,0.4497354497354497,0.3508771929824561,0.6065573770491803,-10.879545454545454,0.02852272727272727,0.3526590909090909,0.10097727272727272,0.22443181818181818,0.19349999999999998,0.2404772727272727,0.11893181818181818,DAL,https://cdn.nba.com/headshots/nba/latest/1040x760/1628997.png
1628998,Cody Martin,81,23.07962962962963,6.419753086419753,2.5555555555555554,0.3692098765432098,0.46841822336297,-8.820987654320987,0.1392592592592592,0.3569298787594893,0.1044474869102169,0.1910452107799851,5.102447760941223,0.1210025299934595,cody martin,,,,,,,,,,,,,,,,,,Rim Protector,Not enough shooting data,Not enough shooting data,Balanced Player,"Cody Martin profiles as a balanced player. Their most common shot comes Not enough shooting data, and they make shots most consistently Not enough shooting data. On defense, they profile as a Rim Protector.",Protects the basket with shot blocking and interior presence. This player is most valuable defensively near the rim.,,,,,,,,,,,,,,,,,,,,,,0.0,,,,5.111111111111111,5.111111111111111,0.0573135632339955,0.0,0.0,0.1910452107799851,0.0,0.0025082099939656,0.5491037152847158,0.0,0.0,0.1660022180006754,0.1548794346188327,Wing,4.0,13.5775,1.75,3.5,0.5,1.0,0.5,1.0,-7.0,2.0,10.0,0.0,5.0,3.0,6.0,0.2,0.0,0.5,-6.075,0.06075,0.34175,0.11325,0.05,0.22375,0.23225,0.08325,IND,https://cdn.nba.com/headshots/nba/latest/1040x760/1628998.png
1629001,De'Anthony Melton,62,21.660806451612903,10.161290322580646,4.064516129032258,0.3662903225806452,0.4767838424070673,4.079032258064516,0.1727419354838709,0.5843088143950973,0.1199026026208413,0.1403671007099005,6.612678833430751,0.167910369279183,deanthony melton,De'Anthony Melton,GSW,PG,49.0,1125.0,0.407,15.0,0.159,0.288,0.051,0.038,0.464,0.667,0.428,0.519,0.4,0.294,Disruptive Defender,three-point range,at the rim,Volume Shot Creator,"De'Anthony Melton profiles as a balanced player. Their most common shot comes three-point range, and they make shots most consistently at the rim. On defense, they profile as a Disruptive Defender.","Creates defensive pressure with steals, blocks, and activity. This player can force mistakes and break up possessions.",257.0,De'Anthony Melton,27.0,GSW,PG,49.0,24.0,1125.0,76.0,24.0,0.0,0.0,0.0,3.6,5.8,45.0,35.0,37.0,2.0,56.0,2.0,310.0,12.0,31.0,,8.129032258064516,318.1290322580645,0.9121101302129702,0.464,310.0,0.1403671007099005,0.0,0.1893504050252227,0.7061586386206313,0.4843423799582464,0.1873111782477341,0.1083950962460865,0.354501806108366,Guard,54.0,22.75877551020408,11.148148148148149,2.925925925925926,2.314814814814815,1.4259259259259258,0.37037037037037035,1.6851851851851851,1.7592592592592593,215.0,528.0,72.0,245.0,100.0,121.0,0.4071969696969697,0.2938775510204082,0.8264462809917356,19.516,0.08800000000000001,0.49392,0.24532,0.17484000000000002,0.14536,0.36804000000000003,0.174,GSW,https://cdn.nba.com/headshots/nba/latest/1040x760/1629001.png
1629002,Chimezie Metu,29,19.517241379310345,5.413793103448276,2.7241379310344827,0.4620344827586207,0.5997934420937153,-12.86551724137931,0.1306896551724138,0.3635317997523078,0.0642714733251991,0.2324917957691257,5.440237029234037,0.1322893922444437,chimezie metu,,,,,,,,,,,,,,,,,,Rim Protector,Not enough shooting data,Not enough shooting data,Efficient Role Finisher,"Chimezie Metu profiles as a balanced player. Their most common shot comes Not enough shooting data, and they make shots most consistently Not enough shooting data. On defense, they profile as a Rim Protector.",Protects the basket with shot blocking and interior presence. This player is most valuable defensively near the rim.,,,,,,,,,,,,,,,,,,,,,,0.0,,,,5.448275862068965,5.448275862068965,0.0697475387307377,0.0,0.0,0.2324917957691257,0.0,0.0027094655704045,0.5513882554242523,0.0,0.0,0.2131156258305929,0.1602424126672842,Wing,,,,,,,,,,,,,,,,,,,,,,,,,,,,https://cdn.nba.com/headshots/nba/latest/1040x760/1629002.png
1629003,Shake Milton,77,12.835454545454546,4.1688311688311686,1.8831168831168832,0.3275844155844156,0.4210756186253414,-10.975324675324677,0.0822077922077922,0.363241202306079,0.1037489661910134,0.151034546339595,3.881917052695974,0.0913798469836356,shake milton,,,,,,,,,,,,,,,,,,Disruptive Defender,Not enough shooting data,Not enough shooting data,Balanced Player,"Shake Milton profiles as a balanced player. Their most common shot comes Not enough shooting data, and they make shots most consistently Not enough shooting data. On defense, they profile as a Disruptive Defender.","Creates defensive pressure with steals, blocks, and activity. This player can force mistakes and break up possessions.",,,,,,,,,,,,,,,,,,,,,,0.0,,,,3.7662337662337664,3.7662337662337664,0.0453103639018785,0.0,0.0,0.151034546339595,0.0,0.0017054449821607,0.5468983232373964,0.0,0.0,0.1205210582906541,0.1494588646312788,Wing,,,,,,,,,,,,,,,,,,,,,,,,,,,,https://cdn.nba.com/headshots/nba/latest/1040x760/1629003.png
1629004,Svi Mykhailiuk,116,18.94965517241379,6.629310344827586,2.9224137931034484,0.4378706896551724,0.5930194355239505,1.285344827586207,0.1168965517241379,0.4075100459527779,0.0981546950958863,0.1157042063467783,5.370371501925684,0.1372312719802867,svi mykhailiuk,Svi Mykhailiuk,UTA,SF,50.0,1156.0,0.478,18.3,0.13,0.152,0.036,0.019,0.663,0.702,0.564,0.538,0.571,0.408,Disruptive Defender,three-point range,at the rim,Elite 3PT Threat,Svi Mykhailiuk profiles as an elite 3PT threat. They consistently take shots from three-point range and are most efficient at the rim. Their defensive profile is Disruptive Defender.,"Creates defensive pressure with steals, blocks, and activity. This player can force mistakes and break up possessions.",248.0,Svi Mykhailiuk,28.0,UTA,SF,50.0,41.0,1156.0,0.0,62.0,35.0,2.0,0.0,-3.2,6.8,18.0,16.0,34.0,3.0,16.0,4.0,227.0,6.0,14.0,,5.844827586206897,232.8448275862069,1.0547112619040335,0.663,227.0,0.1157042063467783,0.0,0.1384437734049074,0.7323592700580124,0.6920668058455115,0.1371601208459214,0.080360144736803,0.3640293743115652,Guard,82.0,22.9314,5.719512195121951,1.5121951219512195,1.1341463414634145,0.3170731707317073,0.036585365853658534,0.5121951219512195,-0.9390243902439024,173.0,362.0,98.0,240.0,25.0,28.0,0.47790055248618785,0.4083333333333333,0.8928571428571429,-5.672727272727273,0.06245454545454546,0.6399772727272727,0.13629545454545455,0.11468181818181819,0.12272727272727274,0.13847727272727273,0.045454545454545456,UTA,https://cdn.nba.com/headshots/nba/latest/1040x760/1629004.png
1629006,Josh Okogie,152,15.625986842105265,3.914473684210526,1.7105263157894737,0.3605197368421052,0.4695400471298054,-0.8651315789473683,0.0903947368421052,0.3294332049495906,0.0569038744516027,0.1598298569916584,4.022091814446492,0.0883502582997337,josh okogie,Josh Okogie,HOU,SG,78.0,1354.0,0.425,15.1,0.245,0.167,0.02,0.02,0.548,0.556,0.347,0.667,0.333,0.385,Disruptive Defender,three-point range,at the rim,Elite 3PT Threat,Josh Okogie profiles as an elite 3PT threat. They consistently take shots from three-point range and are most efficient at the rim. Their defensive profile is Disruptive Defender.,"Creates defensive pressure with steals, blocks, and activity. This player can force mistakes and break up possessions.",202.0,Josh Okogie,27.0,HOU,SG,78.0,32.0,1354.0,3.0,74.0,22.0,0.0,0.0,6.4,1.8,21.0,15.0,59.0,1.0,33.0,23.0,162.0,5.0,22.0,,3.4210526315789473,165.42105263157896,0.3179489570974975,0.548,162.0,0.1598298569916584,0.0,0.0981981348687612,0.5969912166893223,0.5720250521920669,0.0978851963746223,0.1305189159633683,0.2971712271824442,Guard,82.0,17.14205128205128,4.304878048780488,2.4390243902439024,0.8414634146341463,0.7682926829268293,0.1951219512195122,0.5,0.8414634146341463,125.0,294.0,62.0,161.0,41.0,69.0,0.42517006802721086,0.38509316770186336,0.5942028985507246,2.8760000000000003,0.051980000000000005,0.50666,0.1149,0.08588,0.14384,0.20236,0.09414,HOU,https://cdn.nba.com/headshots/nba/latest/1040x760/1629006.png
1629007,Jontay Porter,26,13.346153846153848,4.0,1.5384615384615383,0.2775769230769231,0.353885863325284,-12.634615384615383,0.1061538461538461,0.3598814435749267,0.148223177175443,0.2783336396998732,3.9121897078949366,0.0750518284767046,jontay porter,,,,,,,,,,,,,,,,,,Rim Protector,Not enough shooting data,Not enough shooting data,Balanced Player,"Jontay Porter profiles as a balanced player. Their most common shot comes Not enough shooting data, and they make shots most consistently Not enough shooting data. On defense, they profile as a Rim Protector.",Protects the basket with shot blocking and interior presence. This player is most valuable defensively near the rim.,,,,,,,,,,,,,,,,,,,,,,0.0,,,,3.076923076923077,3.076923076923077,0.0835000919099619,0.0,0.0,0.2783336396998732,0.0,0.0012939914724785,0.5539150627005961,0.0,0.0,0.2652252384645557,0.165518886110596,Wing,,,,,,,,,,,,,,,,,,,,,,,,,,,,https://cdn.nba.com/headshots/nba/latest/1040x760/1629007.png
1629008,Michael Porter Jr.,176,32.58835227272727,14.977272727272728,7.289772727272728,0.4862272727272727,0.6072781949565084,1.5551136363636366,0.2841477272727272,0.5478440709484018,0.0687487798538662,0.2107223950735567,9.731159090402691,0.3068438538288712,michael porter jr,Michael Porter Jr.,BRK,SF,52.0,1689.0,0.463,16.9,0.185,0.13,0.075,0.103,0.506,0.819,0.464,0.389,0.374,0.363,Rim Protector,three-point range,at the rim,Perimeter Shooter,"Michael Porter Jr. is a perimeter shooter. Their shot profile is built around three-point range, with their best efficiency coming at the rim. Defensively, they profile as a Rim Protector.",Protects the basket with shot blocking and interior presence. This player is most valuable defensively near the rim.,138.0,Michael Porter Jr.,27.0,BRK,SF,52.0,52.0,1689.0,0.0,3.0,76.0,21.0,0.0,-7.1,5.9,52.0,34.0,52.0,19.0,107.0,2.0,369.0,37.0,38.0,,14.579545454545457,383.57954545454544,0.948216718522067,0.506,369.0,0.2107223950735567,0.0,0.2284181922839964,0.7127926351501778,0.5281837160751566,0.2229607250755287,0.1883697835989119,0.3899260439798605,Wing,55.0,31.667735849056605,22.89090909090909,6.672727272727273,2.8727272727272726,1.0,0.23636363636363636,2.2181818181818183,-3.727272727272727,444.0,958.0,176.0,485.0,195.0,227.0,0.46346555323590816,0.3628865979381443,0.8590308370044053,-4.875,0.14465,0.5993,0.2929,0.1673,0.259025,0.21350000000000002,0.074575,BKN,https://cdn.nba.com/headshots/nba/latest/1040x760/1629008.png
1629011,Mitchell Robinson,87,18.39781609195402,3.3448275862068964,2.310344827586207,0.619183908045977,0.6036868186694694,5.414942528735632,0.1527586206896551,0.2584401376546713,0.0439996129166838,0.4120514259227858,5.427940731317751,0.1224782556630238,mitchell robinson,Mitchell Robinson,NYK,C,60.0,1175.0,0.723,1.0,0.922,0.073,0.005,0.0,0.0,0.732,0.6,1.0,,,Rim Protector,at the rim,at the rim,Rim-Dominant Big,"Mitchell Robinson profiles as a rim-dominant big. They take a large share of their shots at the rim, finish best at the rim, and their defensive profile as a Rim Protector suggests they impact the game around the basket.",Protects the basket with shot blocking and interior presence. This player is most valuable defensively near the rim.,241.0,Mitchell Robinson,27.0,NYK,C,60.0,16.0,1175.0,0.0,0.0,0.0,24.0,76.0,8.7,2.6,13.0,11.0,84.0,11.0,36.0,2.0,129.0,13.0,10.0,6MOY-8,4.620689655172414,133.6206896551724,0.5136154277768358,0.0,129.0,0.4120514259227858,76.0,0.0792163155546106,0.6329417384146961,0.0,0.0779456193353474,0.4172257132463605,0.2394390940836891,Big,60.0,19.385166666666667,5.666666666666667,8.75,0.8666666666666667,0.9333333333333333,1.1666666666666667,0.6833333333333333,2.6166666666666667,149.0,206.0,0.0,0.0,42.0,103.0,0.7233009708737864,,0.4077669902912621,7.7783783783783775,0.10883783783783785,0.5842162162162162,0.08762162162162163,0.10897297297297297,0.4355405405405405,0.20797297297297299,0.5018108108108108,NYK,https://cdn.nba.com/headshots/nba/latest/1040x760/1629011.png
1629012,Collin Sexton,175,26.27422857142857,12.942857142857145,6.28,0.4839142857142857,0.6060452593350134,-5.881714285714286,0.2342857142857143,0.6595760036558047,0.1622877826866705,0.0966258113351576,8.849573499602364,0.2581764018332176,collin sexton,Collin Sexton,2TM,SG,68.0,1614.0,0.485,13.3,0.275,0.22,0.077,0.053,0.376,0.647,0.448,0.526,0.333,0.401,Disruptive Defender,three-point range,at the rim,On-Ball Creator,"Collin Sexton profiles as an on-ball creator. They combine scoring volume with creation stats, meaning they likely generate offense for themselves and others. Defensively, they profile as a Disruptive Defender.","Creates defensive pressure with steals, blocks, and activity. This player can force mistakes and break up possessions.",146.0,Collin Sexton,27.0,2TM,SG,68.0,22.0,1614.0,35.0,54.0,11.0,0.0,0.0,-4.4,-6.6,56.0,56.0,59.0,19.0,116.0,16.0,524.0,29.0,58.0,,12.56,536.56,-0.9610122565994526,0.376,524.0,0.0966258113351576,0.0,0.31973310428462,0.3620029596860338,0.3924843423799583,0.3166163141993958,0.058673238441429,0.3147955882564327,Guard,71.0,23.5225,14.788732394366198,2.183098591549296,3.140845070422535,1.0704225352112675,0.14084507042253522,1.9859154929577465,-1.6619718309859155,360.0,742.0,112.0,279.0,218.0,255.0,0.48517520215633425,0.4014336917562724,0.8549019607843137,-1.8119047619047617,0.1228095238095238,0.6281904761904762,0.24980952380952384,0.31347619047619046,0.09026190476190477,0.2733333333333333,0.04123809523809524,CHA,https://cdn.nba.com/headshots/nba/latest/1040x760/1629012.png
1629013,Landry Shamet,127,18.164488188976375,5.858267716535433,2.574803149606299,0.4158818897637795,0.5456940906522137,2.7283464566929134,0.1003937007874015,0.3732472535432366,0.0609950220693011,0.0856310356276033,4.790663393216343,0.1235562424437227,landry shamet,Landry Shamet,NYK,SG,51.0,1171.0,0.437,19.6,0.162,0.038,0.044,0.033,0.723,0.712,0.071,0.375,0.583,0.392,Disruptive Defender,three-point range,at the rim,Elite 3PT Threat,Landry Shamet profiles as an elite 3PT threat. They consistently take shots from three-point range and are most efficient at the rim. Their defensive profile is Disruptive Defender.,"Creates defensive pressure with steals, blocks, and activity. This player can force mistakes and break up possessions.",244.0,Landry Shamet,28.0,NYK,SG,51.0,12.0,1171.0,3.0,85.0,12.0,0.0,0.0,8.4,2.3,20.0,6.0,42.0,1.0,29.0,26.0,185.0,6.0,18.0,,5.149606299212598,190.1496062992126,0.370689310688281,0.723,185.0,0.0856310356276033,0.0,0.1129587505877564,0.6066813962126021,0.7546972860125261,0.1117824773413897,0.0461751918099829,0.3258542091052693,Guard,51.0,22.75,9.313725490196079,1.803921568627451,1.411764705882353,0.6078431372549019,0.17647058823529413,0.5882352941176471,3.7450980392156863,159.0,364.0,103.0,263.0,54.0,76.0,0.4368131868131868,0.3916349809885932,0.7105263157894737,8.092592592592593,0.08303703703703703,0.6095925925925926,0.14422222222222222,0.15385185185185185,0.09066666666666666,0.12685185185185185,0.06085185185185185,NYK,https://cdn.nba.com/headshots/nba/latest/1040x760/1629013.png
1629014,Anfernee Simons,160,30.153250000000003,14.8875,6.375,0.41741875,0.5496544692141516,-3.843125,0.23775,0.5862239557022642,0.1338897142888494,0.0962886853993108,8.618911319046983,0.2648265929104291,anfernee simons,Anfernee Simons,2TM,SG,55.0,1372.0,0.44,19.7,0.057,0.153,0.114,0.091,0.585,0.622,0.586,0.514,0.339,0.385,Disruptive Defender,three-point range,short paint / floater range,Elite 3PT Threat,Anfernee Simons profiles as an elite 3PT threat. They consistently take shots from three-point range and are most efficient short paint / floater range. Their defensive profile is Disruptive Defender.,"Creates defensive pressure with steals, blocks, and activity. This player can force mistakes and break up possessions.",198.0,Anfernee Simons,26.0,2TM,SG,55.0,5.0,1372.0,49.0,48.0,3.0,0.0,0.0,2.2,-5.2,33.0,26.0,51.0,3.0,33.0,1.0,337.0,10.0,28.0,,12.75,349.75,-0.7511133943802067,0.585,337.0,0.0962886853993108,0.0,0.2082251422935151,0.4005684511580537,0.6106471816283925,0.2036253776435045,0.058290018648779,0.3012207865804067,Guard,64.0,24.726727272727274,12.265625,2.109375,2.09375,0.421875,0.125,1.0625,1.53125,285.0,648.0,146.0,379.0,69.0,77.0,0.4398148148148148,0.38522427440633245,0.8961038961038961,5.324,0.09676,0.5764,0.22457999999999997,0.20412,0.10984,0.12210000000000001,0.05564,CHI,https://cdn.nba.com/headshots/nba/latest/1040x760/1629014.png
1629018,Gary Trent Jr.,180,24.5555,9.205555555555556,3.861111111111111,0.3978555555555556,0.5402043443260953,-6.433333333333334,0.1451666666666666,0.4343644079853149,0.0510577266077974,0.0780775347853591,6.018230737837804,0.1718475846013414,gary trent jr,Gary Trent Jr.,MIL,SG,65.0,1377.0,0.387,21.5,0.038,0.085,0.07,0.085,0.723,0.611,0.375,0.515,0.425,0.36,Disruptive Defender,three-point range,long mid-range,Perimeter Shooter,"Gary Trent Jr. is a perimeter shooter. Their shot profile is built around three-point range, with their best efficiency coming long mid-range. Defensively, they profile as a Disruptive Defender.","Creates defensive pressure with steals, blocks, and activity. This player can force mistakes and break up possessions.",196.0,Gary Trent Jr.,27.0,MIL,SG,65.0,21.0,1377.0,2.0,36.0,61.0,1.0,0.0,-12.3,-9.0,22.0,10.0,42.0,7.0,23.0,12.0,186.0,6.0,15.0,,7.722222222222222,193.72222222222223,-1.326576739564392,0.723,186.0,0.0780775347853591,0.0,0.1150912655524359,0.2948364500575453,0.7546972860125261,0.1123867069486404,0.0375889315471044,0.2479477754868141,Wing,75.0,20.667272727272728,7.053333333333334,0.8933333333333333,1.0533333333333332,0.4533333333333333,0.04,0.5466666666666666,-4.64,183.0,473.0,123.0,342.0,40.0,52.0,0.386892177589852,0.35964912280701755,0.7692307692307693,-13.549999999999999,0.04732608695652174,0.5173695652173913,0.1466086956521739,0.12321739130434783,0.0613695652173913,0.12265217391304349,0.016304347826086956,MIL,https://cdn.nba.com/headshots/nba/latest/1040x760/1629018.png
1629020,Jarred Vanderbilt,115,17.422782608695652,3.7217391304347824,1.8608695652173912,0.4580260869565217,0.5267061045318062,-1.8191304347826085,0.1123478260869565,0.2931183896409159,0.0758449752184562,0.2718465148779519,4.5028768320076855,0.0989952555534213,jarred vanderbilt,Jarred Vanderbilt,LAL,PF,65.0,1128.0,0.471,11.2,0.425,0.154,0.0,0.008,0.413,0.706,0.297,,0.5,0.293,Rim Protector,at the rim,at the rim,Rim-Dominant Big,"Jarred Vanderbilt profiles as a rim-dominant big. They take a large share of their shots at the rim, finish best at the rim, and their defensive profile as a Rim Protector suggests they impact the game around the basket.",Protects the basket with shot blocking and interior presence. This player is most valuable defensively near the rim.,256.0,Jarred Vanderbilt,26.0,LAL,PF,65.0,3.0,1128.0,0.0,0.0,31.0,65.0,5.0,1.3,-0.8,26.0,19.0,53.0,6.0,15.0,11.0,194.0,1.0,23.0,,3.7217391304347824,197.72173913043477,-0.0384460455366144,0.413,194.0,0.2718465148779519,5.0,0.1174786001671982,0.531509449473263,0.4311064718162839,0.1172205438066465,0.2578511554741515,0.2820419431357174,Wing,82.0,17.160923076923076,3.5121951219512195,3.5609756097560976,1.024390243902439,0.6707317073170732,0.23170731707317074,0.6829268292682927,0.07317073170731707,113.0,240.0,29.0,99.0,33.0,56.0,0.4708333333333333,0.29292929292929293,0.5892857142857143,-2.1170731707317074,0.07031707317073171,0.5211463414634147,0.11729268292682928,0.16824390243902437,0.2783658536585366,0.21414634146341463,0.16951219512195123,LAL,https://cdn.nba.com/headshots/nba/latest/1040x760/1629020.png
1629021,Moritz Wagner,114,15.602280701754388,6.684210526315789,3.6403508771929824,0.538359649122807,0.6389338443803997,-5.858771929824561,0.1495614035087719,0.5859312380538918,0.0707751558919821,0.2585192827637671,6.606207868898105,0.1564521213773312,moritz wagner,,,,,,,,,,,,,,,,,,Rim Protector,Not enough shooting data,Not enough shooting data,Balanced Player,"Moritz Wagner profiles as a balanced player. Their most common shot comes Not enough shooting data, and they make shots most consistently Not enough shooting data. On defense, they profile as a Rim Protector.",Protects the basket with shot blocking and interior presence. This player is most valuable defensively near the rim.,,,,,,,,,,,,,,,,,,,,,,0.0,,,,7.280701754385965,7.280701754385965,0.0775557848291301,0.0,0.0,0.2585192827637671,0.0,0.0038032511105362,0.552822893254754,0.0,0.0,0.2427017451667867,0.1639971982745816,Wing,43.0,11.665555555555555,5.744186046511628,2.6744186046511627,0.627906976744186,0.3488372093023256,0.046511627906976744,0.4418604651162791,-2.046511627906977,83.0,195.0,22.0,70.0,59.0,72.0,0.4256410256410256,0.3142857142857143,0.8194444444444444,-38.13,0.11750000000000001,0.6416999999999999,0.2732,0.0386,0.29560000000000003,0.1333,0.0,ORL,https://cdn.nba.com/headshots/nba/latest/1040x760/1629021.png
1629022,Lonnie Walker IV,61,18.05262295081967,8.59016393442623,3.4262295081967213,0.347983606557377,0.4519378160048737,-5.2639344262295085,0.131639344262295,0.5311047000140783,0.0705005483101249,0.211158222238057,5.591793339846056,0.1444438056700209,lonnie walker iv,,,,,,,,,,,,,,,,,,Rim Protector,Not enough shooting data,Not enough shooting data,Volume Shot Creator,"Lonnie Walker IV profiles as a balanced player. Their most common shot comes Not enough shooting data, and they make shots most consistently Not enough shooting data. On defense, they profile as a Rim Protector.",Protects the basket with shot blocking and interior presence. This player is most valuable defensively near the rim.,,,,,,,,,,,,,,,,,,,,,,0.0,,,,6.852459016393443,6.852459016393443,0.0633474666714171,0.0,0.0,0.211158222238057,0.0,0.0035476305605065,0.5502123465993335,0.0,0.0,0.1888651996374067,0.1578586588377767,Wing,,,,,,,,,,,,,,,,,,,,,,,,,,,,https://cdn.nba.com/headshots/nba/latest/1040x760/1629022.png
1629023,P.J. Washington,159,31.12647798742138,11.38364779874214,5.119496855345912,0.436062893081761,0.5312076891518129,-1.4113207547169813,0.230503144654088,0.4604649899389148,0.0631122824291765,0.2229578131429004,7.763924116515659,0.2211833851465238,pj washington,P.J. Washington,DAL,PF,56.0,1736.0,0.45,12.1,0.243,0.324,0.059,0.018,0.356,0.669,0.441,0.359,0.417,0.325,Rim Protector,three-point range,at the rim,High-Impact Balanced Player,"P.J. Washington profiles as a balanced player. Their most common shot comes three-point range, and they make shots most consistently at the rim. On defense, they profile as a Rim Protector.",Protects the basket with shot blocking and interior presence. This player is most valuable defensively near the rim.,126.0,P.J. Washington,27.0,DAL,PF,56.0,53.0,1736.0,0.0,0.0,2.0,85.0,14.0,-6.9,-2.1,41.0,37.0,68.0,10.0,92.0,5.0,235.0,24.0,43.0,,10.238993710691824,245.23899371069183,-0.2481126560571299,0.356,235.0,0.2229578131429004,14.0,0.1458419223536816,0.4929866304617416,0.37160751565762,0.1419939577039275,0.2022781005717473,0.2717517597331185,Wing,64.0,30.795892857142857,12.390625,6.15625,1.53125,0.859375,0.9375,1.46875,-4.328125,296.0,658.0,76.0,234.0,125.0,182.0,0.44984802431610943,0.3247863247863248,0.6868131868131868,-6.5166666666666675,0.09369444444444446,0.5113055555555556,0.20402777777777778,0.1264722222222222,0.2375833333333333,0.27944444444444444,0.3785833333333333,DAL,https://cdn.nba.com/headshots/nba/latest/1040x760/1629023.png
1629026,Kenrich Williams,173,15.261676300578037,4.895953757225434,2.3179190751445087,0.4403988439306359,0.5404353069877325,7.336416184971099,0.1066473988439306,0.3664744940812796,0.0878140829640387,0.2135345153630316,4.765237568085294,0.1133190976604964,kenrich williams,Kenrich Williams,OKC,PF,56.0,855.0,0.473,14.8,0.264,0.155,0.064,0.081,0.436,0.692,0.326,0.526,0.458,0.388,Rim Protector,three-point range,at the rim,Perimeter Shooter,"Kenrich Williams is a perimeter shooter. Their shot profile is built around three-point range, with their best efficiency coming at the rim. Defensively, they profile as a Rim Protector.",Protects the basket with shot blocking and interior presence. This player is most valuable defensively near the rim.,316.0,Kenrich Williams,31.0,OKC,PF,56.0,2.0,855.0,0.0,2.0,10.0,70.0,18.0,4.0,-9.3,20.0,17.0,22.0,2.0,28.0,9.0,193.0,10.0,18.0,,4.635838150289017,197.635838150289,-1.3309396453910904,0.436,193.0,0.2135345153630316,18.0,0.1174273253787549,0.2940348372918839,0.4551148225469729,0.1166163141993957,0.191566393647714,0.2195651336412298,Wing,64.0,15.069821428571428,5.671875,2.921875,1.234375,0.484375,0.078125,0.671875,0.703125,140.0,296.0,50.0,129.0,33.0,52.0,0.47297297297297297,0.3875968992248062,0.6346153846153846,6.265625,0.08356250000000001,0.5708125000000001,0.1516875,0.17203125,0.24862499999999998,0.16396875,0.0625,OKC,https://cdn.nba.com/headshots/nba/latest/1040x760/1629026.png
1629027,Trae Young,114,34.235350877192985,17.017543859649123,7.0964912280701755,0.4220350877192982,0.5730017256897991,-1.8333333333333333,0.337280701754386,0.7119404738462713,0.3164007314546047,0.0839762574371251,10.68586858090229,0.2868442813884649,trae young,,,,,,,,,,,,,,,,,,Disruptive Defender,Not enough shooting data,Not enough shooting data,On-Ball Creator,"Trae Young profiles as an on-ball creator. They combine scoring volume with creation stats, meaning they likely generate offense for themselves and others. Defensively, they profile as a Disruptive Defender.","Creates defensive pressure with steals, blocks, and activity. This player can force mistakes and break up possessions.",,,,,,,,,,,,,,,,,,,,,,0.0,,,,14.192982456140353,14.192982456140353,0.0251928772311375,0.0,0.0,0.0839762574371251,0.0,0.0079292311638688,0.5432020632746886,0.0,0.0,0.0442941625339525,0.1434016245376149,Wing,26.0,25.456666666666667,10.346153846153847,1.1538461538461537,4.615384615384615,0.5,0.07692307692307693,1.5,-2.5384615384615383,81.0,177.0,27.0,80.0,80.0,97.0,0.4576271186440678,0.3375,0.8247422680412371,-7.2299999999999995,0.1183,0.5655,0.2724,0.4325,0.0738,0.1925,0.1,ATL,https://cdn.nba.com/headshots/nba/latest/1040x760/1629027.png
1629028,Deandre Ayton,143,29.00286713286713,10.888111888111888,6.6573426573426575,0.6137692307692308,0.6198103861858081,-6.43006993006993,0.2531468531468531,0.4384253186535653,0.0403638195341765,0.3160003295984973,8.863554523137282,0.2887077757281319,deandre ayton,Deandre Ayton,LAL,C,72.0,1958.0,0.671,5.3,0.421,0.406,0.146,0.027,0.0,0.842,0.59,0.42,0.563,,Rim Protector,at the rim,at the rim,Rim-Dominant Big,"Deandre Ayton profiles as a rim-dominant big. They take a large share of their shots at the rim, finish best at the rim, and their defensive profile as a Rim Protector suggests they impact the game around the basket.",Protects the basket with shot blocking and interior presence. This player is most valuable defensively near the rim.,87.0,Deandre Ayton,27.0,LAL,C,72.0,72.0,1958.0,0.0,0.0,0.0,0.0,100.0,0.4,-3.1,20.0,35.0,105.0,14.0,65.0,1.0,144.0,13.0,27.0,,13.314685314685317,157.3146853146853,-0.3701999011204507,0.0,144.0,0.3160003295984973,100.0,0.0933593976563095,0.4705550910119762,0.0,0.0870090634441087,0.3080419415357947,0.1944876323135081,Big,74.0,26.975555555555555,12.121621621621621,7.77027027027027,0.7972972972972973,0.5540540540540541,0.9459459459459459,1.1216216216216217,-0.10810810810810811,403.0,601.0,0.0,0.0,91.0,141.0,0.670549084858569,,0.6453900709219859,-4.024444444444445,0.11446666666666666,0.6798888888888889,0.16615555555555556,0.05366666666666667,0.3374888888888889,0.16893333333333335,0.3577777777777778,LAL,https://cdn.nba.com/headshots/nba/latest/1040x760/1629028.png
1629029,Luka Doncic,152,35.94092105263158,22.26315789473684,10.526315789473683,0.4697631578947368,0.6067737817116865,6.263815789473685,0.4724342105263158,0.840937414534794,0.2366458962512206,0.2341762792892487,14.272919858415175,0.4196362006028122,luka doncic,Luka DonÄiÄ,LAL,PG,64.0,2289.0,0.476,17.8,0.076,0.198,0.186,0.063,0.476,0.829,0.595,0.509,0.402,0.366,Rim Protector,three-point range,short paint / floater range,Perimeter Shooter,"Luka Doncic is a perimeter shooter. Their shot profile is built around three-point range, with their best efficiency coming short paint / floater range. Defensively, they profile as a Rim Protector.",Protects the basket with shot blocking and interior presence. This player is most valuable defensively near the rim.,37.0,Luka DonÄiÄ,26.0,LAL,PG,64.0,64.0,2289.0,86.0,14.0,0.0,0.0,0.0,3.9,4.8,169.0,59.0,66.0,11.0,285.0,21.0,1229.0,64.0,28.0,"MVP-4,CPOY-8,AS,NBA1",21.05263157894737,1250.0526315789473,0.7902528837867746,0.476,1229.0,0.2341762792892487,0.0,0.7456209542018548,0.6837693576680528,0.4968684759916492,0.7425981873111782,0.215030421925063,0.6394838534201267,Guard,66.0,34.99061538461538,32.46969696969697,7.5,8.030303030303031,1.5909090909090908,0.5151515151515151,3.8636363636363638,2.8333333333333335,693.0,1457.0,254.0,694.0,503.0,645.0,0.4756348661633493,0.3659942363112392,0.7798449612403101,-0.4476190476190472,0.18085714285714286,0.6094761904761905,0.3689047619047619,0.45969047619047615,0.2534047619047619,0.2286904761904762,0.12030952380952381,LAL,https://cdn.nba.com/headshots/nba/latest/1040x760/1629029.png
1629048,Goga Bitadze,64,15.00640625,3.515625,2.375,0.635953125,0.6675448241155869,0.5499999999999999,0.1303125,0.3379661972189526,0.0880901557822472,0.3499412166297949,5.464504366784665,0.1222153244057799,goga bitadze,Goga Bitadze,ORL,C,64.0,972.0,0.676,3.3,0.729,0.191,0.027,0.004,0.049,0.756,0.558,0.333,0.0,0.182,Rim Protector,at the rim,at the rim,Rim-Dominant Big,"Goga Bitadze profiles as a rim-dominant big. They take a large share of their shots at the rim, finish best at the rim, and their defensive profile as a Rim Protector suggests they impact the game around the basket.",Protects the basket with shot blocking and interior presence. This player is most valuable defensively near the rim.,285.0,Goga Bitadze,26.0,ORL,C,64.0,3.0,972.0,0.0,0.0,0.0,0.0,100.0,1.7,1.6,19.0,10.0,68.0,9.0,39.0,4.0,195.0,13.0,13.0,,4.75,199.75,0.3449823649889385,0.049,195.0,0.3499412166297949,100.0,0.1186892807300777,0.6019581643443697,0.0511482254697286,0.1178247734138972,0.3466234278810184,0.2520823073280744,Big,79.0,15.00640625,4.746835443037975,4.050632911392405,1.0632911392405062,0.46835443037974683,0.7721518987341772,0.5443037974683544,0.21518987341772153,152.0,225.0,2.0,11.0,69.0,97.0,0.6755555555555556,0.18181818181818182,0.711340206185567,-0.9261904761904763,0.11966666666666666,0.6809761904761904,0.11695238095238095,0.12942857142857142,0.33130952380952383,0.23471428571428574,0.5424047619047618,ORL,https://cdn.nba.com/headshots/nba/latest/1040x760/1629048.png
1629048,ga Bitadze,102,17.222614379084966,4.009803921568627,2.4411764705882355,0.5066764705882353,0.5389538988925949,-3.07843137254902,0.1401960784313725,0.3082053836737924,0.0992385800415391,0.2891533101567431,5.190625405201841,0.1221488153903172,ga bitadze,,,,,,,,,,,,,,,,,,Rim Protector,Not enough shooting data,Not enough shooting data,Balanced Player,"ga Bitadze profiles as a balanced player. Their most common shot comes Not enough shooting data, and they make shots most consistently Not enough shooting data. On defense, they profile as a Rim Protector.",Protects the basket with shot blocking and interior presence. This player is most valuable defensively near the rim.,,,,,,,,,,,,,,,,,,,,,,0.0,,,,4.882352941176471,4.882352941176471,0.0867459930470229,0.0,0.0,0.2891533101567431,0.0,0.0023716629284004,0.5545114440782598,0.0,0.0,0.2775242384172268,0.1673289500326478,Wing,79.0,15.00640625,4.746835443037975,4.050632911392405,1.0632911392405062,0.46835443037974683,0.7721518987341772,0.5443037974683544,0.21518987341772153,152.0,225.0,2.0,11.0,69.0,97.0,0.6755555555555556,0.18181818181818182,0.711340206185567,-0.9261904761904763,0.11966666666666666,0.6809761904761904,0.11695238095238095,0.12942857142857142,0.33130952380952383,0.23471428571428574,0.5424047619047618,ORL,https://cdn.nba.com/headshots/nba/latest/1040x760/1629048.png
1629052,Oshae Brissett,44,12.69431818181818,3.5,1.568181818181818,0.34325,0.4616675328003177,7.125,0.0865909090909091,0.3699638480426895,0.0777876402151821,0.2615842789458967,3.972657567213605,0.0795687264313547,oshae brissett,,,,,,,,,,,,,,,,,,Rim Protector,Not enough shooting data,Not enough shooting data,Balanced Player,"Oshae Brissett profiles as a balanced player. Their most common shot comes Not enough shooting data, and they make shots most consistently Not enough shooting data. On defense, they profile as a Rim Protector.",Protects the basket with shot blocking and interior presence. This player is most valuable defensively near the rim.,,,,,,,,,,,,,,,,,,,,,,0.0,,,,3.136363636363636,3.136363636363636,0.078475283683769,0.0,0.0,0.2615842789458967,0.0,0.0013294718838207,0.5529918361678416,0.0,0.0,0.2461858057996143,0.1633983283754501,Wing,,,,,,,,,,,,,,,,,,,,,,,,,,,,https://cdn.nba.com/headshots/nba/latest/1040x760/1629052.png
1629057,Robert Williams III,79,17.014430379746837,4.151898734177215,2.8734177215189876,0.6486455696202532,0.6650932048109052,0.1645569620253165,0.1555696202531645,0.3155310542906704,0.0592743911579075,0.3958826796269188,5.96558222934317,0.1439627290269293,robert williams iii,,,,,,,,,,,,,,,,,,Rim Protector,Not enough shooting data,Not enough shooting data,Efficient Role Finisher,"Robert Williams III profiles as a balanced player. Their most common shot comes Not enough shooting data, and they make shots most consistently Not enough shooting data. On defense, they profile as a Rim Protector.",Protects the basket with shot blocking and interior presence. This player is most valuable defensively near the rim.,,,,,,,,,,,,,,,,,,,,,,0.0,,,,5.746835443037975,5.746835443037975,0.1187648038880756,0.0,0.0,0.3958826796269188,0.0,0.0028876774991384,0.5603943781893795,0.0,0.0,0.3988462800907643,0.1811382935560767,Wing,80.0,16.890508474576272,4.9625,5.1875,0.75,0.4375,1.0875,0.6125,0.9125,177.0,250.0,9.0,23.0,34.0,57.0,0.708,0.391304347826087,0.5964912280701754,-3.394444444444444,0.1633888888888889,0.7400277777777777,0.11797222222222221,0.1251111111111111,0.4528333333333333,0.19530555555555557,0.6032222222222222,POR,https://cdn.nba.com/headshots/nba/latest/1040x760/1629057.png
1629060,Rui Hachimura,169,29.289171597633135,9.4792899408284,4.994082840236686,0.5203727810650888,0.6238171769241571,1.8792899408284025,0.1855621301775148,0.3728592729558135,0.0380553466015119,0.142448158047963,7.14853102342966,0.2252612684550732,rui hachimura,Rui Hachimura,LAL,PF,68.0,1927.0,0.514,16.5,0.159,0.106,0.161,0.136,0.439,0.705,0.46,0.51,0.568,0.443,Disruptive Defender,three-point range,at the rim,Perimeter Shooter,"Rui Hachimura is a perimeter shooter. Their shot profile is built around three-point range, with their best efficiency coming at the rim. Defensively, they profile as a Disruptive Defender.","Creates defensive pressure with steals, blocks, and activity. This player can force mistakes and break up possessions.",90.0,Rui Hachimura,27.0,LAL,PF,68.0,41.0,1927.0,0.0,0.0,1.0,89.0,10.0,1.9,-0.1,19.0,11.0,54.0,9.0,38.0,2.0,140.0,6.0,23.0,,9.988165680473372,149.98816568047337,0.0277344474143889,0.439,140.0,0.142448158047963,10.0,0.0889861560049055,0.5436690353306177,0.4582463465553236,0.0845921450151057,0.1107606880822116,0.2597839565276469,Wing,70.0,28.122794117647057,11.142857142857142,3.2285714285714286,0.8142857142857143,0.5571428571428572,0.3,0.6,1.1571428571428573,307.0,597.0,116.0,262.0,50.0,72.0,0.5142378559463987,0.44274809160305345,0.6944444444444444,-0.6624999999999999,0.069775,0.5917,0.15002500000000002,0.057725000000000005,0.140425,0.11627499999999999,0.12455000000000001,LAL,https://cdn.nba.com/headshots/nba/latest/1040x760/1629060.png
1629111,Jock Landale,146,17.40801369863014,5.897260273972603,3.095890410958904,0.4814109589041096,0.5485673237685988,-3.51986301369863,0.1395890410958904,0.411421206715008,0.0775606368693307,0.2568832553381746,5.645941645009785,0.1424204352253458,jock landale,Jock Landale,2TM,C,68.0,1506.0,0.515,11.8,0.334,0.237,0.057,0.02,0.352,0.645,0.569,0.419,0.273,0.383,Rim Protector,three-point range,at the rim,Balanced Player,"Jock Landale profiles as a balanced player. Their most common shot comes three-point range, and they make shots most consistently at the rim. On defense, they profile as a Rim Protector.",Protects the basket with shot blocking and interior presence. This player is most valuable defensively near the rim.,163.0,Jock Landale,30.0,2TM,C,68.0,27.0,1506.0,0.0,0.0,0.0,0.0,100.0,-2.4,1.3,24.0,12.0,90.0,21.0,44.0,4.0,289.0,6.0,32.0,,6.191780821917808,295.1917808219178,0.2720649766014524,0.352,289.0,0.2568832553381746,100.0,0.1756590278970055,0.588560783861753,0.3674321503131524,0.1746223564954682,0.2408420303713924,0.3140650683578994,Big,70.0,21.94235294117647,10.257142857142858,5.5285714285714285,1.6428571428571428,0.5,0.5142857142857142,0.8571428571428571,-0.7857142857142857,282.0,548.0,74.0,193.0,80.0,126.0,0.5145985401459854,0.38341968911917096,0.6349206349206349,-5.26304347826087,0.10647826086956522,0.5946304347826087,0.19034782608695652,0.12584782608695652,0.3005652173913044,0.12634782608695652,0.1912608695652174,ATL,https://cdn.nba.com/headshots/nba/latest/1040x760/1629111.png
1629130,Duncan Robinson,189,25.801428571428573,9.08994708994709,4.015873015873016,0.4233227513227513,0.5822593837205631,2.875661375661376,0.1608465608465608,0.4169631057463684,0.0868710627716622,0.0956160749668399,6.398958330908394,0.1808666975436303,duncan robinson,Duncan Robinson,DET,SG,77.0,2113.0,0.456,20.8,0.083,0.119,0.021,0.009,0.768,0.741,0.53,0.6,0.333,0.41,Disruptive Defender,three-point range,at the rim,Elite 3PT Threat,Duncan Robinson profiles as an elite 3PT threat. They consistently take shots from three-point range and are most efficient at the rim. Their defensive profile is Disruptive Defender.,"Creates defensive pressure with steals, blocks, and activity. This player can force mistakes and break up possessions.",63.0,Duncan Robinson,31.0,DET,SG,77.0,77.0,2113.0,1.0,62.0,31.0,7.0,0.0,10.1,4.2,32.0,13.0,93.0,5.0,36.0,19.0,357.0,13.0,16.0,,8.031746031746032,365.031746031746,0.658684822490052,0.768,357.0,0.0956160749668399,0.0,0.2173469042744885,0.6595958729131473,0.8016701461377871,0.2157099697885196,0.0575254449300042,0.3994117933306026,Guard,78.0,27.245714285714286,12.038461538461538,2.628205128205128,2.0384615384615383,0.5641025641025641,0.28205128205128205,0.6923076923076923,6.871794871794871,318.0,698.0,220.0,536.0,83.0,110.0,0.45558739255014324,0.41044776119402987,0.7545454545454545,8.228571428571428,0.07189795918367348,0.604204081632653,0.15355102040816326,0.10630612244897958,0.10253061224489796,0.11722448979591836,0.07861224489795918,DET,https://cdn.nba.com/headshots/nba/latest/1040x760/1629130.png
1629162,Jordan McLaughlin,134,8.431268656716417,2.1343283582089554,0.9776119402985076,0.3489402985074627,0.4925866291761114,-0.3880597014925373,0.0532835820895522,0.3516058149328061,0.1683500660088946,0.1012236967688696,3.3223894278417077,0.0578019407458888,jordan mclaughlin,,,,,,,,,,,,,,,,,,Disruptive Defender,Not enough shooting data,Not enough shooting data,Balanced Player,"Jordan McLaughlin profiles as a balanced player. Their most common shot comes Not enough shooting data, and they make shots most consistently Not enough shooting data. On defense, they profile as a Disruptive Defender.","Creates defensive pressure with steals, blocks, and activity. This player can force mistakes and break up possessions.",,,,,,,,,,,,,,,,,,,,,,0.0,,,,1.955223880597015,1.955223880597015,0.0303671090306608,0.0,0.0,0.1012236967688696,0.0,0.0006244427794247,0.5441527439512247,0.0,0.0,0.0638997740329733,0.1426779405028734,Wing,72.0,6.212954545454545,1.2361111111111112,0.4444444444444444,0.5277777777777778,0.2777777777777778,0.027777777777777776,0.20833333333333334,-0.8472222222222222,33.0,79.0,17.0,40.0,6.0,7.0,0.4177215189873418,0.425,0.8571428571428571,-33.2695652173913,0.03673913043478261,0.44804347826086954,0.16691304347826086,0.1991304347826087,0.10326086956521739,0.21156521739130432,0.0,SAS,https://cdn.nba.com/headshots/nba/latest/1040x760/1629162.png
1629216,Gabe Vincent,129,18.78527131782946,4.961240310077519,1.868217054263566,0.346922480620155,0.4725632474073067,1.0534883720930233,0.0796899224806201,0.3008796262695051,0.0729857563209233,0.0609701181092728,3.868673800962481,0.0967884721958333,gabe vincent,Gabe Vincent,2TM,PG,53.0,879.0,0.352,22.0,0.051,0.065,0.06,0.023,0.801,0.727,0.286,0.231,0.4,0.341,Disruptive Defender,three-point range,three-point range,Balanced Player,"Gabe Vincent profiles as a balanced player. Their most common shot comes three-point range, and they make shots most consistently three-point range. On defense, they profile as a Disruptive Defender.","Creates defensive pressure with steals, blocks, and activity. This player can force mistakes and break up possessions.",309.0,Gabe Vincent,29.0,2TM,PG,53.0,7.0,879.0,99.0,1.0,0.0,0.0,0.0,1.2,-1.1,19.0,3.0,44.0,4.0,6.0,11.0,178.0,1.0,10.0,,3.736434108527132,181.7364341085271,-0.1467089645672181,0.801,178.0,0.0609701181092728,0.0,0.1079368797839259,0.5116179043907099,0.8361169102296452,0.1075528700906344,0.018142487431432,0.3090663002979013,Guard,61.0,16.419811320754718,3.7868852459016393,0.8852459016393442,1.2459016393442623,0.4426229508196721,0.04918032786885246,0.4426229508196721,0.639344262295082,76.0,216.0,59.0,173.0,20.0,23.0,0.35185185185185186,0.34104046242774566,0.8695652173913043,0.06551724137931055,0.023862068965517243,0.5053793103448276,0.10879310344827585,0.11562068965517242,0.05896551724137931,0.14744827586206896,0.008620689655172414,LAL,https://cdn.nba.com/headshots/nba/latest/1040x760/1629216.png
1629234,Drew Eubanks,149,12.99724832214765,3.2348993288590604,1.9328859060402688,0.5243892617449665,0.5536227767264451,-9.481879194630872,0.0931543624161073,0.3435493846767816,0.0544083272300395,0.276400342220424,4.421792602888603,0.099595112371367,drew eubanks,Drew Eubanks,SAC,C,42.0,552.0,0.596,6.4,0.314,0.494,0.135,0.013,0.045,0.837,0.519,0.524,0.0,0.143,Rim Protector,short paint / floater range,at the rim,Interior Paint Scorer,"Drew Eubanks is mostly an interior paint scorer. Their shot diet leans toward short paint / floater range, and they are most reliable at the rim. On defense, they profile as a Rim Protector.",Protects the basket with shot blocking and interior presence. This player is most valuable defensively near the rim.,368.0,Drew Eubanks,28.0,SAC,C,42.0,11.0,552.0,0.0,0.0,0.0,1.0,99.0,-12.4,-2.6,9.0,13.0,32.0,5.0,22.0,3.0,43.0,7.0,11.0,,3.865771812080537,46.86577181208054,-0.3070798973338728,0.045,43.0,0.276400342220424,99.0,0.0274318067949676,0.4821523619166772,0.0469728601252609,0.0259818731117824,0.2630276090909967,0.1674576904362234,Big,72.0,12.908571428571427,3.0416666666666665,1.7638888888888888,0.2638888888888889,0.20833333333333334,0.3611111111111111,0.4166666666666667,-2.1805555555555554,93.0,156.0,1.0,7.0,32.0,57.0,0.5961538461538461,0.14285714285714285,0.5614035087719298,-13.951612903225806,0.06593548387096775,0.5600645161290322,0.1508064516129032,0.04419354838709678,0.29119354838709677,0.11570967741935484,0.2607741935483871,SAC,https://cdn.nba.com/headshots/nba/latest/1040x760/1629234.png
1629312,Haywood Highsmith,126,22.170555555555556,5.023809523809524,2.373015873015873,0.4100873015873015,0.5186843284955823,-1.5150793650793652,0.1155555555555555,0.2498007260503589,0.0548730069482117,0.1526144703487643,4.619543326476354,0.122478135687858,haywood highsmith,,,,,,,,,,,,,,,,,,Disruptive Defender,Not enough shooting data,Not enough shooting data,Balanced Player,"Haywood Highsmith profiles as a balanced player. Their most common shot comes Not enough shooting data, and they make shots most consistently Not enough shooting data. On defense, they profile as a Disruptive Defender.","Creates defensive pressure with steals, blocks, and activity. This player can force mistakes and break up possessions.",,,,,,,,,,,,,,,,,,,,,,0.0,,,,4.746031746031746,4.746031746031746,0.0457843411046293,0.0,0.0,0.1526144703487643,0.0,0.0022902920240228,0.5469854088155522,0.0,0.0,0.1223169988778888,0.1498941689012861,Wing,10.0,12.754285714285714,3.8,1.3,0.7,0.4,0.0,0.0,1.0,12.0,23.0,8.0,14.0,6.0,7.0,0.5217391304347826,0.5714285714285714,0.8571428571428571,,,,,,,,,,https://cdn.nba.com/headshots/nba/latest/1040x760/1629312.png
1629599,Amir Coffey,168,19.98767857142857,5.386904761904762,2.5654761904761907,0.4239345238095238,0.5508285697301251,-4.816071428571429,0.1044642857142857,0.3024325284613989,0.049282810862281,0.0964323768340142,4.722231718494125,0.1280439579315896,amir coffey,Amir Coffey,2TM,SG,46.0,490.0,0.487,15.3,0.177,0.177,0.133,0.08,0.434,0.95,0.4,0.4,0.556,0.347,Disruptive Defender,three-point range,at the rim,Balanced Player,"Amir Coffey profiles as a balanced player. Their most common shot comes three-point range, and they make shots most consistently at the rim. On defense, they profile as a Disruptive Defender.","Creates defensive pressure with steals, blocks, and activity. This player can force mistakes and break up possessions.",385.0,Amir Coffey,28.0,2TM,SG,46.0,3.0,490.0,1.0,35.0,57.0,7.0,0.0,-1.8,0.9,6.0,2.0,19.0,0.0,16.0,3.0,70.0,5.0,2.0,,5.130952380952381,75.13095238095238,0.1639297130502043,0.434,70.0,0.0964323768340142,0.0,0.0443034554248347,0.5686926933908563,0.453027139874739,0.0422960725075528,0.0584533564283963,0.2379235693924537,Wing,72.0,10.467608695652174,2.0694444444444446,0.7916666666666666,0.375,0.125,0.06944444444444445,0.125,-0.4444444444444444,55.0,113.0,17.0,49.0,22.0,28.0,0.48672566371681414,0.3469387755102041,0.7857142857142857,-10.583333333333334,0.04173333333333333,0.3814,0.09620000000000001,0.06963333333333334,0.07556666666666666,0.019433333333333334,0.07776666666666668,MIL,https://cdn.nba.com/headshots/nba/latest/1040x760/1629599.png
1629610,DaQuan Jeffries,55,19.707636363636365,5.418181818181818,2.290909090909091,0.3543818181818182,0.4693968311753309,-10.64909090909091,0.0985454545454545,0.3197981425898971,0.0489719842528596,0.1397236930084013,4.327786778705787,0.1126842455636093,daquan jeffries,,,,,,,,,,,,,,,,,,Disruptive Defender,Not enough shooting data,Not enough shooting data,Balanced Player,"DaQuan Jeffries profiles as a balanced player. Their most common shot comes Not enough shooting data, and they make shots most consistently Not enough shooting data. On defense, they profile as a Disruptive Defender.","Creates defensive pressure with steals, blocks, and activity. This player can force mistakes and break up possessions.",,,,,,,,,,,,,,,,,,,,,,0.0,,,,4.581818181818182,4.581818181818182,0.0419171079025204,0.0,0.0,0.1397236930084013,0.0,0.0021922720043411,0.5462748678078527,0.0,0.0,0.1076637180288079,0.1482119975565804,Wing,3.0,19.846666666666668,10.333333333333334,1.6666666666666667,0.3333333333333333,0.6666666666666666,0.0,0.0,0.3333333333333333,11.0,19.0,4.0,9.0,5.0,5.0,0.5789473684210527,0.4444444444444444,1.0,,,,,,,,,,https://cdn.nba.com/headshots/nba/latest/1040x760/1629610.png
1629611,Terance Mann,180,22.874277777777777,6.177777777777778,3.138888888888889,0.4908166666666666,0.593891513661541,-4.110555555555555,0.1343888888888889,0.3316869071952507,0.0882135198197709,0.1388473382755696,5.559492799819569,0.151114625380038,terance mann,Terance Mann,BRK,SG,63.0,1529.0,0.457,13.9,0.234,0.196,0.111,0.041,0.418,0.686,0.389,0.439,0.467,0.364,Disruptive Defender,three-point range,at the rim,Perimeter Shooter,"Terance Mann is a perimeter shooter. Their shot profile is built around three-point range, with their best efficiency coming at the rim. Defensively, they profile as a Disruptive Defender.","Creates defensive pressure with steals, blocks, and activity. This player can force mistakes and break up possessions.",159.0,Terance Mann,29.0,BRK,SG,63.0,51.0,1529.0,9.0,61.0,29.0,1.0,0.0,-8.9,2.5,44.0,22.0,67.0,1.0,38.0,14.0,470.0,5.0,22.0,,6.277777777777778,476.27777777777777,0.4166542014826709,0.418,470.0,0.1388473382755696,0.0,0.2837502995937849,0.6151266949874558,0.4363256784968685,0.283987915407855,0.1066675428809062,0.3717961911877843,Guard,72.0,23.6971875,6.319444444444445,2.7777777777777777,2.638888888888889,0.5694444444444444,0.20833333333333334,0.9861111111111112,-3.7083333333333335,168.0,368.0,56.0,154.0,63.0,80.0,0.45652173913043476,0.36363636363636365,0.7875,-11.209302325581396,0.06172093023255814,0.5403720930232558,0.13625581395348837,0.23888372093023255,0.15755813953488373,0.19369767441860467,0.0682093023255814,BKN,https://cdn.nba.com/headshots/nba/latest/1040x760/1629611.png
1629614,Andrew Nembhard,168,28.978571428571428,9.863095238095235,4.5476190476190474,0.4644166666666667,0.5635724138629163,-3.354761904761905,0.2011904761904761,0.4425379448641661,0.1928203376523784,0.0950642936598871,7.18531694084089,0.2002047344391093,andrew nembhard,Andrew Nembhard,IND,PG,57.0,1786.0,0.442,16.6,0.141,0.163,0.159,0.143,0.393,0.67,0.463,0.483,0.37,0.361,Disruptive Defender,three-point range,at the rim,Mid-Range Shot Creator,"Andrew Nembhard profiles as a mid-range shot creator. They regularly look for shots from three-point range, while making shots most consistently at the rim. On the defensive side, they profile as a Disruptive Defender.","Creates defensive pressure with steals, blocks, and activity. This player can force mistakes and break up possessions.",115.0,Andrew Nembhard,26.0,IND,PG,57.0,57.0,1786.0,77.0,23.0,0.0,0.0,0.0,-10.0,-4.1,62.0,49.0,52.0,8.0,104.0,12.0,1053.0,17.0,38.0,,9.095238095238097,1062.095238095238,-0.5864807119020338,0.393,1053.0,0.0950642936598871,0.0,0.6334281064499755,0.4308170206119266,0.4102296450939457,0.6362537764350453,0.0568982208111968,0.491925144221688,Guard,65.0,31.13298245614035,14.861538461538462,2.4615384615384617,6.723076923076923,0.7846153846153846,0.12307692307692308,2.1076923076923078,-6.046153846153846,333.0,753.0,107.0,296.0,193.0,234.0,0.44223107569721115,0.3614864864864865,0.8247863247863247,-9.673170731707318,0.10990243902439024,0.5519024390243903,0.23302439024390245,0.42970731707317067,0.10339024390243902,0.15126829268292682,0.0673170731707317,IND,https://cdn.nba.com/headshots/nba/latest/1040x760/1629614.png
1629618,Jalen Pickett,112,13.239553571428573,3.7767857142857144,1.5982142857142858,0.3523303571428571,0.4467709657345432,-3.9642857142857144,0.0780357142857142,0.332089627876018,0.1595265507603371,0.1102432442908102,3.73440286724138,0.0827494049984827,jalen pickett,Jalen Pickett,DEN,SG,50.0,807.0,0.422,18.2,0.103,0.155,0.103,0.091,0.547,0.667,0.417,0.417,0.381,0.386,Disruptive Defender,three-point range,at the rim,Elite 3PT Threat,Jalen Pickett profiles as an elite 3PT threat. They consistently take shots from three-point range and are most efficient at the rim. Their defensive profile is Disruptive Defender.,"Creates defensive pressure with steals, blocks, and activity. This player can force mistakes and break up possessions.",327.0,Jalen Pickett,26.0,DEN,SG,50.0,18.0,807.0,60.0,40.0,0.0,0.0,0.0,-1.0,-7.7,17.0,11.0,22.0,3.0,7.0,0.0,276.0,4.0,10.0,,3.1964285714285716,279.19642857142856,-1.121927026712757,0.547,276.0,0.1102432442908102,0.0,0.166111310265284,0.3324374959721591,0.57098121085595,0.1667673716012084,0.0741525275699378,0.2592930696446605,Guard,80.0,15.918,3.25,1.425,1.4375,0.1625,0.0625,0.425,0.0375,98.0,232.0,49.0,127.0,15.0,19.0,0.4224137931034483,0.3858267716535433,0.7894736842105263,-5.713888888888889,0.06849999999999999,0.48225,0.13375,0.264,0.18069444444444444,0.11202777777777778,0.06019444444444444,DEN,https://cdn.nba.com/headshots/nba/latest/1040x760/1629618.png
1629622,Max Strus,100,26.5707,8.05,3.57,0.42512,0.5705482461693141,7.718,0.1769,0.3652670144919789,0.1259049443817316,0.17190154619473,6.3451787674919,0.165642297343969,max strus,,,,,,,,,,,,,,,,,,Disruptive Defender,Not enough shooting data,Not enough shooting data,Balanced Player,"Max Strus profiles as a balanced player. Their most common shot comes Not enough shooting data, and they make shots most consistently Not enough shooting data. On defense, they profile as a Disruptive Defender.","Creates defensive pressure with steals, blocks, and activity. This player can force mistakes and break up possessions.",,,,,,,,,,,,,,,,,,,,,,0.0,,,,7.14,7.14,0.051570463858419,0.0,0.0,0.17190154619473,0.0,0.0037192654251866,0.5480485144720482,0.0,0.0,0.1442411180885696,0.1529239465969436,Wing,12.0,23.781666666666666,11.166666666666666,5.416666666666667,2.0,0.25,0.0,0.75,-0.25,47.0,106.0,33.0,82.0,7.0,9.0,0.44339622641509435,0.4024390243902439,0.7777777777777778,,,,,,,,,,https://cdn.nba.com/headshots/nba/latest/1040x760/1629622.png
1629626,Bol Bol,71,12.314647887323945,4.633802816901408,2.619718309859155,0.5075633802816901,0.5832936204270572,-3.9816901408450702,0.1078873239436619,0.4191355824925839,0.051766902406798,0.2981120608823067,5.123363293871973,0.1237429143508715,bol bol,,,,,,,,,,,,,,,,,,Rim Protector,Not enough shooting data,Not enough shooting data,Efficient Role Finisher,"Bol Bol profiles as a balanced player. Their most common shot comes Not enough shooting data, and they make shots most consistently Not enough shooting data. On defense, they profile as a Rim Protector.",Protects the basket with shot blocking and interior presence. This player is most valuable defensively near the rim.,,,,,,,,,,,,,,,,,,,,,,0.0,,,,5.23943661971831,5.23943661971831,0.089433618264692,0.0,0.0,0.2981120608823067,0.0,0.0025848082271237,0.5550052513639026,0.0,0.0,0.2877078826593431,0.1685560243977594,Wing,,,,,,,,,,,,,,,,,,,,,,,,,,,,https://cdn.nba.com/headshots/nba/latest/1040x760/1629626.png
1629627,Zion Williamson,135,29.848962962962965,14.829629629629627,8.585185185185185,0.5777037037037037,0.6206466157197641,-0.1977777777777777,0.3212592592592592,0.6907521061999253,0.1460403333722208,0.2020289025851996,11.067147763262849,0.3507966798637691,zion williamson,Zion Williamson,NOP,PF,62.0,1841.0,0.6,3.6,0.575,0.378,0.038,0.004,0.005,0.744,0.407,0.452,0.0,0.25,Rim Protector,at the rim,at the rim,Interior Paint Scorer,"Zion Williamson is mostly an interior paint scorer. Their shot diet leans toward at the rim, and they are most reliable at the rim. On defense, they profile as a Rim Protector.",Protects the basket with shot blocking and interior presence. This player is most valuable defensively near the rim.,109.0,Zion Williamson,25.0,NOP,PF,62.0,55.0,1841.0,0.0,0.0,7.0,83.0,10.0,-2.6,3.6,50.0,54.0,82.0,17.0,243.0,1.0,511.0,60.0,82.0,,17.17037037037037,528.1703703703704,0.6006086707755599,0.005,511.0,0.2020289025851996,10.0,0.3147252861707065,0.6489253275371866,0.0052192066805845,0.3087613293051359,0.1784876652729362,0.3376292268124741,Wing,64.0,29.49435483870968,20.34375,5.515625,3.109375,0.9375,0.53125,1.96875,-1.28125,484.0,807.0,1.0,4.0,333.0,465.0,0.5997521685254027,0.25,0.7161290322580646,-6.4447368421052635,0.14352631578947367,0.6221315789473685,0.2616578947368421,0.21468421052631578,0.2258157894736842,0.19481578947368422,0.1594736842105263,NOP,https://cdn.nba.com/headshots/nba/latest/1040x760/1629627.png
1629628,RJ Barrett,147,31.483809523809523,15.578231292517009,7.707482993197279,0.4960272108843537,0.5768875964639548,-0.5877551020408165,0.2947619047619047,0.6423173517627736,0.1359658237054601,0.1889430830264223,10.13434511196503,0.3165407998951433,rj barrett,RJ Barrett,TOR,SF,57.0,1726.0,0.491,11.8,0.304,0.272,0.071,0.006,0.347,0.726,0.45,0.397,0.4,0.339,Rim Protector,three-point range,at the rim,On-Ball Creator,"RJ Barrett profiles as an on-ball creator. They combine scoring volume with creation stats, meaning they likely generate offense for themselves and others. Defensively, they profile as a Rim Protector.",Protects the basket with shot blocking and interior presence. This player is most valuable defensively near the rim.,128.0,RJ Barrett,25.0,TOR,SF,57.0,57.0,1726.0,0.0,55.0,39.0,6.0,0.0,4.9,3.6,57.0,24.0,77.0,10.0,148.0,10.0,446.0,32.0,70.0,,15.414965986394558,461.4149659863946,0.5966829249079267,0.347,446.0,0.1889430830264223,0.0,0.2748786018671402,0.6482040357818202,0.3622129436325678,0.2694864048338368,0.1636126748769141,0.3696442992082714,Guard,58.0,30.07456140350877,18.93103448275862,5.172413793103448,3.2586206896551726,0.7241379310344828,0.3275862068965517,1.706896551724138,2.896551724137931,401.0,816.0,96.0,283.0,200.0,279.0,0.49142156862745096,0.3392226148409894,0.7168458781362007,2.220689655172414,0.11503448275862069,0.5760689655172414,0.25589655172413794,0.18810344827586206,0.2035862068965517,0.14468965517241378,0.09427586206896552,TOR,https://cdn.nba.com/headshots/nba/latest/1040x760/1629628.png
1629629,Cam Reddish,54,16.538148148148146,2.962962962962963,1.1666666666666667,0.3002037037037037,0.3650138534178604,-15.314814814814817,0.0618518518518518,0.2080310730753994,0.0261154882635394,0.0927507861210219,2.847214817515491,0.0703121948556235,cam reddish,,,,,,,,,,,,,,,,,,Disruptive Defender,Not enough shooting data,Not enough shooting data,Balanced Player,"Cam Reddish profiles as a balanced player. Their most common shot comes Not enough shooting data, and they make shots most consistently Not enough shooting data. On defense, they profile as a Disruptive Defender.","Creates defensive pressure with steals, blocks, and activity. This player can force mistakes and break up possessions.",,,,,,,,,,,,,,,,,,,,,,0.0,,,,2.3333333333333335,2.3333333333333335,0.0278252358363065,0.0,0.0,0.0927507861210219,0.0,0.0008501384835316,0.543685716221949,0.0,0.0,0.054268396804594,0.1416883241293592,Wing,,,,,,,,,,,,,,,,,,,,,,,,,,,,https://cdn.nba.com/headshots/nba/latest/1040x760/1629629.png
1629630,Ja Morant,73,29.831506849315065,17.273972602739725,7.671232876712328,0.4525159817351598,0.5605564539855229,4.626027397260274,0.3154794520547945,0.7926228952396343,0.2570982437225131,0.1331006719694746,10.68403844010707,0.3045265270501862,ja morant,Ja Morant,MEM,PG,20.0,569.0,0.41,12.5,0.227,0.258,0.177,0.075,0.264,0.658,0.41,0.404,0.292,0.235,Disruptive Defender,three-point range,at the rim,Mid-Range Shot Creator,"Ja Morant profiles as a mid-range shot creator. They regularly look for shots from three-point range, while making shots most consistently at the rim. On the defensive side, they profile as a Disruptive Defender.","Creates defensive pressure with steals, blocks, and activity. This player can force mistakes and break up possessions.",365.0,Ja Morant,26.0,MEM,PG,20.0,20.0,569.0,100.0,0.0,0.0,0.0,0.0,-4.5,1.7,48.0,20.0,19.0,0.0,51.0,11.0,384.0,9.0,18.0,,15.342465753424657,399.3424657534247,0.2949302015908424,0.264,384.0,0.1331006719694746,0.0,0.2378271699487693,0.5927618959116747,0.2755741127348643,0.23202416918429,0.1001351582848668,0.3178733916145718,Guard,21.0,28.195,18.523809523809526,3.0952380952380953,7.666666666666667,0.9523809523809523,0.2857142857142857,3.380952380952381,-2.380952380952381,132.0,322.0,20.0,85.0,105.0,117.0,0.40993788819875776,0.23529411764705882,0.8974358974358975,-3.3299999999999996,0.13720000000000002,0.53185,0.3052,0.5051,0.12469999999999999,0.2639,0.05645,MEM,https://cdn.nba.com/headshots/nba/latest/1040x760/1629630.png
1629631,De'Andre Hunter,141,26.98794326241135,11.673758865248226,5.26241134751773,0.4420992907801418,0.5839066546986004,0.3042553191489361,0.2087234042553191,0.546426108607416,0.0618906821581674,0.1464631524241897,7.817267216771626,0.2232803247933313,deandre hunter,De'Andre Hunter,2TM,SF,45.0,1176.0,0.415,17.0,0.134,0.176,0.136,0.064,0.491,0.687,0.432,0.5,0.469,0.305,Disruptive Defender,three-point range,at the rim,High-Impact Balanced Player,"De'Andre Hunter profiles as a balanced player. Their most common shot comes three-point range, and they make shots most consistently at the rim. On defense, they profile as a Disruptive Defender.","Creates defensive pressure with steals, blocks, and activity. This player can force mistakes and break up possessions.",240.0,De'Andre Hunter,28.0,2TM,SF,45.0,25.0,1176.0,0.0,4.0,59.0,37.0,0.0,-1.5,-7.2,39.0,30.0,37.0,4.0,57.0,12.0,223.0,14.0,19.0,,10.52482269503546,233.52482269503545,-1.036061054272743,0.491,223.0,0.1464631524241897,0.0,0.1388496663910933,0.3482139675206954,0.5125260960334029,0.1347432024169184,0.1153246362948703,0.2444790567128005,Wing,51.0,25.948666666666668,12.058823529411764,3.627450980392157,1.7647058823529411,0.5882352941176471,0.11764705882352941,1.4705882352941178,-0.4117647058823529,208.0,501.0,75.0,246.0,124.0,143.0,0.4151696606786427,0.3048780487804878,0.8671328671328671,-1.68,0.07282222222222222,0.5235333333333334,0.21904444444444443,0.13726666666666665,0.16933333333333334,0.13337777777777776,0.03542222222222222,SAC,https://cdn.nba.com/headshots/nba/latest/1040x760/1629631.png
1629632,Coby White,169,31.638165680473374,14.597633136094675,6.579881656804734,0.4425798816568048,0.5807387322459053,-0.5047337278106507,0.2640828402366864,0.6034945760258484,0.1458232636999336,0.1239966491360583,9.213406532221365,0.2731973737896308,coby white,Coby White,2TM,SG,50.0,1249.0,0.446,16.3,0.238,0.141,0.066,0.045,0.51,0.649,0.443,0.415,0.393,0.362,Disruptive Defender,three-point range,at the rim,Perimeter Shooter,"Coby White is a perimeter shooter. Their shot profile is built around three-point range, with their best efficiency coming at the rim. Defensively, they profile as a Disruptive Defender.","Creates defensive pressure with steals, blocks, and activity. This player can force mistakes and break up possessions.",222.0,Coby White,25.0,2TM,SG,50.0,26.0,1249.0,47.0,45.0,8.0,0.0,0.0,4.4,7.5,55.0,46.0,58.0,11.0,104.0,14.0,504.0,23.0,34.0,,13.159763313609467,517.1597633136095,1.1621989947408176,0.51,504.0,0.1239966491360583,0.0,0.3081529915762828,0.7521083873244692,0.5323590814196243,0.3045317220543806,0.0897863794709789,0.43057396582711,Guard,54.0,24.805799999999998,16.074074074074073,3.1481481481481484,3.7037037037037037,0.46296296296296297,0.09259259259259259,2.3703703703703702,1.7407407407407407,278.0,623.0,115.0,318.0,197.0,241.0,0.4462279293739968,0.36163522012578614,0.8174273858921162,-0.3482758620689653,0.097,0.5599999999999999,0.2602413793103448,0.27048275862068966,0.1404137931034483,0.17710344827586208,0.017241379310344827,CHI,https://cdn.nba.com/headshots/nba/latest/1040x760/1629632.png
1629634,Brandon Clarke,72,18.67412037037037,6.222222222222222,3.7777777777777777,0.5805416666666666,0.6005972561278616,6.248611111111111,0.15375,0.4002464479178693,0.0589628312316866,0.2716116933526066,6.2307568864415455,0.1729230061732181,brandon clarke,,,,,,,,,,,,,,,,,,Rim Protector,Not enough shooting data,Not enough shooting data,Efficient Role Finisher,"Brandon Clarke profiles as a balanced player. Their most common shot comes Not enough shooting data, and they make shots most consistently Not enough shooting data. On defense, they profile as a Rim Protector.",Protects the basket with shot blocking and interior presence. This player is most valuable defensively near the rim.,,,,,,,,,,,,,,,,,,,,,,0.0,,,,7.555555555555555,7.555555555555555,0.0814835080057819,0.0,0.0,0.2716116933526066,0.0,0.0039673129231475,0.5535445483083931,0.0,0.0,0.2575842277575801,0.1657314850221153,Wing,17.0,9.93,0.47058823529411764,0.35294117647058826,0.058823529411764705,0.11764705882352941,0.0,0.0,-0.7058823529411765,3.0,9.0,0.0,0.0,2.0,4.0,0.3333333333333333,,0.5,-0.6500000000000021,0.115,0.42100000000000004,0.1955,0.0835,0.3335,0.6665,0.0,MEM,https://cdn.nba.com/headshots/nba/latest/1040x760/1629634.png
1629636,Darius Garland,157,30.74656050955414,15.070063694267516,6.923566878980892,0.4600700636942675,0.5874696816493032,6.377070063694267,0.2714649681528662,0.6177076054296572,0.2217111537673055,0.0870924982394625,9.493047185743531,0.2865419914217308,darius garland,Darius Garland,2TM,PG,45.0,1344.0,0.46,16.4,0.15,0.228,0.106,0.058,0.458,0.624,0.49,0.493,0.359,0.396,Disruptive Defender,three-point range,at the rim,Perimeter Shooter,"Darius Garland is a perimeter shooter. Their shot profile is built around three-point range, with their best efficiency coming at the rim. Defensively, they profile as a Disruptive Defender.","Creates defensive pressure with steals, blocks, and activity. This player can force mistakes and break up possessions.",205.0,Darius Garland,26.0,2TM,PG,45.0,43.0,1344.0,92.0,8.0,0.0,0.0,0.0,3.0,-0.4,83.0,39.0,47.0,2.0,49.0,13.0,712.0,7.0,28.0,,13.847133757961783,725.8471337579617,-0.0338722505281612,0.458,712.0,0.0870924982394625,0.0,0.4327196816439048,0.5323498096854543,0.4780793319415449,0.4302114803625377,0.0478364742552975,0.4256920203319408,Guard,45.0,29.69288888888889,18.77777777777778,2.3777777777777778,6.688888888888889,0.9555555555555556,0.17777777777777778,2.888888888888889,1.8666666666666667,309.0,672.0,122.0,308.0,105.0,122.0,0.45982142857142855,0.3961038961038961,0.860655737704918,-2.4192307692307695,0.10280769230769231,0.5627307692307693,0.24942307692307694,0.36215384615384616,0.08996153846153845,0.14726923076923076,0.036538461538461534,CLE,https://cdn.nba.com/headshots/nba/latest/1040x760/1629636.png
1629637,Jaxson Hayes,160,17.302125,3.7,2.75,0.68645,0.6989305783699835,-2.0706250000000006,0.124875,0.2976529223164535,0.0482918937383998,0.2430812908839739,5.527722579742857,0.1413499832988071,jaxson hayes,Jaxson Hayes,LAL,C,66.0,1207.0,0.756,2.8,0.695,0.282,0.011,0.0,0.011,0.797,0.662,0.333,,1.0,Rim Protector,at the rim,at the rim,Rim-Dominant Big,"Jaxson Hayes profiles as a rim-dominant big. They take a large share of their shots at the rim, finish best at the rim, and their defensive profile as a Rim Protector suggests they impact the game around the basket.",Protects the basket with shot blocking and interior presence. This player is most valuable defensively near the rim.,230.0,Jaxson Hayes,25.0,LAL,C,66.0,9.0,1207.0,0.0,0.0,0.0,0.0,100.0,2.6,0.9,13.0,5.0,80.0,11.0,66.0,9.0,149.0,18.0,10.0,,5.5,154.5,0.2079243872651922,0.011,149.0,0.2430812908839739,100.0,0.0916792958251075,0.5767759970129606,0.011482254697286,0.0900302114803625,0.2251529795037478,0.2141063748862871,Big,71.0,18.078333333333333,7.0,3.816901408450704,0.8309859154929577,0.4084507042253521,0.7323943661971831,0.43661971830985913,1.0,198.0,262.0,3.0,3.0,98.0,150.0,0.7557251908396947,1.0,0.6533333333333333,-6.6658536585365855,0.09751219512195122,0.7471951219512195,0.11197560975609756,0.09951219512195122,0.2618536585365854,0.12173170731707317,0.3024390243902439,LAL,https://cdn.nba.com/headshots/nba/latest/1040x760/1629637.png
1629638,Nickeil Alexander-Walker,211,27.645592417061614,10.274881516587678,4.6350710900473935,0.4430568720379146,0.587703547645225,6.367298578199052,0.1945497630331753,0.4451913812974534,0.1087909473373631,0.1109551796862638,7.194014732544799,0.2044895965953798,nickeil alexanderwalker,Nickeil Alexander-Walker,ATL,SG,78.0,2603.0,0.459,16.3,0.216,0.128,0.078,0.052,0.526,0.643,0.412,0.452,0.419,0.399,Disruptive Defender,three-point range,at the rim,Elite 3PT Threat,Nickeil Alexander-Walker profiles as an elite 3PT threat. They consistently take shots from three-point range and are most efficient at the rim. Their defensive profile is Disruptive Defender.,"Creates defensive pressure with steals, blocks, and activity. This player can force mistakes and break up possessions.",14.0,Nickeil Alexander-Walker,27.0,ATL,SG,78.0,71.0,2603.0,33.0,63.0,4.0,0.0,0.0,4.2,5.2,92.0,51.0,93.0,5.0,121.0,64.0,700.0,24.0,60.0,MIP-1,9.270142180094789,709.2701421800948,0.8132865539058792,0.526,700.0,0.1109551796862638,0.0,0.422824780156877,0.6880014187624087,0.5490605427974948,0.4229607250755287,0.0749618029937959,0.4732816009799097,Guard,80.0,33.18871794871795,20.3,3.35,3.575,1.275,0.525,2.025,3.05,548.0,1195.0,251.0,629.0,277.0,307.0,0.4585774058577406,0.3990461049284579,0.9022801302931596,-1.254901960784314,0.09886274509803922,0.5806078431372549,0.23811764705882354,0.17276470588235293,0.11929411764705881,0.19888235294117648,0.16488235294117648,ATL,https://cdn.nba.com/headshots/nba/latest/1040x760/1629638.png
1629639,Tyler Herro,138,33.67876811594203,17.065217391304348,7.942028985507246,0.4681304347826087,0.5965716991299281,0.7963768115942028,0.3086231884057971,0.6226641053392096,0.1489700965961339,0.1532942652338583,10.444101279082696,0.3281431904014503,tyler herro,Tyler Herro,MIA,SG,33.0,1033.0,0.48,16.3,0.091,0.25,0.181,0.047,0.431,0.702,0.558,0.516,0.417,0.378,Disruptive Defender,three-point range,at the rim,Perimeter Shooter,"Tyler Herro is a perimeter shooter. Their shot profile is built around three-point range, with their best efficiency coming at the rim. Defensively, they profile as a Disruptive Defender.","Creates defensive pressure with steals, blocks, and activity. This player can force mistakes and break up possessions.",271.0,Tyler Herro,26.0,MIA,SG,33.0,28.0,1033.0,5.0,75.0,20.0,0.0,0.0,-1.9,-5.9,35.0,18.0,37.0,3.0,47.0,3.0,326.0,12.0,21.0,,15.884057971014492,341.8840579710145,-0.8390117204298425,0.431,326.0,0.1532942652338583,0.0,0.20352991631636,0.3844185677912193,0.4498956158663883,0.1969788519637462,0.1230897393502467,0.2770078099857064,Guard,52.0,31.12727272727273,13.01923076923077,3.0384615384615383,2.6153846153846154,0.4423076923076923,0.23076923076923078,1.2307692307692308,-0.7307692307692307,247.0,515.0,84.0,222.0,99.0,108.0,0.4796116504854369,0.3783783783783784,0.9166666666666666,-4.218181818181819,0.137,0.6095454545454545,0.24736363636363637,0.17054545454545456,0.1639090909090909,0.1929090909090909,0.13636363636363635,MIA,https://cdn.nba.com/headshots/nba/latest/1040x760/1629639.png
1629640,Keldon Johnson,196,24.067346938775508,10.18877551020408,4.979591836734694,0.4807244897959183,0.5770006062328431,-1.443367346938775,0.1972448979591836,0.5072564740691087,0.0648227687586833,0.2108665062073942,7.447045379081645,0.2140641516862911,keldon johnson,Keldon Johnson,SAS,SF,82.0,1911.0,0.519,10.8,0.344,0.3,0.009,0.005,0.343,0.672,0.536,0.143,0.5,0.363,Rim Protector,at the rim,at the rim,High-Impact Balanced Player,"Keldon Johnson profiles as a balanced player. Their most common shot comes at the rim, and they make shots most consistently at the rim. On defense, they profile as a Rim Protector.",Protects the basket with shot blocking and interior presence. This player is most valuable defensively near the rim.,94.0,Keldon Johnson,26.0,SAS,SF,82.0,0.0,1911.0,0.0,22.0,62.0,16.0,0.0,7.3,-1.4,28.0,28.0,63.0,7.0,80.0,8.0,266.0,20.0,57.0,6MOY-1,9.959183673469388,275.9591836734694,-0.1467400481377817,0.343,266.0,0.2108665062073942,0.0,0.1641789801917466,0.5116121932917415,0.3580375782881002,0.1607250755287009,0.1885335984614174,0.2822061445418609,Wing,82.0,23.118048780487804,13.182926829268293,5.365853658536586,1.353658536585366,0.5609756097560976,0.13414634146341464,0.8536585365853658,3.8658536585365852,414.0,797.0,99.0,273.0,154.0,194.0,0.5194479297365119,0.3626373626373626,0.7938144329896907,4.333333333333333,0.131,0.6438039215686275,0.1938235294117647,0.11001960784313725,0.2507254901960784,0.21154901960784314,0.03398039215686275,SAS,https://cdn.nba.com/headshots/nba/latest/1040x760/1629640.png
1629642,Nassir Little,22,3.909090909090909,1.5,0.5909090909090909,0.3068181818181818,0.3674242424242424,-10.936363636363636,0.0231818181818181,0.4719913419913419,0.0316017316017316,0.1576839826839826,2.6008008658008657,0.0294444468956945,nassir little,,,,,,,,,,,,,,,,,,Disruptive Defender,Not enough shooting data,Not enough shooting data,Balanced Player,"Nassir Little profiles as a balanced player. Their most common shot comes Not enough shooting data, and they make shots most consistently Not enough shooting data. On defense, they profile as a Disruptive Defender.","Creates defensive pressure with steals, blocks, and activity. This player can force mistakes and break up possessions.",,,,,,,,,,,,,,,,,,,,,,0.0,,,,1.181818181818182,1.181818181818182,0.0473051948051948,0.0,0.0,0.1576839826839826,0.0,0.0001627924755698,0.5472648408705868,0.0,0.0,0.1280796449972378,0.1496892917075984,Wing,,,,,,,,,,,,,,,,,,,,,,,,,,,,https://cdn.nba.com/headshots/nba/latest/1040x760/1629642.png
1629643,Chuma Okeke,40,13.120250000000002,3.15,1.275,0.281625,0.3573238039120084,-12.15,0.0705,0.3695512629529142,0.0400764498820407,0.2021916307303689,3.3148239376418536,0.0637797994989388,chuma okeke,,,,,,,,,,,,,,,,,,Rim Protector,Not enough shooting data,Not enough shooting data,Balanced Player,"Chuma Okeke profiles as a balanced player. Their most common shot comes Not enough shooting data, and they make shots most consistently Not enough shooting data. On defense, they profile as a Rim Protector.",Protects the basket with shot blocking and interior presence. This player is most valuable defensively near the rim.,,,,,,,,,,,,,,,,,,,,,,0.0,,,,2.55,2.55,0.0606574892191106,0.0,0.0,0.2021916307303689,0.0,0.0009794680613454,0.5497181071289523,0.0,0.0,0.1786726425749449,0.1556885782642707,Wing,,,,,,,,,,,,,,,,,,,,,,,,,,,,https://cdn.nba.com/headshots/nba/latest/1040x760/1629643.png
1629645,Kevin Porter Jr.,112,23.996160714285715,10.25,4.678571428571429,0.4460714285714285,0.5244351459464367,-2.150892857142857,0.2107142857142857,0.5780100010952129,0.1877774339079088,0.172612571416472,7.527539725744022,0.195159244457891,kevin porter jr,Kevin Porter Jr.,MIL,PG,38.0,1261.0,0.465,12.9,0.251,0.21,0.128,0.132,0.278,0.682,0.407,0.439,0.471,0.322,Disruptive Defender,three-point range,at the rim,Mid-Range Shot Creator,"Kevin Porter Jr. profiles as a mid-range shot creator. They regularly look for shots from three-point range, while making shots most consistently at the rim. On the defensive side, they profile as a Disruptive Defender.","Creates defensive pressure with steals, blocks, and activity. This player can force mistakes and break up possessions.",221.0,Kevin Porter Jr.,25.0,MIL,PG,38.0,36.0,1261.0,44.0,56.0,0.0,0.0,0.0,-5.2,1.8,56.0,38.0,42.0,7.0,74.0,7.0,684.0,17.0,31.0,,9.357142857142858,693.3571428571429,0.3217837714249416,0.278,684.0,0.172612571416472,0.0,0.4133262194606177,0.59769580125771,0.290187891440501,0.4132930513595166,0.1450493588943698,0.4141168628401384,Guard,41.0,32.14897435897436,16.121951219512194,4.829268292682927,6.829268292682927,2.024390243902439,0.4634146341463415,2.682926829268293,-2.6097560975609757,239.0,514.0,46.0,143.0,137.0,156.0,0.4649805447470817,0.32167832167832167,0.8782051282051282,-1.92,0.13068,0.55716,0.23592,0.40396,0.17324,0.45384,0.17464,MIL,https://cdn.nba.com/headshots/nba/latest/1040x760/1629645.png
1629646,Charles Bassey,49,10.574489795918367,3.346938775510204,2.020408163265306,0.5259183673469388,0.5409786185168959,-17.979591836734695,0.1012244897959183,0.4463760222726762,0.0461358280772158,0.3745770698357393,4.7411981041776725,0.0959088997602885,charles bassey,,,,,,,,,,,,,,,,,,Rim Protector,Not enough shooting data,Not enough shooting data,Balanced Player,"Charles Bassey profiles as a balanced player. Their most common shot comes Not enough shooting data, and they make shots most consistently Not enough shooting data. On defense, they profile as a Rim Protector.",Protects the basket with shot blocking and interior presence. This player is most valuable defensively near the rim.,,,,,,,,,,,,,,,,,,,,,,0.0,,,,4.040816326530612,4.040816326530612,0.1123731209507217,0.0,0.0,0.3745770698357393,0.0,0.0018693448895371,0.5592200107287552,0.0,0.0,0.3746276410057848,0.1780155047385821,Wing,25.0,11.57076923076923,3.04,2.28,0.28,0.16,0.44,0.24,-1.76,31.0,47.0,0.0,0.0,14.0,20.0,0.6595744680851063,,0.7,-9.15,0.068,0.3775,0.1235,0.1215,0.4445,0.5,0.5,MEM,https://cdn.nba.com/headshots/nba/latest/1040x760/1629646.png
1629650,Moses Brown,27,8.997777777777777,3.5185185185185186,2.185185185185185,0.4556296296296296,0.4497438516315524,-13.45185185185185,0.0855555555555555,0.5866757892044482,0.0363157258916976,0.3229109563703563,4.570731281451701,0.0900071189963142,moses brown,,,,,,,,,,,,,,,,,,Rim Protector,Not enough shooting data,Not enough shooting data,Volume Shot Creator,"Moses Brown profiles as a balanced player. Their most common shot comes Not enough shooting data, and they make shots most consistently Not enough shooting data. On defense, they profile as a Rim Protector.",Protects the basket with shot blocking and interior presence. This player is most valuable defensively near the rim.,,,,,,,,,,,,,,,,,,,,,,0.0,,,,4.37037037037037,4.37037037037037,0.0968732869111069,0.0,0.0,0.3229109563703563,0.0,0.0020660575911832,0.5563721691008757,0.0,0.0,0.3158974301737186,0.171509208329064,Wing,,,,,,,,,,,,,,,,,,,,,,,,,,,,https://cdn.nba.com/headshots/nba/latest/1040x760/1629650.png
1629651,Nic Claxton,187,27.9575935828877,8.272727272727273,4.834224598930481,0.5877326203208556,0.5954684833357626,-12.175935828877003,0.2270053475935829,0.3901942114403464,0.0974715748389613,0.2794492925904612,7.663852696417392,0.2165431875737209,nic claxton,Nic Claxton,BRK,C,69.0,1920.0,0.571,4.6,0.497,0.395,0.058,0.017,0.033,0.717,0.47,0.235,0.6,0.158,Rim Protector,at the rim,at the rim,Rim-Dominant Big,"Nic Claxton profiles as a rim-dominant big. They take a large share of their shots at the rim, finish best at the rim, and their defensive profile as a Rim Protector suggests they impact the game around the basket.",Protects the basket with shot blocking and interior presence. This player is most valuable defensively near the rim.,92.0,Nic Claxton,26.0,BRK,C,69.0,68.0,1920.0,0.0,0.0,0.0,0.0,100.0,-13.2,-5.4,35.0,28.0,57.0,20.0,113.0,8.0,616.0,31.0,45.0,,9.668449197860962,625.6684491978609,-0.7261652122228617,0.033,616.0,0.2794492925904612,100.0,0.3729224494280351,0.4051522726045297,0.034446764091858,0.3722054380664653,0.2664934300331655,0.3194939493460882,Big,73.0,27.637971014492752,11.095890410958905,6.5479452054794525,3.4657534246575343,0.6164383561643836,1.0547945205479452,1.3150684931506849,-7.054794520547945,333.0,583.0,3.0,19.0,141.0,229.0,0.5711835334476844,0.15789473684210525,0.6157205240174672,-13.279166666666667,0.1175,0.6082916666666667,0.1706875,0.23997916666666666,0.30693750000000003,0.18135416666666668,0.407875,BKN,https://cdn.nba.com/headshots/nba/latest/1040x760/1629651.png
1629652,Luguentz Dort,189,27.843492063492064,8.11111111111111,3.365079365079365,0.4084973544973545,0.5550172993537058,10.305291005291004,0.1546031746031746,0.3367489390185446,0.0515119781362754,0.1315218967492704,5.835375172923603,0.1585859704823233,luguentz dort,Luguentz Dort,OKC,SF,69.0,1849.0,0.385,20.5,0.115,0.055,0.078,0.042,0.71,0.667,0.241,0.463,0.364,0.344,Disruptive Defender,three-point range,at the rim,Balanced Player,"Luguentz Dort profiles as a balanced player. Their most common shot comes three-point range, and they make shots most consistently at the rim. On defense, they profile as a Disruptive Defender.","Creates defensive pressure with steals, blocks, and activity. This player can force mistakes and break up possessions.",107.0,Luguentz Dort,26.0,OKC,SF,69.0,69.0,1849.0,0.0,1.0,41.0,56.0,1.0,9.0,-4.2,27.0,12.0,80.0,12.0,26.0,45.0,214.0,8.0,14.0,,6.73015873015873,220.7301587301587,-0.5905434309752189,0.71,214.0,0.1315218967492704,1.0,0.1312124579810273,0.4300705622647323,0.7411273486430062,0.1293051359516616,0.0983405235558358,0.2939362920057947,Wing,74.0,26.608985507246377,7.783783783783784,3.310810810810811,1.1486486486486487,0.8378378378378378,0.36486486486486486,0.7297297297297297,3.972972972972973,202.0,524.0,128.0,372.0,44.0,58.0,0.38549618320610685,0.34408602150537637,0.7586206896551724,10.051219512195122,0.052341463414634144,0.5544878048780487,0.1355609756097561,0.08070731707317073,0.16163414634146342,0.15804878048780488,0.13129268292682927,OKC,https://cdn.nba.com/headshots/nba/latest/1040x760/1629652.png
1629655,Daniel Gafford,157,21.952802547770705,6.445859872611465,4.522292993630574,0.6666815286624204,0.6916481297840683,-3.4541401273885346,0.2056687898089172,0.4051459823605087,0.0579244676087727,0.3171071676128109,7.55307074897768,0.2063581259971969,daniel gafford,Daniel Gafford,DAL,C,55.0,1195.0,0.655,2.7,0.661,0.313,0.019,0.006,0.0,0.756,0.465,0.333,0.5,,Rim Protector,at the rim,at the rim,Rim-Dominant Big,"Daniel Gafford profiles as a rim-dominant big. They take a large share of their shots at the rim, finish best at the rim, and their defensive profile as a Rim Protector suggests they impact the game around the basket.",Protects the basket with shot blocking and interior presence. This player is most valuable defensively near the rim.,234.0,Daniel Gafford,27.0,DAL,C,55.0,44.0,1195.0,0.0,0.0,0.0,0.0,100.0,-6.9,-1.5,29.0,19.0,100.0,12.0,71.0,4.0,136.0,19.0,41.0,,9.044585987261147,145.04458598726114,-0.1298678497161567,0.0,136.0,0.3171071676128109,100.0,0.0860353048913103,0.5147121844849465,0.0,0.0821752265861027,0.3093001130059816,0.2022397020369692,Big,57.0,21.53290909090909,9.192982456140351,6.631578947368421,1.0175438596491229,0.7368421052631579,1.2105263157894737,1.105263157894737,-3.2982456140350878,207.0,316.0,0.0,0.0,110.0,161.0,0.6550632911392406,,0.6832298136645962,-6.96,0.108,0.6481142857142858,0.13557142857142856,0.08365714285714286,0.3156285714285714,0.23105714285714285,0.4581142857142857,DAL,https://cdn.nba.com/headshots/nba/latest/1040x760/1629655.png
1629656,Quentin Grimes,172,26.789069767441863,10.122093023255816,4.546511627906977,0.4226046511627907,0.5536243433335323,-3.565116279069768,0.1955232558139535,0.4689955390119686,0.1037954482252744,0.1430058003005724,7.122992015001279,0.1980447864337286,quentin grimes,Quentin Grimes,PHI,SG,75.0,2206.0,0.45,15.7,0.254,0.143,0.04,0.06,0.503,0.734,0.454,0.367,0.267,0.334,Disruptive Defender,three-point range,at the rim,Balanced Player,"Quentin Grimes profiles as a balanced player. Their most common shot comes three-point range, and they make shots most consistently at the rim. On defense, they profile as a Disruptive Defender.","Creates defensive pressure with steals, blocks, and activity. This player can force mistakes and break up possessions.",54.0,Quentin Grimes,25.0,PHI,SG,75.0,19.0,2206.0,1.0,55.0,43.0,0.0,0.0,0.3,1.1,64.0,47.0,83.0,6.0,100.0,18.0,590.0,20.0,31.0,,9.093023255813954,599.0930232558139,0.2079017400901717,0.503,590.0,0.1430058003005724,0.0,0.3570594250404584,0.576771835964035,0.5250521920668059,0.3564954682779456,0.1113945744899161,0.4125635620939991,Guard,76.0,29.182133333333333,13.236842105263158,3.5921052631578947,3.210526315789474,0.8421052631578947,0.3684210526315789,1.75,0.10526315789473684,340.0,755.0,127.0,380.0,199.0,237.0,0.4503311258278146,0.33421052631578946,0.8396624472573839,-0.6638297872340425,0.09182978723404255,0.5920212765957447,0.16991489361702128,0.24572340425531913,0.14325531914893616,0.1583617021276596,0.08425531914893616,PHI,https://cdn.nba.com/headshots/nba/latest/1040x760/1629656.png
1629659,Talen Horton-Tucker,80,13.30275,5.8375,2.475,0.3332,0.4416090748103692,-13.576249999999998,0.107,0.5012344869657274,0.1120244777817733,0.1419967350093853,4.798546198362563,0.1071895082326398,talen hortontucker,,,,,,,,,,,,,,,,,,Disruptive Defender,Not enough shooting data,Not enough shooting data,Balanced Player,"Talen Horton-Tucker profiles as a balanced player. Their most common shot comes Not enough shooting data, and they make shots most consistently Not enough shooting data. On defense, they profile as a Disruptive Defender.","Creates defensive pressure with steals, blocks, and activity. This player can force mistakes and break up possessions.",,,,,,,,,,,,,,,,,,,,,,0.0,,,,4.95,4.95,0.0425990205028155,0.0,0.0,0.1419967350093853,0.0,0.0024120418463604,0.5464001581228801,0.0,0.0,0.110247543809266,0.1485896106501908,Wing,,,,,,,,,,,,,,,,,,,,,,,,,,,,https://cdn.nba.com/headshots/nba/latest/1040x760/1629659.png
1629660,Ty Jerome,85,20.156235294117646,9.8,4.952941176470588,0.5069176470588236,0.6276640069555917,5.931764705882353,0.1990588235294118,0.6043069526895569,0.1886454854329002,0.1270255497798249,7.811017690951771,0.2084283633691338,ty jerome,,,,,,,,,,,,,,,,,,Disruptive Defender,Not enough shooting data,Not enough shooting data,On-Ball Creator,"Ty Jerome profiles as an on-ball creator. They combine scoring volume with creation stats, meaning they likely generate offense for themselves and others. Defensively, they profile as a Disruptive Defender.","Creates defensive pressure with steals, blocks, and activity. This player can force mistakes and break up possessions.",,,,,,,,,,,,,,,,,,,,,,0.0,,,,9.905882352941177,9.905882352941177,0.0381076649339474,0.0,0.0,0.1270255497798249,0.0,0.0053702364882113,0.5455749448127286,0.0,0.0,0.0932294093694244,0.1478647717354091,Wing,25.0,22.320666666666668,11.8,1.68,3.4,0.64,0.16,1.08,-1.8,102.0,215.0,42.0,100.0,49.0,56.0,0.4744186046511628,0.42,0.875,6.766666666666667,0.22033333333333335,0.7520000000000001,0.3173333333333333,0.5683333333333334,0.142,0.38866666666666666,0.0,MEM,https://cdn.nba.com/headshots/nba/latest/1040x760/1629660.png
1629661,Cameron Johnson,144,29.736736111111114,10.78472222222222,5.006944444444445,0.4559930555555555,0.6052988865964785,-1.3111111111111111,0.2167361111111111,0.4448317250346357,0.09549932943746,0.1364897576021696,7.709032332080929,0.2203485017523168,cameron johnson,Cameron Johnson,DEN,SF,54.0,1647.0,0.48,16.6,0.202,0.131,0.069,0.059,0.539,0.74,0.419,0.333,0.357,0.43,Disruptive Defender,three-point range,at the rim,Elite 3PT Threat,Cameron Johnson profiles as an elite 3PT threat. They consistently take shots from three-point range and are most efficient at the rim. Their defensive profile is Disruptive Defender.,"Creates defensive pressure with steals, blocks, and activity. This player can force mistakes and break up possessions.",140.0,Cameron Johnson,29.0,DEN,SF,54.0,54.0,1647.0,0.0,0.0,36.0,62.0,2.0,9.6,7.7,25.0,17.0,71.0,4.0,43.0,9.0,312.0,11.0,27.0,,10.01388888888889,322.0138888888889,1.1959469272806509,0.539,312.0,0.1364897576021696,2.0,0.1916692982618314,0.7583090193374422,0.5626304801670147,0.1885196374622356,0.1039876197995008,0.3798902718903189,Wing,55.0,30.30037037037037,12.0,3.7454545454545456,2.4,0.7272727272727273,0.38181818181818183,0.8545454545454545,6.236363636363636,228.0,475.0,110.0,256.0,94.0,112.0,0.48,0.4296875,0.8392857142857143,10.789285714285715,0.06367857142857143,0.5727857142857143,0.14439285714285716,0.11885714285714286,0.1335714285714286,0.12035714285714286,0.08689285714285713,DEN,https://cdn.nba.com/headshots/nba/latest/1040x760/1629661.png
1629667,Jalen McDaniels,34,9.906176470588235,3.5,1.2941176470588236,0.2270882352941176,0.2886861791371744,-27.81470588235294,0.0547058823529411,0.4654229512867125,0.0608851260066978,0.1176693293188269,3.0704338517496543,0.0556974335335136,jalen mcdaniels,,,,,,,,,,,,,,,,,,Disruptive Defender,Not enough shooting data,Not enough shooting data,Balanced Player,"Jalen McDaniels profiles as a balanced player. Their most common shot comes Not enough shooting data, and they make shots most consistently Not enough shooting data. On defense, they profile as a Disruptive Defender.","Creates defensive pressure with steals, blocks, and activity. This player can force mistakes and break up possessions.",,,,,,,,,,,,,,,,,,,,,,0.0,,,,2.588235294117647,2.588235294117647,0.035300798795648,0.0,0.0,0.1176693293188269,0.0,0.0010022909280185,0.5450592289533134,0.0,0.0,0.0825939509730062,0.1449251187068363,Wing,,,,,,,,,,,,,,,,,,,,,,,,,,,,https://cdn.nba.com/headshots/nba/latest/1040x760/1629667.png
1629670,Jordan Nwora,41,13.951219512195122,5.926829268292683,2.707317073170732,0.3685365853658536,0.4642614426472298,-22.62439024390244,0.113170731707317,0.4828846856090367,0.0942256532279348,0.1967606869870213,5.003675650379275,0.1187240529002082,jordan nwora,,,,,,,,,,,,,,,,,,Rim Protector,Not enough shooting data,Not enough shooting data,Balanced Player,"Jordan Nwora profiles as a balanced player. Their most common shot comes Not enough shooting data, and they make shots most consistently Not enough shooting data. On defense, they profile as a Rim Protector.",Protects the basket with shot blocking and interior presence. This player is most valuable defensively near the rim.,,,,,,,,,,,,,,,,,,,,,,0.0,,,,5.414634146341464,5.414634146341464,0.0590282060961064,0.0,0.0,0.1967606869870213,0.0,0.0026893846370569,0.5494187529365504,0.0,0.0,0.1724991480023834,0.1556803568891987,Wing,,,,,,,,,,,,,,,,,,,,,,,,,,,,https://cdn.nba.com/headshots/nba/latest/1040x760/1629670.png
1629673,Jordan Poole,153,28.168235294117647,14.477124183006536,6.0130718954248366,0.3884771241830065,0.5309786529730877,-11.907843137254902,0.2375816993464052,0.6447326057528849,0.1476324014283391,0.0962032179426582,8.550701824019804,0.2454914924999184,jordan poole,Jordan Poole,NOP,PG,39.0,933.0,0.372,19.2,0.153,0.133,0.038,0.027,0.649,0.544,0.407,0.294,0.25,0.333,Disruptive Defender,three-point range,at the rim,On-Ball Creator,"Jordan Poole profiles as an on-ball creator. They combine scoring volume with creation stats, meaning they likely generate offense for themselves and others. Defensively, they profile as a Disruptive Defender.","Creates defensive pressure with steals, blocks, and activity. This player can force mistakes and break up possessions.",293.0,Jordan Poole,26.0,NOP,PG,39.0,8.0,933.0,41.0,59.0,1.0,0.0,0.0,-7.6,-4.0,36.0,29.0,37.0,2.0,41.0,12.0,269.0,12.0,26.0,,12.026143790849671,281.0261437908497,-0.5711390346172025,0.649,269.0,0.0962032179426582,0.0,0.1672034777891947,0.4336358035164124,0.6774530271398748,0.1625377643504531,0.0581928655747074,0.2989813590582783,Guard,63.0,23.742307692307694,8.317460317460318,1.2222222222222223,1.8888888888888888,0.3492063492063492,0.23809523809523808,1.0952380952380953,-2.2857142857142856,165.0,444.0,96.0,288.0,98.0,114.0,0.3716216216216216,0.3333333333333333,0.8596491228070176,-9.257142857142856,0.060642857142857144,0.49342857142857144,0.23667857142857143,0.25710714285714287,0.08175,0.13175,0.1440357142857143,NOP,https://cdn.nba.com/headshots/nba/latest/1040x760/1629673.png
1629674,Neemias Queta,154,18.922012987012984,4.941558441558442,3.24025974025974,0.596461038961039,0.6227993327507116,12.613636363636363,0.1566233766233766,0.3552046649757802,0.0753373240429974,0.3263669793000934,6.0622488866452535,0.1547650994374581,neemias queta,Neemias Queta,BOS,C,76.0,1926.0,0.653,3.9,0.545,0.389,0.044,0.006,0.016,0.768,0.567,0.273,0.0,0.125,Rim Protector,at the rim,at the rim,Rim-Dominant Big,"Neemias Queta profiles as a rim-dominant big. They take a large share of their shots at the rim, finish best at the rim, and their defensive profile as a Rim Protector suggests they impact the game around the basket.",Protects the basket with shot blocking and interior presence. This player is most valuable defensively near the rim.,91.0,Neemias Queta,26.0,BOS,C,76.0,75.0,1926.0,0.0,0.0,0.0,0.0,100.0,13.0,9.8,23.0,22.0,131.0,25.0,75.0,2.0,315.0,17.0,36.0,,6.48051948051948,321.4805194805195,1.567910093790028,0.016,315.0,0.3263669793000934,100.0,0.1913509269984318,0.8266511826738931,0.0167014613778705,0.1903323262839879,0.3198259810495245,0.3367242164078778,Big,79.0,25.149210526315787,9.822784810126583,8.050632911392405,1.5949367088607596,0.759493670886076,1.2658227848101267,0.9493670886075949,6.075949367088608,326.0,499.0,1.0,8.0,123.0,175.0,0.6533066132264529,0.125,0.7028571428571428,10.66530612244898,0.12926530612244896,0.6711836734693877,0.14716326530612245,0.1086326530612245,0.343734693877551,0.20742857142857143,0.4742448979591837,BOS,https://cdn.nba.com/headshots/nba/latest/1040x760/1629674.png
1629675,Naz Reid,207,26.205169082125604,11.35265700483092,5.217391304347826,0.451048309178744,0.5622655765707824,5.1516908212560395,0.2231400966183575,0.5163555220856636,0.0766498703243095,0.2259739581222961,7.892696179680775,0.2226318315540337,naz reid,Naz Reid,MIN,C,77.0,2007.0,0.456,15.8,0.147,0.258,0.077,0.003,0.514,0.711,0.529,0.358,0.333,0.362,Rim Protector,three-point range,at the rim,Perimeter Shooter,"Naz Reid is a perimeter shooter. Their shot profile is built around three-point range, with their best efficiency coming at the rim. Defensively, they profile as a Rim Protector.",Protects the basket with shot blocking and interior presence. This player is most valuable defensively near the rim.,76.0,Naz Reid,26.0,MIN,C,77.0,3.0,2007.0,0.0,0.0,0.0,45.0,55.0,3.8,0.5,60.0,41.0,118.0,13.0,60.0,11.0,422.0,17.0,40.0,6MOY-4,10.434782608695652,432.4347826086956,0.1427921874366888,0.514,422.0,0.2259739581222961,55.0,0.2575801639538823,0.5648090179141586,0.5365344467640919,0.2549848942598187,0.2057066307757595,0.3707836395782642,Big,78.0,25.875454545454545,13.41025641025641,6.115384615384615,2.1794871794871793,0.9743589743589743,1.0,1.6153846153846154,2.1666666666666665,397.0,871.0,162.0,448.0,90.0,123.0,0.45579793340987373,0.36160714285714285,0.7317073170731707,3.0207547169811324,0.12433962264150943,0.564622641509434,0.2111698113207547,0.16977358490566036,0.26384905660377356,0.23173584905660377,0.3005849056603774,MIN,https://cdn.nba.com/headshots/nba/latest/1040x760/1629675.png
1629677,Luka Samanic,29,10.20689655172414,3.8620689655172415,1.4482758620689655,0.2476551724137931,0.3445230150107524,-9.53793103448276,0.0713793103448275,0.429314651789139,0.0332992459537546,0.2219040379961467,3.469784555507087,0.0664356326727644,luka samanic,,,,,,,,,,,,,,,,,,Rim Protector,Not enough shooting data,Not enough shooting data,Balanced Player,"Luka Samanic profiles as a balanced player. Their most common shot comes Not enough shooting data, and they make shots most consistently Not enough shooting data. On defense, they profile as a Rim Protector.",Protects the basket with shot blocking and interior presence. This player is most valuable defensively near the rim.,,,,,,,,,,,,,,,,,,,,,,0.0,,,,2.896551724137931,2.896551724137931,0.066571211398844,0.0,0.0,0.2219040379961467,0.0,0.001186326775992,0.5508046570982045,0.0,0.0,0.2010802470389883,0.1582837196888467,Wing,,,,,,,,,,,,,,,,,,,,,,,,,,,,https://cdn.nba.com/headshots/nba/latest/1040x760/1629677.png
1629680,Matisse Thybulle,79,19.283291139240507,4.886075949367089,2.0253164556962027,0.3751012658227848,0.5042117368882278,-3.637974683544304,0.1116455696202531,0.316818186941381,0.0691036540439285,0.1235618360925488,4.529815888344914,0.1033166515395462,matisse thybulle,Matisse Thybulle,POR,SG,30.0,480.0,0.433,18.5,0.179,0.119,0.007,0.0,0.694,0.708,0.188,1.0,,0.398,Disruptive Defender,three-point range,at the rim,Elite 3PT Threat,Matisse Thybulle profiles as an elite 3PT threat. They consistently take shots from three-point range and are most efficient at the rim. Their defensive profile is Disruptive Defender.,"Creates defensive pressure with steals, blocks, and activity. This player can force mistakes and break up possessions.",389.0,Matisse Thybulle,28.0,POR,SG,30.0,0.0,480.0,12.0,51.0,33.0,4.0,0.0,9.1,10.9,17.0,8.0,21.0,1.0,9.0,4.0,66.0,1.0,2.0,,4.050632911392405,70.0506329113924,1.6720685508277646,0.694,66.0,0.1235618360925488,0.0,0.0412709835533377,0.8457885998287883,0.7244258872651357,0.0398791540785498,0.0892921162101096,0.3495365534971684,Guard,74.0,15.806666666666667,2.3513513513513513,0.7972972972972973,0.36486486486486486,0.8108108108108109,0.21621621621621623,0.3783783783783784,1.1891891891891893,58.0,134.0,37.0,93.0,21.0,25.0,0.43283582089552236,0.3978494623655914,0.84,8.924999999999999,0.14500000000000002,0.94025,0.098,0.1665,0.118,0.61775,0.0,POR,https://cdn.nba.com/headshots/nba/latest/1040x760/1629680.png
1629684,Grant Williams,98,24.79061224489796,7.040816326530612,3.2142857142857144,0.435204081632653,0.5785525152190116,0.7704081632653064,0.1580612244897959,0.3761283782278248,0.084634134107446,0.1742849187571297,5.983832669459623,0.1506921392356844,grant williams,Grant Williams,CHO,PF,36.0,711.0,0.426,20.4,0.06,0.115,0.071,0.022,0.732,0.818,0.381,0.462,0.75,0.388,Disruptive Defender,three-point range,three-point range,Elite 3PT Threat,Grant Williams profiles as an elite 3PT threat. They consistently take shots from three-point range and are most efficient three-point range. Their defensive profile is Disruptive Defender.,"Creates defensive pressure with steals, blocks, and activity. This player can force mistakes and break up possessions.",341.0,Grant Williams,27.0,CHO,PF,36.0,3.0,711.0,0.0,0.0,0.0,88.0,12.0,13.3,10.5,17.0,3.0,25.0,8.0,24.0,7.0,146.0,5.0,6.0,,6.428571428571429,152.42857142857142,1.6272854756271389,0.732,146.0,0.1742849187571297,12.0,0.090442848213041,0.8375604403881879,0.7640918580375783,0.0882175226586102,0.1469503594789614,0.3836978163016573,Wing,50.0,19.546388888888888,5.04,2.84,1.12,0.34,0.36,0.62,4.06,78.0,183.0,52.0,134.0,44.0,54.0,0.4262295081967213,0.3880597014925373,0.8148148148148148,15.19090909090909,0.07454545454545454,0.4608181818181818,0.13818181818181818,0.10063636363636363,0.18772727272727271,0.13636363636363635,0.13636363636363635,CHA,https://cdn.nba.com/headshots/nba/latest/1040x760/1629684.png
1629723,John Konchar,132,18.007196969696967,3.136363636363636,1.446969696969697,0.3902727272727272,0.4887280771550957,-4.740909090909091,0.1084090909090909,0.2043857751369431,0.0881240362803783,0.2553564121023026,4.007531539314932,0.0865566868829945,john konchar,John Konchar,2TM,SG,56.0,1115.0,0.472,14.2,0.291,0.166,0.035,0.01,0.497,0.724,0.606,0.571,0.0,0.283,Rim Protector,three-point range,at the rim,Balanced Player,"John Konchar profiles as a balanced player. Their most common shot comes three-point range, and they make shots most consistently at the rim. On defense, they profile as a Rim Protector.",Protects the basket with shot blocking and interior presence. This player is most valuable defensively near the rim.,260.0,John Konchar,29.0,2TM,SG,56.0,8.0,1115.0,3.0,36.0,51.0,9.0,0.0,-4.9,2.6,27.0,7.0,49.0,1.0,24.0,3.0,277.0,6.0,7.0,,2.893939393939394,279.8939393939394,0.4666069236306908,0.497,277.0,0.2553564121023026,0.0,0.1665276584815729,0.6243046927128146,0.5187891440501045,0.1673716012084592,0.2391064280755015,0.3411534111067446,Wing,70.0,19.693035714285713,3.5428571428571427,3.4285714285714284,1.6857142857142857,1.1857142857142857,0.5428571428571428,0.5,-2.085714285714286,94.0,199.0,28.0,99.0,32.0,44.0,0.4723618090452261,0.2828282828282828,0.7272727272727273,-6.276666666666667,0.09473333333333334,0.4993666666666667,0.07503333333333333,0.14746666666666666,0.23893333333333333,0.35540000000000005,0.1911,MEM,https://cdn.nba.com/headshots/nba/latest/1040x760/1629723.png
1629726,Garrison Mathews,107,16.291121495327104,4.5514018691588785,1.9345794392523368,0.3970934579439252,0.6009016181032782,-5.391588785046729,0.0929906542056074,0.3351620149072105,0.0545972933064065,0.1007492415194846,4.5449915009466855,0.1019597139407733,garrison mathews,,,,,,,,,,,,,,,,,,Disruptive Defender,Not enough shooting data,Not enough shooting data,Efficient Role Finisher,"Garrison Mathews profiles as a balanced player. Their most common shot comes Not enough shooting data, and they make shots most consistently Not enough shooting data. On defense, they profile as a Disruptive Defender.","Creates defensive pressure with steals, blocks, and activity. This player can force mistakes and break up possessions.",,,,,,,,,,,,,,,,,,,,,,0.0,,,,3.869158878504673,3.869158878504673,0.0302247724558453,0.0,0.0,0.1007492415194846,0.0,0.0017668815728519,0.5441265919277971,0.0,0.0,0.0633604484487985,0.1430744454559699,Wing,15.0,12.884666666666668,5.2,1.1333333333333333,0.6666666666666666,0.4,0.2,0.2,-0.13333333333333333,21.0,52.0,17.0,46.0,19.0,23.0,0.40384615384615385,0.3695652173913043,0.8260869565217391,1.1799999999999997,0.079,0.5498666666666666,0.1308,0.10933333333333334,0.13533333333333333,0.23,0.10553333333333333,IND,https://cdn.nba.com/headshots/nba/latest/1040x760/1629726.png
1629731,Dean Wade,147,20.989931972789115,4.537414965986395,1.9319727891156464,0.4099251700680272,0.5661144171412311,8.759863945578232,0.1163265306122449,0.2428877771142372,0.0748916167174872,0.1902617795460287,4.605207241026317,0.1066697171871265,dean wade,Dean Wade,CLE,PF,59.0,1318.0,0.439,18.5,0.223,0.036,0.025,0.011,0.705,0.661,0.6,0.286,0.667,0.362,Rim Protector,three-point range,at the rim,Perimeter Shooter,"Dean Wade is a perimeter shooter. Their shot profile is built around three-point range, with their best efficiency coming at the rim. Defensively, they profile as a Rim Protector.",Protects the basket with shot blocking and interior presence. This player is most valuable defensively near the rim.,212.0,Dean Wade,29.0,CLE,PF,59.0,38.0,1318.0,0.0,0.0,14.0,73.0,14.0,6.8,3.9,3.0,7.0,55.0,3.0,18.0,9.0,221.0,4.0,11.0,,3.863945578231293,224.8639455782313,0.6420785338638085,0.705,221.0,0.1902617795460287,14.0,0.1336799390941059,0.6565447383065749,0.7359081419624217,0.1335347432024169,0.1651116714033682,0.3578590229692279,Wing,61.0,22.118474576271186,5.60655737704918,4.049180327868853,1.4426229508196722,0.7213114754098361,0.3770491803278688,0.26229508196721313,2.4754098360655736,122.0,278.0,71.0,196.0,27.0,38.0,0.43884892086330934,0.3622448979591837,0.7105263157894737,3.33953488372093,0.071,0.5386511627906977,0.09593023255813954,0.13316279069767442,0.18334883720930234,0.17590697674418604,0.10818604651162791,CLE,https://cdn.nba.com/headshots/nba/latest/1040x760/1629731.png
1629750,Javonte Green,159,18.25270440251572,4.880503144654088,2.220125786163522,0.4405031446540881,0.5697635769346102,-0.6522012578616352,0.1141509433962264,0.3319127255303291,0.0378326352799328,0.1756328033898574,4.862424357965118,0.1126892570359574,javonte green,Javonte Green,DET,SG,82.0,1446.0,0.447,16.6,0.2,0.171,0.014,0.017,0.597,0.651,0.479,0.167,0.286,0.381,Disruptive Defender,three-point range,at the rim,Elite 3PT Threat,Javonte Green profiles as an elite 3PT threat. They consistently take shots from three-point range and are most efficient at the rim. Their defensive profile is Disruptive Defender.,"Creates defensive pressure with steals, blocks, and activity. This player can force mistakes and break up possessions.",177.0,Javonte Green,32.0,DET,SG,82.0,6.0,1446.0,8.0,60.0,31.0,2.0,0.0,8.4,0.3,35.0,7.0,61.0,1.0,53.0,12.0,129.0,7.0,19.0,,4.440251572327044,133.44025157232704,0.0976898410169572,0.597,129.0,0.1756328033898574,0.0,0.0791086110265679,0.5565221975958978,0.6231732776617954,0.0779456193353474,0.1484825348904223,0.2868928008814478,Guard,82.0,17.454268292682926,6.939024390243903,2.8048780487804876,0.6829268292682927,1.2439024390243902,0.3048780487804878,0.5487804878048781,2.6219512195121952,185.0,414.0,94.0,247.0,105.0,125.0,0.4468599033816425,0.3805668016194332,0.84,6.719607843137255,0.0893529411764706,0.5923529411764706,0.1376078431372549,0.06970588235294117,0.16137254901960785,0.2874313725490196,0.08692156862745097,DET,https://cdn.nba.com/headshots/nba/latest/1040x760/1629750.png
1630162,Anthony Edwards,191,35.395706806282725,20.157068062827225,9.3717277486911,0.4614921465968586,0.5934719763686414,5.734031413612565,0.3622513089005235,0.7372124075591094,0.1255418267970271,0.1527776344820068,11.96871508977388,0.3788477653651327,anthony edwards,Anthony Edwards,MIN,SG,61.0,2137.0,0.489,15.8,0.18,0.149,0.15,0.104,0.418,0.756,0.481,0.492,0.398,0.399,Disruptive Defender,three-point range,at the rim,Perimeter Shooter,"Anthony Edwards is a perimeter shooter. Their shot profile is built around three-point range, with their best efficiency coming at the rim. Defensively, they profile as a Disruptive Defender.","Creates defensive pressure with steals, blocks, and activity. This player can force mistakes and break up possessions.",60.0,Anthony Edwards,24.0,MIN,SG,61.0,60.0,2137.0,1.0,64.0,34.0,1.0,0.0,3.4,-0.2,81.0,61.0,43.0,11.0,195.0,4.0,549.0,40.0,29.0,"CPOY-3,AS",18.7434554973822,567.7434554973822,0.015833290344602,0.418,549.0,0.1527776344820068,0.0,0.3383466879811748,0.541482391884201,0.4363256784968685,0.3317220543806646,0.1225024717788451,0.3815805775540015,Guard,61.0,34.865081967213115,28.80327868852459,4.950819672131147,3.7049180327868854,1.360655737704918,0.8032786885245902,2.8524590163934427,2.6557377049180326,602.0,1231.0,205.0,514.0,348.0,437.0,0.4890333062550772,0.39883268482490275,0.7963386727688787,6.732558139534884,0.15172093023255814,0.6186744186046512,0.3125116279069768,0.19755813953488371,0.16093023255813954,0.19774418604651164,0.25506976744186044,MIN,https://cdn.nba.com/headshots/nba/latest/1040x760/1630162.png
1630163,LaMelo Ball,124,29.36798387096774,18.830645161290324,7.653225806451613,0.4063548387096774,0.5443118315671701,3.253225806451613,0.3266129032258064,0.7958434632862077,0.248882118283009,0.1632915774531218,10.802445001919086,0.3029800486336659,lamelo ball,LaMelo Ball,CHO,PG,72.0,2017.0,0.407,18.9,0.112,0.185,0.087,0.022,0.595,0.583,0.409,0.426,0.481,0.368,Disruptive Defender,three-point range,at the rim,Perimeter Shooter,"LaMelo Ball is a perimeter shooter. Their shot profile is built around three-point range, with their best efficiency coming at the rim. Defensively, they profile as a Disruptive Defender.","Creates defensive pressure with steals, blocks, and activity. This player can force mistakes and break up possessions.",75.0,LaMelo Ball,24.0,CHO,PG,72.0,69.0,2017.0,94.0,6.0,0.0,0.0,0.0,7.7,6.3,114.0,49.0,78.0,18.0,59.0,18.0,1263.0,15.0,53.0,,15.306451612903226,1278.3064516129032,0.9939874732359364,0.595,1263.0,0.1632915774531218,0.0,0.7624858216631785,0.7212022645875297,0.6210855949895616,0.7631419939577039,0.1344539433712194,0.6682173277934804,Guard,72.0,27.823333333333334,20.069444444444443,4.819444444444445,7.138888888888889,1.2083333333333333,0.2361111111111111,2.8055555555555554,5.777777777777778,506.0,1244.0,272.0,740.0,161.0,179.0,0.4067524115755627,0.3675675675675676,0.8994413407821229,8.84047619047619,0.12645238095238095,0.5400714285714285,0.30847619047619046,0.45035714285714284,0.18142857142857144,0.35045238095238096,0.06923809523809524,CHA,https://cdn.nba.com/headshots/nba/latest/1040x760/1630163.png
1630164,James Wiseman,47,17.89063829787234,4.9787234042553195,2.851063829787234,0.5438085106382979,0.5702638370033182,-9.074468085106384,0.1302127659574468,0.3885413571330491,0.0464622243148325,0.2977817849761214,5.438938055063287,0.1347328031766055,james wiseman,,,,,,,,,,,,,,,,,,Rim Protector,Not enough shooting data,Not enough shooting data,Balanced Player,"James Wiseman profiles as a balanced player. Their most common shot comes Not enough shooting data, and they make shots most consistently Not enough shooting data. On defense, they profile as a Rim Protector.",Protects the basket with shot blocking and interior presence. This player is most valuable defensively near the rim.,,,,,,,,,,,,,,,,,,,,,,0.0,,,,5.702127659574468,5.702127659574468,0.0893345354928364,0.0,0.0,0.2977817849761214,0.0,0.0028609911663984,0.554987046521091,0.0,0.0,0.2873324494730244,0.1686244030441345,Wing,6.0,14.370000000000001,2.1666666666666665,1.3333333333333333,0.5,0.0,0.16666666666666666,0.8333333333333334,-1.5,6.0,10.0,0.0,0.0,1.0,2.0,0.6,,0.5,-8.05,0.0095,0.51625,0.109,0.20825,0.13674999999999998,0.0,0.125,IND,https://cdn.nba.com/headshots/nba/latest/1040x760/1630164.png
1630165,Killian Hayes,44,20.02090909090909,5.568181818181818,1.931818181818182,0.3275909090909091,0.4090135086030063,-7.225,0.1238636363636363,0.3653551443177117,0.2441275061856576,0.132176196003766,4.491841723535352,0.092784868786231,killian hayes,,,,,,,,,,,,,,,,,,Disruptive Defender,Not enough shooting data,Not enough shooting data,Balanced Player,"Killian Hayes profiles as a balanced player. Their most common shot comes Not enough shooting data, and they make shots most consistently Not enough shooting data. On defense, they profile as a Disruptive Defender.","Creates defensive pressure with steals, blocks, and activity. This player can force mistakes and break up possessions.",,,,,,,,,,,,,,,,,,,,,,0.0,,,,3.863636363636364,3.863636363636364,0.0396528588011298,0.0,0.0,0.132176196003766,0.0,0.001763585152007,0.5458588489762738,0.0,0.0,0.0990842824838135,0.1470785745532526,Wing,24.0,17.43130434782609,5.291666666666667,2.25,3.375,0.875,0.16666666666666666,1.1666666666666667,-0.75,42.0,138.0,17.0,63.0,26.0,28.0,0.30434782608695654,0.2698412698412698,0.9285714285714286,,,,,,,,,,https://cdn.nba.com/headshots/nba/latest/1040x760/1630165.png
1630166,Deni Avdija,181,31.492375690607737,13.392265193370166,6.397790055248619,0.4695469613259668,0.5915481612906107,-2.522099447513812,0.3011602209944751,0.6118743893885545,0.1522128225589687,0.230841571305035,9.755023096903084,0.265605178603759,deni avdija,Deni Avdija,POR,SF,66.0,2199.0,0.462,12.7,0.29,0.243,0.07,0.026,0.369,0.683,0.417,0.493,0.393,0.318,Rim Protector,three-point range,at the rim,On-Ball Creator,"Deni Avdija profiles as an on-ball creator. They combine scoring volume with creation stats, meaning they likely generate offense for themselves and others. Defensively, they profile as a Rim Protector.",Protects the basket with shot blocking and interior presence. This player is most valuable defensively near the rim.,55.0,Deni Avdija,25.0,POR,SF,66.0,66.0,2199.0,0.0,23.0,62.0,14.0,0.0,-0.2,0.6,133.0,91.0,104.0,21.0,286.0,6.0,1119.0,68.0,79.0,AS,12.795580110497236,1131.7955801104972,0.1592524713915105,0.369,1119.0,0.230841571305035,0.0,0.6750326409406586,0.5678333265443961,0.3851774530271399,0.6761329305135951,0.2112397728934212,0.5584852763071351,Wing,82.0,33.11545454545455,19.48780487804878,5.536585365853658,5.390243902439025,0.6219512195121951,0.5,3.0853658536585367,0.1951219512195122,492.0,1064.0,125.0,393.0,489.0,610.0,0.462406015037594,0.31806615776081426,0.8016393442622951,-0.6181818181818182,0.14652272727272728,0.605840909090909,0.2843409090909091,0.3533409090909091,0.22004545454545454,0.15127272727272725,0.20613636363636365,POR,https://cdn.nba.com/headshots/nba/latest/1040x760/1630166.png
1630167,Obi Toppin,154,18.941038961038963,7.383116883116883,3.9415584415584415,0.5188766233766233,0.6347857918910519,-0.1902597402597401,0.1616883116883117,0.4675245218165649,0.0943552761574098,0.2134165308072876,6.644276549176416,0.1764250070497392,obi toppin,,,,,,,,,,,,,,,,,,Rim Protector,Not enough shooting data,Not enough shooting data,Balanced Player,"Obi Toppin profiles as a balanced player. Their most common shot comes Not enough shooting data, and they make shots most consistently Not enough shooting data. On defense, they profile as a Rim Protector.",Protects the basket with shot blocking and interior presence. This player is most valuable defensively near the rim.,,,,,,,,,,,,,,,,,,,,,,0.0,,,,7.883116883116883,7.883116883116883,0.0640249592421862,0.0,0.0,0.2134165308072876,0.0,0.0041628361610013,0.5503368248060475,0.0,0.0,0.191432277543966,0.158392568420309,Wing,29.0,17.42625,9.620689655172415,3.6551724137931036,1.896551724137931,0.41379310344827586,0.034482758620689655,0.9655172413793104,-1.1379310344827587,100.0,199.0,37.0,105.0,42.0,46.0,0.5025125628140703,0.3523809523809524,0.9130434782608695,-3.6666666666666674,0.12,0.5363333333333333,0.23566666666666666,0.10433333333333333,0.2763333333333333,0.3333333333333333,0.0,IND,https://cdn.nba.com/headshots/nba/latest/1040x760/1630167.png
1630168,Onyeka Okongwu,171,28.864152046783627,9.982456140350877,5.298245614035087,0.5346315789473685,0.6133009474433789,0.783625730994152,0.250233918128655,0.4330734098532313,0.0857823482611943,0.2797572662134645,8.313944398878705,0.2333168124797887,onyeka okongwu,Onyeka Okongwu,ATL,C,74.0,2297.0,0.48,13.8,0.23,0.274,0.045,0.005,0.445,0.687,0.47,0.538,0.25,0.376,Rim Protector,three-point range,at the rim,Perimeter Shooter,"Onyeka Okongwu is a perimeter shooter. Their shot profile is built around three-point range, with their best efficiency coming at the rim. Defensively, they profile as a Rim Protector.",Protects the basket with shot blocking and interior presence. This player is most valuable defensively near the rim.,36.0,Onyeka Okongwu,25.0,ATL,C,74.0,63.0,2297.0,0.0,0.0,0.0,3.0,97.0,1.8,-1.6,41.0,34.0,138.0,34.0,94.0,4.0,558.0,20.0,51.0,,10.596491228070176,568.5964912280701,-0.1560728201359606,0.445,558.0,0.2797572662134645,97.0,0.3388558699084518,0.5098974486995096,0.464509394572025,0.3371601208459214,0.266843511635913,0.3930934825722453,Big,78.0,30.818783783783786,14.397435897435898,7.205128205128205,2.9615384615384617,1.0512820512820513,1.0128205128205128,1.6282051282051282,1.3974358974358974,413.0,860.0,144.0,383.0,153.0,202.0,0.48023255813953486,0.37597911227154046,0.7574257425742574,-4.123404255319149,0.10329787234042555,0.5802765957446808,0.20097872340425532,0.16374468085106383,0.2854468085106383,0.18438297872340426,0.3280212765957447,ATL,https://cdn.nba.com/headshots/nba/latest/1040x760/1630168.png
1630169,Tyrese Haliburton,114,32.26543859649123,13.728070175438596,6.412280701754386,0.4549561403508772,0.5842042357043828,4.0096491228070175,0.3139473684210526,0.5223007490538812,0.2924734603089079,0.1139029572790476,9.750722977150737,0.271845652170962,tyrese haliburton,,,,,,,,,,,,,,,,,,Disruptive Defender,Not enough shooting data,Not enough shooting data,On-Ball Creator,"Tyrese Haliburton profiles as an on-ball creator. They combine scoring volume with creation stats, meaning they likely generate offense for themselves and others. Defensively, they profile as a Disruptive Defender.","Creates defensive pressure with steals, blocks, and activity. This player can force mistakes and break up possessions.",,,,,,,,,,,,,,,,,,,,,,0.0,,,,12.824561403508772,12.824561403508772,0.0341708871837142,0.0,0.0,0.1139029572790476,0.0,0.0071124127776761,0.5448516261289176,0.0,0.0,0.0783126182167414,0.146889133464974,Wing,1.0,0.0,0.0,0.0,0.0,0.0,0.0,0.0,0.0,0.0,0.0,0.0,0.0,0.0,0.0,,,,,,,,,,,,,https://cdn.nba.com/headshots/nba/latest/1040x760/1630169.png
1630170,Devin Vassell,170,31.44494117647059,13.441176470588236,6.064705882352941,0.4369705882352941,0.5548232233169548,1.3347058823529414,0.2372941176470588,0.4966137004918743,0.1005999270539133,0.1273929511976989,8.339755894464025,0.2582662448137195,devin vassell,Devin Vassell,SAS,SG,67.0,2044.0,0.437,19.1,0.089,0.061,0.18,0.098,0.572,0.657,0.348,0.5,0.486,0.384,Disruptive Defender,three-point range,at the rim,Elite 3PT Threat,Devin Vassell profiles as an elite 3PT threat. They consistently take shots from three-point range and are most efficient at the rim. Their defensive profile is Disruptive Defender.,"Creates defensive pressure with steals, blocks, and activity. This player can force mistakes and break up possessions.",72.0,Devin Vassell,25.0,SAS,SG,67.0,65.0,2044.0,16.0,54.0,31.0,0.0,0.0,11.1,6.4,34.0,17.0,50.0,6.0,49.0,3.0,399.0,11.0,18.0,,12.129411764705882,411.1294117647059,0.9982178853593096,0.572,399.0,0.1273929511976989,0.0,0.2448628657242479,0.7219795337968151,0.5970772442588727,0.2410876132930513,0.093647044087511,0.4014750821157901,Guard,68.0,30.312537313432838,13.705882352941176,3.9558823529411766,2.4558823529411766,0.8382352941176471,0.36764705882352944,0.8823529411764706,7.235294117647059,330.0,755.0,166.0,433.0,106.0,130.0,0.4370860927152318,0.3833718244803695,0.8153846153846154,7.526315789473684,0.08218421052631579,0.5285,0.18478947368421053,0.12997368421052632,0.13439473684210526,0.19089473684210526,0.14673684210526317,SAS,https://cdn.nba.com/headshots/nba/latest/1040x760/1630170.png
1630171,Isaac Okoro,164,24.309024390243906,6.487804878048781,3.048780487804878,0.4703048780487804,0.5846067025897049,1.2890243902439025,0.1302439024390244,0.3233278318562395,0.0626372618085261,0.1087552179879454,5.421207478798667,0.1476450768270083,isaac okoro,Isaac Okoro,CHI,SG,63.0,1695.0,0.46,12.9,0.401,0.115,0.002,0.0,0.481,0.652,0.34,0.0,,0.33,Disruptive Defender,three-point range,at the rim,Efficient Role Finisher,"Isaac Okoro profiles as a balanced player. Their most common shot comes three-point range, and they make shots most consistently at the rim. On defense, they profile as a Disruptive Defender.","Creates defensive pressure with steals, blocks, and activity. This player can force mistakes and break up possessions.",135.0,Isaac Okoro,25.0,CHI,SG,63.0,62.0,1695.0,0.0,33.0,61.0,6.0,0.0,-8.4,-5.9,20.0,18.0,77.0,6.0,56.0,20.0,252.0,12.0,28.0,,6.097560975609756,258.0975609756098,-0.8523734346036164,0.481,252.0,0.1087552179879454,0.0,0.1535172750105872,0.3819635708056617,0.5020876826722338,0.1522658610271903,0.0724610494882844,0.2546836461580328,Wing,71.0,26.687936507936506,8.225352112676056,2.436619718309859,1.408450704225352,0.647887323943662,0.4084507042253521,0.647887323943662,-4.71830985915493,211.0,459.0,73.0,221.0,89.0,112.0,0.4596949891067538,0.33031674208144796,0.7946428571428571,-6.534090909090909,0.04318181818181818,0.5377954545454545,0.13622727272727272,0.07875,0.11381818181818182,0.15045454545454545,0.15945454545454546,CHI,https://cdn.nba.com/headshots/nba/latest/1040x760/1630171.png
1630172,Patrick Williams,144,22.51159722222222,7.402777777777778,2.8472222222222223,0.3773125,0.4908676536640685,-10.968055555555557,0.1291666666666666,0.4136857059770658,0.0710050930715586,0.1473353888369986,5.234002150724114,0.1299903311159729,patrick williams,Patrick Williams,CHI,PF,72.0,1474.0,0.372,17.1,0.182,0.186,0.048,0.01,0.573,0.506,0.281,0.522,0.4,0.347,Disruptive Defender,three-point range,at the rim,Balanced Player,"Patrick Williams profiles as a balanced player. Their most common shot comes three-point range, and they make shots most consistently at the rim. On defense, they profile as a Disruptive Defender.","Creates defensive pressure with steals, blocks, and activity. This player can force mistakes and break up possessions.",169.0,Patrick Williams,24.0,CHI,PF,72.0,6.0,1474.0,0.0,1.0,30.0,65.0,6.0,-11.0,-9.6,29.0,26.0,58.0,5.0,33.0,0.0,258.0,7.0,29.0,,5.694444444444445,263.69444444444446,-1.3957993833489004,0.573,258.0,0.1473353888369986,6.0,0.156858086900269,0.2821179186166572,0.5981210855949896,0.1558912386706948,0.1163161300416178,0.2502116141247516,Wing,74.0,20.276111111111113,6.824324324324325,2.9054054054054053,1.4189189189189189,0.6621621621621622,0.35135135135135137,1.0135135135135136,-4.662162162162162,178.0,478.0,95.0,274.0,54.0,75.0,0.3723849372384937,0.3467153284671533,0.72,-15.685416666666667,0.04789583333333333,0.4714375,0.16560416666666666,0.11716666666666668,0.16777083333333334,0.17522916666666666,0.095125,CHI,https://cdn.nba.com/headshots/nba/latest/1040x760/1630172.png
1630173,Precious Achiuwa,179,22.630335195530726,6.837988826815643,3.558659217877095,0.5045027932960894,0.5333177344952771,-5.512290502793296,0.1665921787709497,0.3713655159610965,0.0504580198279443,0.2882455450154181,6.087097643229253,0.1634050189475463,precious achiuwa,Precious Achiuwa,SAC,C,73.0,1745.0,0.528,7.8,0.371,0.395,0.064,0.007,0.162,0.707,0.513,0.289,0.0,0.278,Rim Protector,short paint / floater range,at the rim,Rim-Dominant Big,"Precious Achiuwa profiles as a rim-dominant big. They take a large share of their shots short paint / floater range, finish best at the rim, and their defensive profile as a Rim Protector suggests they impact the game around the basket.",Protects the basket with shot blocking and interior presence. This player is most valuable defensively near the rim.,125.0,Precious Achiuwa,26.0,SAC,C,73.0,57.0,1745.0,0.0,0.0,0.0,83.0,17.0,-7.2,5.4,16.0,31.0,77.0,8.0,70.0,6.0,237.0,15.0,43.0,,7.11731843575419,244.1173184357542,0.8964736635046255,0.162,237.0,0.2882455450154181,17.0,0.1451723879394419,0.7032856929690093,0.1691022964509394,0.143202416918429,0.276492358243547,0.3012252004018677,Wing,75.0,23.70849315068493,9.813333333333333,6.56,1.3466666666666667,0.8666666666666667,0.6666666666666666,0.8666666666666667,-3.6133333333333333,316.0,598.0,27.0,97.0,77.0,139.0,0.5284280936454849,0.27835051546391754,0.5539568345323741,-11.2,0.08253333333333333,0.5275111111111112,0.1585111111111111,0.12008888888888888,0.31373333333333336,0.19740000000000002,0.2914888888888889,SAC,https://cdn.nba.com/headshots/nba/latest/1040x760/1630173.png
1630174,Aaron Nesmith,133,27.60263157894737,9.721804511278195,4.473684210526316,0.4624736842105263,0.6011094186239293,1.8203007518796992,0.1868421052631579,0.4214795903198637,0.0594682420384335,0.1483977789724916,7.014708489143094,0.1999592505295041,aaron nesmith,Aaron Nesmith,IND,SF,45.0,1335.0,0.414,17.2,0.152,0.15,0.104,0.053,0.541,0.526,0.442,0.472,0.259,0.379,Disruptive Defender,three-point range,at the rim,Elite 3PT Threat,Aaron Nesmith profiles as an elite 3PT threat. They consistently take shots from three-point range and are most efficient at the rim. Their defensive profile is Disruptive Defender.,"Creates defensive pressure with steals, blocks, and activity. This player can force mistakes and break up possessions.",206.0,Aaron Nesmith,26.0,IND,SF,45.0,42.0,1335.0,0.0,37.0,61.0,3.0,0.0,-7.1,1.0,28.0,18.0,63.0,12.0,48.0,24.0,212.0,14.0,36.0,,8.947368421052632,220.94736842105263,0.1945193336917474,0.541,212.0,0.1483977789724916,0.0,0.1313421116931214,0.5743130371197877,0.5647181628392485,0.1280966767371601,0.1175237764554556,0.3053848737023443,Wing,56.0,29.488444444444443,11.089285714285714,3.3392857142857144,1.5357142857142858,0.4642857142857143,0.4107142857142857,1.125,-3.5892857142857144,212.0,512.0,105.0,277.0,92.0,111.0,0.4140625,0.37906137184115524,0.8288288288288288,-6.193333333333333,0.06906666666666667,0.5349666666666667,0.1899,0.1171,0.1712,0.1639,0.16496666666666665,IND,https://cdn.nba.com/headshots/nba/latest/1040x760/1630174.png
1630175,Cole Anthony,150,18.1258,7.9,3.3533333333333335,0.40258,0.4954184272315066,-1.7633333333333334,0.1433333333333333,0.5664227769628226,0.175835851911149,0.1677549317304596,5.9427675022868325,0.140734202524923,cole anthony,Cole Anthony,MIL,PG,35.0,527.0,0.424,14.0,0.143,0.268,0.199,0.078,0.312,0.606,0.419,0.478,0.444,0.306,Disruptive Defender,three-point range,at the rim,Mid-Range Shot Creator,"Cole Anthony profiles as a mid-range shot creator. They regularly look for shots from three-point range, while making shots most consistently at the rim. On the defensive side, they profile as a Disruptive Defender.","Creates defensive pressure with steals, blocks, and activity. This player can force mistakes and break up possessions.",375.0,Cole Anthony,25.0,MIL,PG,35.0,0.0,527.0,99.0,1.0,0.0,0.0,0.0,-10.0,-4.1,40.0,20.0,42.0,4.0,9.0,7.0,291.0,3.0,11.0,,6.706666666666667,297.70666666666665,-0.564673520480862,0.312,291.0,0.1677549317304596,0.0,0.1771601777026273,0.4348237362553084,0.325678496868476,0.1758308157099697,0.1395275539090409,0.2599576166370505,Guard,48.0,14.83342857142857,4.875,1.8125,2.5208333333333335,0.4166666666666667,0.22916666666666666,1.3541666666666667,-2.3125,98.0,231.0,22.0,72.0,16.0,26.0,0.42424242424242425,0.3055555555555556,0.6153846153846154,-6.337142857142857,0.09714285714285714,0.46494285714285716,0.23199999999999998,0.4247714285714286,0.18745714285714285,0.2880571428571429,0.16902857142857144,MIL,https://cdn.nba.com/headshots/nba/latest/1040x760/1630175.png
1630178,Tyrese Maxey,161,37.53950310559006,21.111801242236027,9.496894409937887,0.4452422360248447,0.5690838671151042,-1.453416149068323,0.3704968944099379,0.685561609926869,0.1660688484157352,0.0994465015916354,11.959741280826378,0.3864744994360811,tyrese maxey,Tyrese Maxey,PHI,PG,70.0,2661.0,0.462,14.9,0.232,0.203,0.094,0.073,0.399,0.675,0.431,0.418,0.45,0.367,Disruptive Defender,three-point range,at the rim,Three-Level Scorer,"Tyrese Maxey profiles as a three-level scorer. They have a balanced shot diet that includes rim attempts, mid-range looks, and threes. Their most common shot comes three-point range, while their most reliable area is at the rim. Defensively, they profile as a Disruptive Defender.","Creates defensive pressure with steals, blocks, and activity. This player can force mistakes and break up possessions.",8.0,Tyrese Maxey,25.0,PHI,PG,70.0,70.0,2661.0,98.0,3.0,0.0,0.0,0.0,0.9,3.4,88.0,64.0,69.0,9.0,175.0,9.0,1109.0,41.0,70.0,"CPOY-7,AS,NBA3",18.993788819875775,1127.9937888198758,0.5398339504774906,0.399,1109.0,0.0994465015916354,0.0,0.6727633298827242,0.6377589642106365,0.4164926931106472,0.6700906344410876,0.0618795901939349,0.5642159994358482,Guard,71.0,37.27197183098591,27.887323943661972,4.084507042253521,6.492957746478873,1.8309859154929577,0.7746478873239436,2.408450704225352,1.591549295774648,694.0,1501.0,220.0,599.0,372.0,417.0,0.46235842771485675,0.3672787979966611,0.8920863309352518,2.6020408163265305,0.15332653061224488,0.5947959183673469,0.2786530612244898,0.34616326530612246,0.1203265306122449,0.285265306122449,0.17810204081632652,PHI,https://cdn.nba.com/headshots/nba/latest/1040x760/1630178.png
1630180,Saddiq Bey,103,31.551262135922332,12.932038834951456,5.601941747572815,0.4192233009708738,0.5509979522795566,-4.512621359223301,0.2488349514563106,0.4920779288428549,0.0703786700121216,0.18330739727142,8.330353598019526,0.2395260240755408,saddiq bey,Saddiq Bey,NOP,SF,72.0,2246.0,0.451,13.6,0.27,0.209,0.071,0.024,0.426,0.625,0.455,0.319,0.348,0.367,Disruptive Defender,three-point range,at the rim,Perimeter Shooter,"Saddiq Bey is a perimeter shooter. Their shot profile is built around three-point range, with their best efficiency coming at the rim. Defensively, they profile as a Disruptive Defender.","Creates defensive pressure with steals, blocks, and activity. This player can force mistakes and break up possessions.",47.0,Saddiq Bey,26.0,NOP,SF,72.0,64.0,2246.0,0.0,2.0,51.0,46.0,0.0,-3.8,1.7,28.0,22.0,39.0,10.0,148.0,5.0,446.0,29.0,52.0,,11.20388349514563,457.2038834951457,0.309992219181426,0.426,446.0,0.18330739727142,0.0,0.2723649825406823,0.5955292959099384,0.4446764091858037,0.2694864048338368,0.1572064447509279,0.3671990633301046,Wing,73.0,30.99694444444445,17.410958904109588,5.47945205479452,2.493150684931507,0.9315068493150684,0.0958904109589041,0.9315068493150684,-2.5616438356164384,436.0,967.0,151.0,412.0,248.0,295.0,0.45087900723888313,0.36650485436893204,0.8406779661016949,-5.617021276595745,0.11187234042553192,0.5585319148936171,0.20097872340425532,0.1565744680851064,0.2057021276595745,0.19487234042553192,0.014191489361702128,NOP,https://cdn.nba.com/headshots/nba/latest/1040x760/1630180.png
1630182,Josh Green,160,23.0290625,5.2375,2.39375,0.4071375,0.5321369640406397,-1.4118750000000004,0.1069374999999999,0.2794510169059572,0.0587858006816635,0.1086235619063858,4.5971879259338335,0.1218610122591272,josh green,Josh Green,CHO,SG,58.0,908.0,0.459,19.4,0.138,0.083,0.017,0.0,0.762,0.64,0.533,0.333,,0.42,Disruptive Defender,three-point range,at the rim,Elite 3PT Threat,Josh Green profiles as an elite 3PT threat. They consistently take shots from three-point range and are most efficient at the rim. Their defensive profile is Disruptive Defender.,"Creates defensive pressure with steals, blocks, and activity. This player can force mistakes and break up possessions.",298.0,Josh Green,25.0,CHO,SG,58.0,0.0,908.0,20.0,66.0,12.0,1.0,0.0,12.6,10.2,20.0,7.0,27.0,6.0,10.0,16.0,113.0,1.0,5.0,,4.7875,117.7875,1.5625870685719156,0.762,113.0,0.1086235619063858,0.0,0.0697653937074562,0.8256731636342279,0.7954070981210857,0.0682779456193353,0.0723113926066516,0.367694446932301,Guard,60.0,15.461724137931034,4.15,1.7,0.7833333333333333,0.5833333333333334,0.1,0.5833333333333334,3.45,83.0,181.0,58.0,138.0,25.0,28.0,0.4585635359116022,0.42028985507246375,0.8928571428571429,8.885714285714286,0.06035714285714285,0.5308571428571429,0.1024642857142857,0.113,0.13210714285714284,0.17707142857142857,0.0595,CHA,https://cdn.nba.com/headshots/nba/latest/1040x760/1630182.png
1630183,Jaden McDaniels,206,31.166067961165048,10.179611650485436,4.990291262135922,0.4806407766990291,0.5698067874450695,3.245145631067961,0.200631067961165,0.3969090217443508,0.0686785247510306,0.1468136905058742,7.259306366988958,0.2215280827689318,jaden mcdaniels,Jaden McDaniels,MIN,PF,73.0,2316.0,0.515,12.4,0.224,0.278,0.138,0.051,0.309,0.74,0.467,0.509,0.439,0.412,Disruptive Defender,three-point range,at the rim,Three-Level Scorer,"Jaden McDaniels profiles as a three-level scorer. They have a balanced shot diet that includes rim attempts, mid-range looks, and threes. Their most common shot comes three-point range, while their most reliable area is at the rim. Defensively, they profile as a Disruptive Defender.","Creates defensive pressure with steals, blocks, and activity. This player can force mistakes and break up possessions.",35.0,Jaden McDaniels,25.0,MIN,PF,73.0,73.0,2316.0,0.0,1.0,88.0,9.0,1.0,3.2,-0.7,62.0,46.0,111.0,9.0,80.0,17.0,487.0,17.0,42.0,,9.980582524271844,496.9805825242718,-0.0609558928482377,0.309,487.0,0.1468136905058742,1.0,0.2961079226588314,0.5273736322737104,0.3225469728601253,0.2942598187311178,0.115723102021459,0.3396669151362366,Wing,73.0,31.53232876712329,14.849315068493151,4.2465753424657535,2.7260273972602738,1.1095890410958904,1.0,1.7945205479452055,1.643835616438356,417.0,809.0,103.0,250.0,147.0,176.0,0.515451174289246,0.412,0.8352272727272727,5.6647058823529415,0.08313725490196079,0.6163529411764707,0.17964705882352944,0.16347058823529412,0.14466666666666667,0.20258823529411765,0.22705882352941176,MIN,https://cdn.nba.com/headshots/nba/latest/1040x760/1630183.png
1630188,Jalen Smith,159,17.31616352201258,6.918238993710692,3.4213836477987423,0.4900691823899371,0.5999172317758228,-0.0622641509433964,0.1663522012578616,0.4975834049809317,0.0686129874863041,0.3487305269492454,6.4876858008868155,0.1519108354687895,jalen smith,Jalen Smith,CHI,C,53.0,1095.0,0.483,15.3,0.329,0.097,0.005,0.025,0.545,0.722,0.333,0.5,0.3,0.373,Rim Protector,three-point range,at the rim,Elite 3PT Threat,Jalen Smith profiles as an elite 3PT threat. They consistently take shots from three-point range and are most efficient at the rim. Their defensive profile is Rim Protector.,Protects the basket with shot blocking and interior presence. This player is most valuable defensively near the rim.,262.0,Jalen Smith,25.0,CHI,C,53.0,21.0,1095.0,0.0,0.0,0.0,38.0,62.0,4.0,12.4,19.0,16.0,77.0,11.0,44.0,7.0,160.0,15.0,19.0,,6.8427672955974845,166.8427672955975,1.9646191580847736,0.545,160.0,0.3487305269492454,62.0,0.0990467645176964,0.899540001003701,0.5688935281837162,0.0966767371601208,0.3452472055290406,0.3940301295544774,Big,56.0,20.476226415094338,9.660714285714286,6.339285714285714,1.1607142857142858,0.42857142857142855,0.75,0.9464285714285714,1.5357142857142858,195.0,404.0,82.0,220.0,69.0,93.0,0.48267326732673266,0.37272727272727274,0.7419354838709677,3.8581395348837204,0.11334883720930232,0.6203023255813953,0.19048837209302327,0.10867441860465116,0.3490232558139535,0.15202325581395348,0.19709302325581393,CHI,https://cdn.nba.com/headshots/nba/latest/1040x760/1630188.png
1630191,Isaiah Stewart,148,22.18047297297297,5.878378378378378,3.2094594594594597,0.5413648648648649,0.6215797927435532,0.4601351351351352,0.1587837837837837,0.3475204785932087,0.0664133128979019,0.2479488401762745,6.064847902984644,0.1539700981228982,isaiah stewart,Isaiah Stewart,DET,C,58.0,1317.0,0.55,9.7,0.358,0.333,0.007,0.002,0.299,0.764,0.515,0.667,0.0,0.333,Rim Protector,at the rim,at the rim,Rim-Dominant Big,"Isaiah Stewart profiles as a rim-dominant big. They take a large share of their shots at the rim, finish best at the rim, and their defensive profile as a Rim Protector suggests they impact the game around the basket.",Protects the basket with shot blocking and interior presence. This player is most valuable defensively near the rim.,213.0,Isaiah Stewart,24.0,DET,C,58.0,13.0,1317.0,0.0,0.0,0.0,25.0,75.0,2.1,-9.1,17.0,21.0,67.0,21.0,48.0,3.0,154.0,14.0,23.0,6MOY-7,6.418918918918919,160.4189189189189,-1.2906153479471176,0.299,154.0,0.2479488401762745,75.0,0.0952123325246377,0.3014437690638263,0.3121085594989561,0.0930513595166163,0.2306860489954918,0.1926359000518659,Big,65.0,22.515172413793103,8.938461538461539,4.461538461538462,1.0153846153846153,0.24615384615384617,1.4307692307692308,1.0307692307692307,0.6,221.0,402.0,40.0,120.0,99.0,131.0,0.5497512437810945,0.3333333333333333,0.7557251908396947,2.168085106382978,0.09057446808510637,0.6287659574468085,0.16185106382978723,0.0836595744680851,0.2417659574468085,0.05925531914893618,0.42848936170212765,DET,https://cdn.nba.com/headshots/nba/latest/1040x760/1630191.png
1630192,Zeke Nnaji,139,10.742517985611512,2.647482014388489,1.2517985611510791,0.4015251798561151,0.4655823980421325,-13.424460431654676,0.064820143884892,0.3430752547321029,0.0446136856492984,0.183715347198488,3.493329358266862,0.0685687916472456,zeke nnaji,Zeke Nnaji,DEN,PF,52.0,626.0,0.47,11.6,0.43,0.139,0.02,0.053,0.358,0.708,0.381,0.0,0.375,0.259,Disruptive Defender,at the rim,at the rim,Balanced Player,"Zeke Nnaji profiles as a balanced player. Their most common shot comes at the rim, and they make shots most consistently at the rim. On defense, they profile as a Disruptive Defender.","Creates defensive pressure with steals, blocks, and activity. This player can force mistakes and break up possessions.",357.0,Zeke Nnaji,25.0,DEN,PF,52.0,4.0,626.0,0.0,0.0,0.0,29.0,71.0,-6.5,-13.7,10.0,11.0,42.0,4.0,21.0,1.0,69.0,4.0,17.0,,2.5035971223021583,71.50359712230215,-1.9998853958404532,0.358,69.0,0.183715347198488,71.0,0.042138266236302,0.1711269693718957,0.3736951983298539,0.0416918429003021,0.1576701720108016,0.1356275300780832,Big,80.0,11.831153846153846,2.375,1.7,0.3625,0.2125,0.3,0.3375,-1.3625,71.0,151.0,14.0,54.0,34.0,44.0,0.47019867549668876,0.25925925925925924,0.7727272727272727,-16.31578947368421,0.02210526315789474,0.542578947368421,0.1398157894736842,0.09478947368421053,0.1955263157894737,0.1013157894736842,0.20876315789473684,DEN,https://cdn.nba.com/headshots/nba/latest/1040x760/1630192.png
1630193,Immanuel Quickley,141,31.04014184397163,13.48936170212766,5.822695035460993,0.4344680851063829,0.5724448667819887,-0.9609929078014188,0.2694326241134752,0.5348482892042888,0.1981837719197461,0.132727498995794,8.866463802868019,0.2465050130981272,immanuel quickley,Immanuel Quickley,TOR,PG,70.0,2231.0,0.443,17.7,0.105,0.178,0.15,0.041,0.526,0.705,0.478,0.456,0.459,0.374,Disruptive Defender,three-point range,at the rim,Elite 3PT Threat,Immanuel Quickley profiles as an elite 3PT threat. They consistently take shots from three-point range and are most efficient at the rim. Their defensive profile is Disruptive Defender.,"Creates defensive pressure with steals, blocks, and activity. This player can force mistakes and break up possessions.",50.0,Immanuel Quickley,26.0,TOR,PG,70.0,70.0,2231.0,80.0,21.0,0.0,0.0,0.0,2.6,-0.7,63.0,22.0,45.0,6.0,100.0,27.0,975.0,24.0,42.0,,11.645390070921986,986.645390070922,-0.0651817503012618,0.526,975.0,0.132727498995794,0.0,0.5883916587987251,0.5265971999107929,0.5490605427974948,0.5891238670694864,0.0997109628896436,0.5182485279127256,Guard,72.0,31.662857142857145,15.972222222222221,3.9166666666666665,5.763888888888889,1.2777777777777777,0.06944444444444445,1.4166666666666667,1.6527777777777777,401.0,905.0,178.0,476.0,170.0,207.0,0.4430939226519337,0.3739495798319328,0.821256038647343,2.5140000000000002,0.1174,0.58068,0.20998,0.31304,0.15336,0.22504000000000002,0.02732,TOR,https://cdn.nba.com/headshots/nba/latest/1040x760/1630193.png
1630194,Paul Reed,160,14.9681875,5.175,2.90625,0.5235875,0.5749593593398348,3.13875,0.1395625,0.451618475192156,0.0775099982589873,0.3196974640086183,5.738740028403816,0.1329912882721982,paul reed,Paul Reed,DET,C,65.0,901.0,0.617,6.9,0.413,0.369,0.071,0.029,0.118,0.793,0.552,0.542,0.3,0.325,Rim Protector,at the rim,at the rim,Rim-Dominant Big,"Paul Reed profiles as a rim-dominant big. They take a large share of their shots at the rim, finish best at the rim, and their defensive profile as a Rim Protector suggests they impact the game around the basket.",Protects the basket with shot blocking and interior presence. This player is most valuable defensively near the rim.,303.0,Paul Reed,26.0,DET,C,65.0,11.0,901.0,0.0,0.0,0.0,7.0,93.0,9.1,1.2,22.0,20.0,64.0,10.0,46.0,5.0,197.0,10.0,24.0,,5.8125,202.8125,0.2759092392025855,0.118,197.0,0.3196974640086183,93.0,0.1205173045703313,0.5892671043962844,0.1231732776617954,0.1190332326283988,0.3122445700831574,0.2571274698476285,Big,81.0,13.667538461538461,6.222222222222222,3.6296296296296298,0.9876543209876543,0.7037037037037037,0.7407407407407407,0.7160493827160493,1.7037037037037037,209.0,339.0,13.0,40.0,73.0,110.0,0.616519174041298,0.325,0.6636363636363637,4.083333333333333,0.16319444444444445,0.5709722222222222,0.18325000000000002,0.14227777777777778,0.35052777777777777,0.21433333333333335,0.26666666666666666,DET,https://cdn.nba.com/headshots/nba/latest/1040x760/1630194.png
1630197,Aleksej Pokusevski,21,16.714285714285715,5.238095238095238,2.238095238095238,0.458,0.5600300009669745,-7.133333333333334,0.1247619047619047,0.4177047355028926,0.0783063640674579,0.2230138415185592,5.170261378668613,0.1073954020770814,aleksej pokusevski,,,,,,,,,,,,,,,,,,Rim Protector,Not enough shooting data,Not enough shooting data,Balanced Player,"Aleksej Pokusevski profiles as a balanced player. Their most common shot comes Not enough shooting data, and they make shots most consistently Not enough shooting data. On defense, they profile as a Rim Protector.",Protects the basket with shot blocking and interior presence. This player is most valuable defensively near the rim.,,,,,,,,,,,,,,,,,,,,,,0.0,,,,4.476190476190476,4.476190476190476,0.0669041524555677,0.0,0.0,0.2230138415185592,0.0,0.0021292222201521,0.5508658295855063,0.0,0.0,0.2023417894791242,0.1588023252323498,Wing,,,,,,,,,,,,,,,,,,,,,,,,,,,,https://cdn.nba.com/headshots/nba/latest/1040x760/1630197.png
1630198,Isaiah Joe,192,20.261770833333333,7.296875,3.296875,0.4322864583333333,0.6065020957297725,9.430208333333333,0.1404166666666666,0.4073932161831723,0.067982780941907,0.1257004105823335,5.894448969555662,0.1530283553920393,isaiah joe,Isaiah Joe,OKC,SG,71.0,1507.0,0.455,22.0,0.087,0.039,0.048,0.039,0.788,0.617,0.571,0.538,0.524,0.423,Disruptive Defender,three-point range,at the rim,Elite 3PT Threat,Isaiah Joe profiles as an elite 3PT threat. They consistently take shots from three-point range and are most efficient at the rim. Their defensive profile is Disruptive Defender.,"Creates defensive pressure with steals, blocks, and activity. This player can force mistakes and break up possessions.",162.0,Isaiah Joe,26.0,OKC,SG,71.0,9.0,1507.0,55.0,46.0,0.0,0.0,0.0,10.8,-0.7,23.0,14.0,64.0,5.0,36.0,33.0,235.0,8.0,17.0,,6.59375,241.59375,-0.0672898768252999,0.788,235.0,0.1257004105823335,0.0,0.1436660554453783,0.5262098660556918,0.8225469728601253,0.1419939577039275,0.0917230892839656,0.3357726393198824,Guard,74.0,21.054788732394368,10.608108108108109,2.445945945945946,1.2702702702702702,0.6756756756756757,0.14864864864864866,0.6081081081081081,4.8108108108108105,247.0,543.0,181.0,428.0,110.0,123.0,0.4548802946593002,0.42289719626168226,0.8943089430894309,4.246511627906977,0.08323255813953488,0.6014418604651163,0.1679767441860465,0.1173953488372093,0.15460465116279068,0.10904651162790698,0.04688372093023256,OKC,https://cdn.nba.com/headshots/nba/latest/1040x760/1630198.png
1630200,Tre Jones,160,25.582625,7.86875,4.25,0.52495625,0.6186016309388901,-1.705,0.1994375,0.3896991150249614,0.2147976551923429,0.1275505928718631,7.114265622866593,0.1935683918621237,tre jones,Tre Jones,CHI,PG,65.0,1752.0,0.553,8.4,0.48,0.237,0.06,0.013,0.211,0.699,0.473,0.568,0.375,0.315,Disruptive Defender,at the rim,at the rim,Efficient Role Finisher,"Tre Jones profiles as a balanced player. Their most common shot comes at the rim, and they make shots most consistently at the rim. On defense, they profile as a Disruptive Defender.","Creates defensive pressure with steals, blocks, and activity. This player can force mistakes and break up possessions.",122.0,Tre Jones,26.0,CHI,PG,65.0,41.0,1752.0,98.0,2.0,0.0,0.0,0.0,-3.4,2.8,47.0,32.0,30.0,7.0,94.0,21.0,875.0,16.0,51.0,,8.5,883.5,0.4582651778615589,0.211,875.0,0.1275505928718631,0.0,0.526823583023413,0.6227720330217621,0.220250521920668,0.5287009063444109,0.0938262394660405,0.4617127343339511,Guard,73.0,26.766769230769228,12.520547945205479,2.7945205479452055,4.794520547945205,1.0410958904109588,0.1506849315068493,1.2602739726027397,-1.8767123287671232,341.0,617.0,41.0,130.0,191.0,227.0,0.5526742301458671,0.3153846153846154,0.8414096916299559,-1.7236842105263162,0.12092105263157894,0.6403947368421052,0.16594736842105262,0.34073684210526317,0.1211578947368421,0.27671052631578946,0.09586842105263157,CHI,https://cdn.nba.com/headshots/nba/latest/1040x760/1630200.png
1630201,Malachi Flynn,42,10.133571428571427,4.785714285714286,2.0238095238095237,0.3248571428571428,0.4431074017990279,-14.65952380952381,0.0833333333333333,0.5280609604926166,0.1253411215996053,0.1611406016785989,4.343777459715651,0.0870455495501434,malachi flynn,,,,,,,,,,,,,,,,,,Disruptive Defender,Not enough shooting data,Not enough shooting data,Volume Shot Creator,"Malachi Flynn profiles as a balanced player. Their most common shot comes Not enough shooting data, and they make shots most consistently Not enough shooting data. On defense, they profile as a Disruptive Defender.","Creates defensive pressure with steals, blocks, and activity. This player can force mistakes and break up possessions.",,,,,,,,,,,,,,,,,,,,,,0.0,,,,4.0476190476190474,4.0476190476190474,0.0483421805035796,0.0,0.0,0.1611406016785989,0.0,0.001873405472828,0.5474553700744369,0.0,0.0,0.1320088734354473,0.1508140920512851,Wing,,,,,,,,,,,,,,,,,,,,,,,,,,,,https://cdn.nba.com/headshots/nba/latest/1040x760/1630201.png
1630202,Payton Pritchard,209,28.395215311004787,11.4066985645933,5.3875598086124405,0.4459377990430622,0.5790121290934194,9.520095693779904,0.2218660287081339,0.449882338164176,0.1419669633957921,0.1315350433494851,7.850437427244973,0.2345908144953258,payton pritchard,Payton Pritchard,BOS,PG,79.0,2556.0,0.464,18.4,0.083,0.171,0.173,0.057,0.515,0.714,0.583,0.529,0.323,0.377,Disruptive Defender,three-point range,at the rim,Elite 3PT Threat,Payton Pritchard profiles as an elite 3PT threat. They consistently take shots from three-point range and are most efficient at the rim. Their defensive profile is Disruptive Defender.,"Creates defensive pressure with steals, blocks, and activity. This player can force mistakes and break up possessions.",16.0,Payton Pritchard,28.0,BOS,PG,79.0,50.0,2556.0,100.0,0.0,0.0,0.0,0.0,7.4,-1.4,47.0,30.0,48.0,14.0,40.0,6.0,1003.0,9.0,41.0,,10.77511961722488,1013.7751196172248,-0.1705394869951544,0.515,1003.0,0.1315350433494851,0.0,0.604585550191467,0.5072394346851028,0.5375782881002088,0.6060422960725076,0.0983554676371793,0.5197205983338625,Guard,80.0,32.13835443037974,16.8125,3.9,5.1,0.725,0.125,1.3625,5.325,506.0,1091.0,212.0,562.0,121.0,136.0,0.46379468377635197,0.37722419928825623,0.8897058823529411,5.715686274509804,0.12127450980392156,0.5528235294117647,0.20633333333333334,0.31609803921568624,0.1385294117647059,0.16939215686274509,0.04476470588235294,BOS,https://cdn.nba.com/headshots/nba/latest/1040x760/1630202.png
1630205,Lamar Stevens,43,14.816744186046511,6.534883720930233,2.9069767441860463,0.3656976744186046,0.4288564498404886,3.825581395348838,0.1195348837209302,0.7241588317945685,0.0372718337803492,0.2348835978148116,5.545352129389672,0.1096304468471338,lamar stevens,,,,,,,,,,,,,,,,,,Rim Protector,Not enough shooting data,Not enough shooting data,Volume Shot Creator,"Lamar Stevens profiles as a balanced player. Their most common shot comes Not enough shooting data, and they make shots most consistently Not enough shooting data. On defense, they profile as a Rim Protector.",Protects the basket with shot blocking and interior presence. This player is most valuable defensively near the rim.,,,,,,,,,,,,,,,,,,,,,,0.0,,,,5.813953488372093,5.813953488372093,0.0704650793444434,0.0,0.0,0.2348835978148116,0.0,0.002927740645908,0.5515200918054796,0.0,0.0,0.215834449233205,0.1606345641330536,Wing,,,,,,,,,,,,,,,,,,,,,,,,,,,,https://cdn.nba.com/headshots/nba/latest/1040x760/1630205.png
1630208,Nick Richards,148,21.08222972972973,5.486486486486487,3.297297297297298,0.5663175675675676,0.6119939791954344,-11.900675675675677,0.1628378378378378,0.392378704613769,0.0345123496841939,0.346790205199346,6.217360968435463,0.1542400363174335,nick richards,Nick Richards,2TM,C,48.0,701.0,0.512,5.6,0.488,0.338,0.065,0.02,0.09,0.704,0.324,0.462,0.25,0.278,Rim Protector,at the rim,at the rim,Rim-Dominant Big,"Nick Richards profiles as a rim-dominant big. They take a large share of their shots at the rim, finish best at the rim, and their defensive profile as a Rim Protector suggests they impact the game around the basket.",Protects the basket with shot blocking and interior presence. This player is most valuable defensively near the rim.,342.0,Nick Richards,28.0,2TM,C,48.0,6.0,701.0,0.0,0.0,0.0,1.0,99.0,-9.0,-6.9,22.0,9.0,41.0,18.0,48.0,1.0,39.0,8.0,35.0,,6.594594594594595,45.5945945945946,-0.930962938440196,0.09,39.0,0.346790205199346,99.0,0.0266730338125181,0.367524031648779,0.0939457202505219,0.0235649546827794,0.343041591485128,0.153302734091571,Big,75.0,14.392291666666667,3.68,3.24,0.21333333333333335,0.13333333333333333,0.4266666666666667,0.7866666666666666,-1.8,103.0,201.0,5.0,18.0,65.0,101.0,0.5124378109452736,0.2777777777777778,0.6435643564356436,-14.735714285714286,0.056178571428571425,0.53075,0.1755,0.07339285714285715,0.36214285714285716,0.07735714285714286,0.23510714285714288,PHX,https://cdn.nba.com/headshots/nba/latest/1040x760/1630208.png
1630209,Omer Yurtseven,38,10.630789473684212,3.710526315789474,1.9736842105263157,0.3656315789473684,0.4491022676983237,-10.25263157894737,0.0894736842105263,0.4579519360002048,0.0429708914122912,0.4293221560530604,4.296105411937486,0.0898521319172191,omer yurtseven,,,,,,,,,,,,,,,,,,Rim Protector,Not enough shooting data,Not enough shooting data,Balanced Player,"Omer Yurtseven profiles as a balanced player. Their most common shot comes Not enough shooting data, and they make shots most consistently Not enough shooting data. On defense, they profile as a Rim Protector.",Protects the basket with shot blocking and interior presence. This player is most valuable defensively near the rim.,,,,,,,,,,,,,,,,,,,,,,0.0,,,,3.9473684210526314,3.9473684210526314,0.1287966468159181,0.0,0.0,0.4293221560530604,0.0,0.0018135652980153,0.5622375656597254,0.0,0.0,0.43685779999998,0.1849705975341355,Wing,11.0,11.33,3.090909090909091,2.727272727272727,0.7272727272727273,0.18181818181818182,0.09090909090909091,0.8181818181818182,-1.2727272727272727,11.0,26.0,0.0,4.0,12.0,18.0,0.4230769230769231,0.0,0.6666666666666666,,,,,,,,,,https://cdn.nba.com/headshots/nba/latest/1040x760/1630209.png
1630214,Xavier Tillman,97,9.882886597938144,2.5670103092783507,1.0824742268041236,0.2916288659793814,0.3221441475946071,-13.142268041237111,0.058041237113402,0.3191260347333005,0.0528834484359019,0.1906860244162378,2.8541690483328965,0.0579537021486063,xavier tillman,,,,,,,,,,,,,,,,,,Rim Protector,Not enough shooting data,Not enough shooting data,Balanced Player,"Xavier Tillman profiles as a balanced player. Their most common shot comes Not enough shooting data, and they make shots most consistently Not enough shooting data. On defense, they profile as a Rim Protector.",Protects the basket with shot blocking and interior presence. This player is most valuable defensively near the rim.,,,,,,,,,,,,,,,,,,,,,,0.0,,,,2.1649484536082473,2.1649484536082473,0.0572058073248713,0.0,0.0,0.1906860244162378,0.0,0.000749628581662,0.5490839168944318,0.0,0.0,0.1655939215476237,0.1541302228110351,Wing,80.0,5.917666666666666,0.55,0.5375,0.1625,0.1125,0.0625,0.1,-0.2875,20.0,46.0,3.0,18.0,1.0,4.0,0.43478260869565216,0.16666666666666666,0.25,-27.20714285714286,-0.11635714285714285,0.3244285714285714,0.11842857142857142,0.15121428571428572,0.1747857142857143,0.1377857142857143,0.09521428571428571,BOS,https://cdn.nba.com/headshots/nba/latest/1040x760/1630214.png
1630215,Jared Butler,86,17.142558139534884,7.104651162790698,3.244186046511628,0.4576976744186046,0.5453100898488032,-4.274418604651163,0.1360465116279069,0.5411019205720392,0.2318409105951225,0.1030959250385816,5.894296901388163,0.1397873288298363,jared butler,,,,,,,,,,,,,,,,,,Disruptive Defender,Not enough shooting data,Not enough shooting data,On-Ball Creator,"Jared Butler profiles as an on-ball creator. They combine scoring volume with creation stats, meaning they likely generate offense for themselves and others. Defensively, they profile as a Disruptive Defender.","Creates defensive pressure with steals, blocks, and activity. This player can force mistakes and break up possessions.",,,,,,,,,,,,,,,,,,,,,,0.0,,,,6.488372093023256,6.488372093023256,0.0309287775115744,0.0,0.0,0.1030959250385816,0.0,0.0033303049847203,0.5442559413710761,0.0,0.0,0.0660279844523542,0.1439989057818926,Wing,,,,,,,,,,,,,,,,,,,,,,,,,,,,https://cdn.nba.com/headshots/nba/latest/1040x760/1630215.png
1630217,Desmond Bane,162,32.71374485596708,14.839506172839506,7.135802469135802,0.4735346628679962,0.5922492285807008,2.0549382716049385,0.2880864197530864,0.5686335383775887,0.1471624410735278,0.152367123597675,9.732841922991106,0.2986284958482553,desmond bane,Desmond Bane,ORL,SG,82.0,2756.0,0.484,13.5,0.226,0.251,0.105,0.065,0.354,0.662,0.48,0.476,0.397,0.391,Disruptive Defender,three-point range,at the rim,Three-Level Scorer,"Desmond Bane profiles as a three-level scorer. They have a balanced shot diet that includes rim attempts, mid-range looks, and threes. Their most common shot comes three-point range, while their most reliable area is at the rim. Defensively, they profile as a Disruptive Defender.","Creates defensive pressure with steals, blocks, and activity. This player can force mistakes and break up possessions.",3.0,Desmond Bane,27.0,ORL,SG,82.0,82.0,2756.0,2.0,69.0,29.0,0.0,0.0,2.0,4.8,79.0,48.0,119.0,19.0,128.0,7.0,817.0,37.0,82.0,,14.271604938271604,831.2716049382716,0.7657101370793025,0.354,817.0,0.152367123597675,0.0,0.4956481540238968,0.6792600283708872,0.3695198329853862,0.4936555891238671,0.1220358334124463,0.4850713859037198,Guard,82.0,33.41512195121951,20.085365853658537,4.121951219512195,4.121951219512195,1.048780487804878,0.45121951219512196,2.0,1.646341463414634,583.0,1205.0,167.0,427.0,314.0,346.0,0.4838174273858921,0.3911007025761124,0.9075144508670521,0.6960000000000001,0.0981,0.56308,0.22463999999999998,0.23046,0.1389,0.13452,0.13802,ORL,https://cdn.nba.com/headshots/nba/latest/1040x760/1630217.png
1630224,Jalen Green,165,31.14412121212121,17.133333333333333,7.284848484848485,0.4077757575757575,0.5177377223615603,1.507878787878788,0.2734545454545454,0.6813039761299241,0.111026168369131,0.1522945520923672,9.56733627085968,0.2945259367589177,jalen green,Jalen Green,PHO,SG,32.0,828.0,0.422,15.8,0.223,0.131,0.078,0.125,0.443,0.632,0.358,0.475,0.469,0.313,Disruptive Defender,three-point range,at the rim,Volume Shot Creator,"Jalen Green profiles as a balanced player. Their most common shot comes three-point range, and they make shots most consistently at the rim. On defense, they profile as a Disruptive Defender.","Creates defensive pressure with steals, blocks, and activity. This player can force mistakes and break up possessions.",322.0,Jalen Green,23.0,PHO,SG,32.0,27.0,828.0,9.0,63.0,27.0,1.0,0.0,0.3,-1.7,25.0,33.0,19.0,7.0,43.0,6.0,233.0,9.0,36.0,,14.56969696969697,247.56969696969696,-0.2093116343722898,0.443,233.0,0.1522945520923672,0.0,0.1472331325159732,0.5001156851649031,0.4624217118997912,0.1407854984894259,0.1219533395006489,0.2795593148815912,Guard,34.0,25.66875,16.705882352941178,3.411764705882353,2.676470588235294,1.0,0.23529411764705882,2.1176470588235294,0.9705882352941176,216.0,512.0,71.0,227.0,65.0,87.0,0.421875,0.31277533039647576,0.7471264367816092,37.28,0.14479999999999998,0.5234,0.3228,0.343,0.187,0.07780000000000001,0.0,PHX,https://cdn.nba.com/headshots/nba/latest/1040x760/1630224.png
1630228,Jonathan Kuminga,126,25.51563492063492,11.746031746031743,5.761904761904762,0.475531746031746,0.5550767486975196,2.9190476190476193,0.2266666666666666,0.6007558779719847,0.0979611542895682,0.2046594616507661,8.283408668703196,0.2390274706757699,jonathan kuminga,Jonathan Kuminga,2TM,PF,36.0,830.0,0.463,12.0,0.271,0.26,0.13,0.029,0.31,0.609,0.511,0.409,0.3,0.333,Rim Protector,three-point range,at the rim,Three-Level Scorer,"Jonathan Kuminga profiles as a three-level scorer. They have a balanced shot diet that includes rim attempts, mid-range looks, and threes. Their most common shot comes three-point range, while their most reliable area is at the rim. Defensively, they profile as a Rim Protector.",Protects the basket with shot blocking and interior presence. This player is most valuable defensively near the rim.,321.0,Jonathan Kuminga,23.0,2TM,PF,36.0,14.0,830.0,0.0,0.0,1.0,79.0,20.0,5.4,5.2,33.0,22.0,24.0,3.0,63.0,2.0,204.0,15.0,25.0,,11.523809523809524,215.52380952380952,0.8413978384952299,0.31,204.0,0.2046594616507661,20.0,0.1281047582357567,0.6931664086753399,0.3235908141962422,0.123262839879154,0.181477889970802,0.3035462005775696,Wing,59.0,22.875,7.423728813559322,3.4237288135593222,1.4067796610169492,0.3728813559322034,0.1864406779661017,1.1355932203389831,1.2033898305084745,157.0,339.0,35.0,105.0,89.0,123.0,0.4631268436578171,0.3333333333333333,0.7235772357723578,-1.2949999999999995,0.09605,0.517,0.2366,0.18295,0.29009999999999997,0.08299999999999999,0.1325,GSW,https://cdn.nba.com/headshots/nba/latest/1040x760/1630228.png
1630230,Naji Marshall,185,26.223243243243243,9.48108108108108,4.783783783783784,0.4804162162162162,0.564897990452637,-1.025945945945946,0.1942702702702702,0.450684250273292,0.1052462618936303,0.1678774326229539,7.184440850282874,0.2093600927498824,naji marshall,Naji Marshall,DAL,SF,74.0,2184.0,0.51,11.3,0.21,0.37,0.135,0.026,0.259,0.773,0.553,0.459,0.238,0.291,Disruptive Defender,short paint / floater range,at the rim,High-Impact Balanced Player,"Naji Marshall profiles as a balanced player. Their most common shot comes short paint / floater range, and they make shots most consistently at the rim. On defense, they profile as a Disruptive Defender.","Creates defensive pressure with steals, blocks, and activity. This player can force mistakes and break up possessions.",56.0,Naji Marshall,28.0,DAL,SF,74.0,47.0,2184.0,0.0,22.0,57.0,20.0,0.0,-4.8,2.1,61.0,28.0,71.0,18.0,143.0,4.0,580.0,34.0,47.0,,9.567567567567568,589.5675675675676,0.3653632297868862,0.259,580.0,0.1678774326229539,0.0,0.3513736258282486,0.6057028157409868,0.2703549060542797,0.3504531722054381,0.1396668038498775,0.3815403877802197,Wing,79.0,29.327972972972972,14.278481012658228,4.405063291139241,3.050632911392405,1.0379746835443038,0.0759493670886076,1.5063291139240507,-2.759493670886076,419.0,821.0,62.0,213.0,228.0,300.0,0.510353227771011,0.29107981220657275,0.76,-3.418,0.10788,0.61692,0.18170000000000003,0.18576,0.1841,0.19952000000000003,0.02638,DAL,https://cdn.nba.com/headshots/nba/latest/1040x760/1630230.png
1630231,Kenyon Martin Jr.,83,18.1,4.228915662650603,2.325301204819277,0.4916626506024096,0.5271288858526986,-6.3987951807228916,0.0967469879518072,0.3163208514195461,0.0553402081147482,0.1558187604111171,4.479088601361044,0.1164447495115569,kenyon martin jr,,,,,,,,,,,,,,,,,,Disruptive Defender,Not enough shooting data,Not enough shooting data,Balanced Player,"Kenyon Martin Jr. profiles as a balanced player. Their most common shot comes Not enough shooting data, and they make shots most consistently Not enough shooting data. On defense, they profile as a Disruptive Defender.","Creates defensive pressure with steals, blocks, and activity. This player can force mistakes and break up possessions.",,,,,,,,,,,,,,,,,,,,,,0.0,,,,4.650602409638554,4.650602409638554,0.0467456281233351,0.0,0.0,0.1558187604111171,0.0,0.0022333297050069,0.5471620296220211,0.0,0.0,0.1259593984761316,0.1502797791351212,Wing,,,,,,,,,,,,,,,,,,,,,,,,,,,,https://cdn.nba.com/headshots/nba/latest/1040x760/1630231.png
1630235,Trent Forrest,30,11.2,2.5,1.0333333333333334,0.3272,0.3486502642951534,-9.419999999999998,0.0636666666666666,0.2947017891694362,0.2494018999862653,0.1293222897673362,2.952021037890999,0.0585369673147149,trent forrest,,,,,,,,,,,,,,,,,,Disruptive Defender,Not enough shooting data,Not enough shooting data,Balanced Player,"Trent Forrest profiles as a balanced player. Their most common shot comes Not enough shooting data, and they make shots most consistently Not enough shooting data. On defense, they profile as a Disruptive Defender.","Creates defensive pressure with steals, blocks, and activity. This player can force mistakes and break up possessions.",,,,,,,,,,,,,,,,,,,,,,0.0,,,,2.066666666666667,2.066666666666667,0.0387966869302008,0.0,0.0,0.1293222897673362,0.0,0.0006909636185299,0.5457015413632749,0.0,0.0,0.0958401732656356,0.1462857881147942,Wing,,,,,,,,,,,,,,,,,,,,,,,,,,,,https://cdn.nba.com/headshots/nba/latest/1040x760/1630235.png
1630241,Sam Merrill,167,21.599760479041915,7.329341317365269,3.119760479041916,0.4018682634730539,0.580161726647535,5.519760479041916,0.1383233532934132,0.3729480980232666,0.0898599937873094,0.1069609783849752,5.653147843055006,0.1471011937164068,sam merrill,Sam Merrill,CLE,SG,52.0,1377.0,0.461,21.4,0.089,0.056,0.05,0.031,0.775,0.86,0.481,0.458,0.267,0.421,Disruptive Defender,three-point range,at the rim,Elite 3PT Threat,Sam Merrill profiles as an elite 3PT threat. They consistently take shots from three-point range and are most efficient at the rim. Their defensive profile is Disruptive Defender.,"Creates defensive pressure with steals, blocks, and activity. This player can force mistakes and break up possessions.",197.0,Sam Merrill,29.0,CLE,SG,52.0,38.0,1377.0,0.0,36.0,54.0,10.0,0.0,7.3,4.8,25.0,11.0,59.0,4.0,25.0,18.0,290.0,8.0,10.0,,6.239520958083832,296.23952095808386,0.7520882935154926,0.775,290.0,0.1069609783849752,0.0,0.176284430002247,0.6767572368538728,0.8089770354906055,0.175226586102719,0.0704214908085652,0.3856144442290863,Wing,53.0,26.27403846153846,12.50943396226415,2.509433962264151,2.358490566037736,0.6226415094339622,0.1320754716981132,0.7924528301886793,4.566037735849057,223.0,484.0,158.0,375.0,59.0,69.0,0.4607438016528926,0.42133333333333334,0.855072463768116,9.292857142857143,0.08271428571428571,0.6862857142857143,0.1727857142857143,0.1312142857142857,0.10157142857142856,0.16378571428571428,0.05953571428571429,CLE,https://cdn.nba.com/headshots/nba/latest/1040x760/1630241.png
1630243,Trevelin Queen,44,13.240227272727276,4.181818181818182,1.5909090909090908,0.2873181818181818,0.356818948923004,-13.475,0.0784090909090909,0.4348479400425598,0.0669784791519832,0.1382886494445962,3.6731072723086777,0.072347896579359,trevelin queen,,,,,,,,,,,,,,,,,,Disruptive Defender,Not enough shooting data,Not enough shooting data,Balanced Player,"Trevelin Queen profiles as a balanced player. Their most common shot comes Not enough shooting data, and they make shots most consistently Not enough shooting data. On defense, they profile as a Disruptive Defender.","Creates defensive pressure with steals, blocks, and activity. This player can force mistakes and break up possessions.",,,,,,,,,,,,,,,,,,,,,,0.0,,,,3.1818181818181817,3.1818181818181817,0.0414865948333788,0.0,0.0,0.1382886494445962,0.0,0.0013566039630823,0.5461957680551384,0.0,0.0,0.1060324668004386,0.1476948302790614,Wing,,,,,,,,,,,,,,,,,,,,,,,,,,,,https://cdn.nba.com/headshots/nba/latest/1040x760/1630243.png
1630245,Ayo Dosunmu,159,29.79496855345912,10.742138364779874,5.471698113207547,0.5081509433962265,0.6130107556113549,-4.910062893081761,0.2140880503144654,0.4426268731121242,0.1337407569336418,0.1137311721118394,7.850701107397936,0.239758539515371,ayo dosunmu,Ayo Dosunmu,2TM,SG,69.0,1881.0,0.517,12.1,0.367,0.194,0.048,0.016,0.375,0.646,0.421,0.5,0.583,0.439,Disruptive Defender,three-point range,at the rim,High-Impact Balanced Player,"Ayo Dosunmu profiles as a balanced player. Their most common shot comes three-point range, and they make shots most consistently at the rim. On defense, they profile as a Disruptive Defender.","Creates defensive pressure with steals, blocks, and activity. This player can force mistakes and break up possessions.",100.0,Ayo Dosunmu,26.0,2TM,SG,69.0,19.0,1881.0,29.0,58.0,12.0,0.0,0.0,-1.5,0.6,42.0,37.0,69.0,5.0,73.0,3.0,611.0,23.0,58.0,6MOY-9,10.943396226415096,621.9433962264151,0.1241193516335518,0.375,611.0,0.1137311721118394,0.0,0.3706989439135828,0.5613781889791636,0.3914405010438413,0.3691842900302114,0.0781173455629406,0.3920703635261154,Guard,72.0,27.06449275362319,14.194444444444445,3.2916666666666665,3.4583333333333335,0.8055555555555556,0.25,1.3333333333333333,-0.9305555555555556,386.0,747.0,123.0,280.0,127.0,145.0,0.5167336010709505,0.4392857142857143,0.8758620689655172,-3.9400000000000004,0.10924444444444445,0.6247555555555556,0.2031777777777778,0.22168888888888888,0.12248888888888888,0.15546666666666667,0.09837777777777777,CHI,https://cdn.nba.com/headshots/nba/latest/1040x760/1630245.png
1630249,Vit Krejci,143,21.092797202797204,5.671328671328672,2.6783216783216783,0.4356293706293706,0.5830721388297033,-2.4447552447552447,0.1232867132867132,0.3234688834642751,0.0988794008724376,0.1133016064763552,5.182867470130947,0.1324498745593813,vit krejci,VÃ­t KrejÄÃ­,2TM,PG,65.0,1392.0,0.448,20.8,0.089,0.093,0.042,0.012,0.765,0.737,0.6,0.5,0.6,0.39,Disruptive Defender,three-point range,at the rim,Elite 3PT Threat,Vit Krejci profiles as an elite 3PT threat. They consistently take shots from three-point range and are most efficient at the rim. Their defensive profile is Disruptive Defender.,"Creates defensive pressure with steals, blocks, and activity. This player can force mistakes and break up possessions.",191.0,VÃ­t KrejÄÃ­,25.0,2TM,PG,65.0,8.0,1392.0,55.0,42.0,3.0,0.0,0.0,-1.5,-4.2,22.0,9.0,65.0,6.0,19.0,2.0,245.0,5.0,10.0,,5.356643356643357,250.35664335664336,-0.5960095180570935,0.765,245.0,0.1133016064763552,0.0,0.1488966768218822,0.4290662579416285,0.7985386221294364,0.148036253776435,0.0776290471668342,0.3091725586279024,Guard,82.0,21.250461538461536,6.7073170731707314,1.8048780487804879,1.2195121951219512,0.573170731707317,0.21951219512195122,0.5,-0.4634146341463415,192.0,429.0,128.0,328.0,38.0,51.0,0.44755244755244755,0.3902439024390244,0.7450980392156863,-1.5229166666666665,0.06445833333333333,0.5891458333333334,0.14141666666666666,0.11260416666666667,0.10764583333333333,0.16829166666666664,0.1163125,POR,https://cdn.nba.com/headshots/nba/latest/1040x760/1630249.png
1630256,Jae'Sean Tate,134,10.820223880597016,2.7313432835820897,1.291044776119403,0.3692537313432835,0.4255332044642996,-6.004477611940298,0.0620149253731343,0.3292047955103004,0.0786470541896521,0.1917224337796608,3.317098756652306,0.0696132315382572,jaesean tate,,,,,,,,,,,,,,,,,,Rim Protector,Not enough shooting data,Not enough shooting data,Balanced Player,"Jae'Sean Tate profiles as a balanced player. Their most common shot comes Not enough shooting data, and they make shots most consistently Not enough shooting data. On defense, they profile as a Rim Protector.",Protects the basket with shot blocking and interior presence. This player is most valuable defensively near the rim.,,,,,,,,,,,,,,,,,,,,,,0.0,,,,2.582089552238806,2.582089552238806,0.0575167301338982,0.0,0.0,0.1917224337796608,0.0,0.0009986224993913,0.5491410438879428,0.0,0.0,0.1667720349441915,0.1543619134661614,Wing,67.0,8.609347826086957,1.9253731343283582,1.0895522388059702,0.373134328358209,0.14925373134328357,0.04477611940298507,0.23880597014925373,-0.5522388059701493,56.0,109.0,10.0,32.0,7.0,11.0,0.5137614678899083,0.3125,0.6363636363636364,-19.5,0.0943225806451613,0.42890322580645157,0.12080645161290322,0.13141935483870967,0.16248387096774194,0.08064516129032258,0.04838709677419355,HOU,https://cdn.nba.com/headshots/nba/latest/1040x760/1630256.png
1630264,Anthony Gill,135,12.044444444444444,3.1037037037037036,1.711111111111111,0.4066962962962963,0.4963891727570279,-10.355555555555556,0.0737777777777777,0.3259800757655858,0.0526905745163078,0.1607306678082518,3.8466832253578103,0.0895911307305763,anthony gill,Anthony Gill,WAS,PF,55.0,951.0,0.628,8.6,0.423,0.312,0.042,0.0,0.223,0.824,0.582,0.444,,0.354,Disruptive Defender,at the rim,at the rim,Balanced Player,"Anthony Gill profiles as a balanced player. Their most common shot comes at the rim, and they make shots most consistently at the rim. On defense, they profile as a Disruptive Defender.","Creates defensive pressure with steals, blocks, and activity. This player can force mistakes and break up possessions.",290.0,Anthony Gill,33.0,WAS,PF,55.0,8.0,951.0,0.0,0.0,1.0,36.0,64.0,-14.1,-3.3,22.0,7.0,53.0,4.0,20.0,2.0,166.0,7.0,22.0,,3.422222222222222,169.42222222222222,-0.4467807996575244,0.223,166.0,0.1607306678082518,64.0,0.100586455979159,0.4564846003088572,0.232776617954071,0.1003021148036253,0.1315428909758063,0.2124567257399317,Big,82.0,17.086727272727273,3.9146341463414633,1.9268292682926829,0.8414634146341463,0.3780487804878049,0.25609756097560976,0.43902439024390244,-3.573170731707317,135.0,215.0,17.0,48.0,34.0,46.0,0.627906976744186,0.3541666666666667,0.7391304347826086,-1.2730769230769228,0.1513846153846154,0.4914615384615385,0.12515384615384614,0.029884615384615384,0.21111538461538462,0.11265384615384616,0.0705,WAS,https://cdn.nba.com/headshots/nba/latest/1040x760/1630264.png
1630288,Jeff Dowtin Jr.,53,14.092075471698111,5.018867924528302,2.490566037735849,0.381566037735849,0.4784343727229476,-14.87735849056604,0.1030188679245283,0.3900484196833414,0.1364210390778101,0.1245948679825291,4.632381089610997,0.1165287467571163,jeff dowtin jr,,,,,,,,,,,,,,,,,,Disruptive Defender,Not enough shooting data,Not enough shooting data,Balanced Player,"Jeff Dowtin Jr. profiles as a balanced player. Their most common shot comes Not enough shooting data, and they make shots most consistently Not enough shooting data. On defense, they profile as a Disruptive Defender.","Creates defensive pressure with steals, blocks, and activity. This player can force mistakes and break up possessions.",,,,,,,,,,,,,,,,,,,,,,0.0,,,,4.981132075471698,4.981132075471698,0.0373784603947587,0.0,0.0,0.1245948679825291,0.0,0.0024306247610245,0.5454409653754886,0.0,0.0,0.0904663903450402,0.146379130282786,Wing,,,,,,,,,,,,,,,,,,,,,,,,,,,,https://cdn.nba.com/headshots/nba/latest/1040x760/1630288.png
1630311,Pat Spencer,111,13.358108108108109,4.873873873873874,2.063063063063063,0.3181621621621622,0.3869872498965487,-5.1495495495495485,0.0934234234234234,0.4182391134666299,0.2061422010586072,0.1455311638843767,4.120863400046329,0.0938390208147928,pat spencer,Pat Spencer,GSW,PG,66.0,1229.0,0.427,14.7,0.135,0.266,0.177,0.037,0.385,0.644,0.422,0.468,0.188,0.357,Disruptive Defender,three-point range,at the rim,Balanced Player,"Pat Spencer profiles as a balanced player. Their most common shot comes three-point range, and they make shots most consistently at the rim. On defense, they profile as a Disruptive Defender.","Creates defensive pressure with steals, blocks, and activity. This player can force mistakes and break up possessions.",227.0,Pat Spencer,29.0,GSW,PG,66.0,14.0,1229.0,63.0,36.0,1.0,0.0,0.0,-4.1,-5.1,58.0,22.0,36.0,3.0,23.0,1.0,584.0,3.0,32.0,,4.126126126126126,588.1261261261261,-0.7213406508346869,0.385,584.0,0.1455311638843767,0.0,0.3505132211525639,0.4060387070477881,0.4018789144050104,0.3528700906344411,0.1142652207560382,0.3487103335227721,Guard,80.0,18.457272727272727,5.95,1.975,2.9,0.6,0.0625,1.0625,-1.1875,186.0,436.0,60.0,168.0,44.0,57.0,0.42660550458715596,0.35714285714285715,0.7719298245614035,-3.6750000000000003,0.06952777777777779,0.42033333333333334,0.17172222222222222,0.28144444444444444,0.16772222222222222,0.1936388888888889,0.034722222222222224,GSW,https://cdn.nba.com/headshots/nba/latest/1040x760/1630311.png
1630314,Brandon Williams,116,17.541982758620687,7.405172413793103,3.5258620689655173,0.4226810344827586,0.5200373187091828,-6.103448275862069,0.1500862068965517,0.5767859871641705,0.1709048605405857,0.1195729321006837,6.199028758042097,0.1480020485568398,brandon williams,Brandon Williams,DAL,PG,66.0,1463.0,0.472,10.7,0.305,0.285,0.107,0.052,0.251,0.713,0.415,0.5,0.469,0.232,Disruptive Defender,at the rim,at the rim,On-Ball Creator,"Brandon Williams profiles as an on-ball creator. They combine scoring volume with creation stats, meaning they likely generate offense for themselves and others. Defensively, they profile as a Disruptive Defender.","Creates defensive pressure with steals, blocks, and activity. This player can force mistakes and break up possessions.",174.0,Brandon Williams,26.0,DAL,PG,66.0,15.0,1463.0,99.0,1.0,0.0,0.0,0.0,-5.6,0.3,77.0,38.0,63.0,5.0,149.0,21.0,603.0,28.0,55.0,,7.051724137931035,610.051724137931,0.0808718796302051,0.251,603.0,0.1195729321006837,0.0,0.3636007365411008,0.5534321715729837,0.2620041753653445,0.3643504531722054,0.0847578256138549,0.368009791693094,Guard,70.0,21.96363636363636,12.271428571428572,2.7285714285714286,3.657142857142857,0.8857142857142857,0.2857142857142857,1.7857142857142858,-2.0428571428571427,291.0,617.0,36.0,155.0,241.0,304.0,0.47163695299837927,0.23225806451612904,0.7927631578947368,-2.5279069767441857,0.09930232558139536,0.5232790697674419,0.245046511627907,0.31579069767441864,0.13830232558139535,0.21702325581395351,0.07441860465116279,DAL,https://cdn.nba.com/headshots/nba/latest/1040x760/1630314.png
1630322,Lindy Waters III,119,10.386470588235294,3.495798319327731,1.369747899159664,0.328016806722689,0.4588948172694749,-0.8470588235294119,0.0621008403361344,0.3799036767922607,0.0824357863657127,0.1273492285421525,3.547416175140845,0.0707058260891904,lindy waters iii,,,,,,,,,,,,,,,,,,Disruptive Defender,Not enough shooting data,Not enough shooting data,Balanced Player,"Lindy Waters III profiles as a balanced player. Their most common shot comes Not enough shooting data, and they make shots most consistently Not enough shooting data. On defense, they profile as a Disruptive Defender.","Creates defensive pressure with steals, blocks, and activity. This player can force mistakes and break up possessions.",,,,,,,,,,,,,,,,,,,,,,0.0,,,,2.739495798319328,2.739495798319328,0.0382047685626457,0.0,0.0,0.1273492285421525,0.0,0.0010925791917799,0.5455927860202744,0.0,0.0,0.0935973434112621,0.1461949625229068,Wing,68.0,6.90025,1.3970588235294117,0.4264705882352941,0.27941176470588236,0.08823529411764706,0.014705882352941176,0.10294117647058823,-0.07352941176470588,33.0,88.0,27.0,79.0,2.0,3.0,0.375,0.34177215189873417,0.6666666666666666,-19.764285714285712,0.005357142857142858,0.4275357142857143,0.13235714285714287,0.07435714285714286,0.13442857142857143,0.07739285714285714,0.0,SAS,https://cdn.nba.com/headshots/nba/latest/1040x760/1630322.png
1630346,Matt Ryan,34,4.402647058823529,1.7941176470588236,0.6176470588235294,0.1784117647058823,0.2423202614379085,-9.42058823529412,0.0238235294117647,0.4153134098923319,0.0588125639233726,0.1358095902129794,2.131117015863095,0.02967442415517,matt ryan,,,,,,,,,,,,,,,,,,Disruptive Defender,Not enough shooting data,Not enough shooting data,Balanced Player,"Matt Ryan profiles as a balanced player. Their most common shot comes Not enough shooting data, and they make shots most consistently Not enough shooting data. On defense, they profile as a Disruptive Defender.","Creates defensive pressure with steals, blocks, and activity. This player can force mistakes and break up possessions.",,,,,,,,,,,,,,,,,,,,,,0.0,,,,1.2352941176470589,1.2352941176470589,0.0407428770638938,0.0,0.0,0.1358095902129794,0.0,0.0001947125688188,0.5460591220486121,0.0,0.0,0.1032144558920782,0.1469141111288884,Wing,,,,,,,,,,,,,,,,,,,,,,,,,,,,https://cdn.nba.com/headshots/nba/latest/1040x760/1630346.png
1630526,Jeremiah Robinson-Earl,113,15.362212389380533,4.380530973451328,1.9026548672566372,0.3843451327433628,0.4789364584073775,-12.899115044247786,0.0998230088495575,0.3825674187844791,0.0571317078641499,0.262842633939845,4.365218549074276,0.0930315719905935,jeremiah robinsonearl,,,,,,,,,,,,,,,,,,Rim Protector,Not enough shooting data,Not enough shooting data,Balanced Player,"Jeremiah Robinson-Earl profiles as a balanced player. Their most common shot comes Not enough shooting data, and they make shots most consistently Not enough shooting data. On defense, they profile as a Rim Protector.",Protects the basket with shot blocking and interior presence. This player is most valuable defensively near the rim.,,,,,,,,,,,,,,,,,,,,,,0.0,,,,3.8053097345132745,3.8053097345132745,0.0788527901819535,0.0,0.0,0.262842633939845,0.0,0.0017287696520695,0.553061196827935,0.0,0.0,0.2476162105492513,0.1637184281227367,Wing,24.0,16.21681818181818,4.208333333333333,4.291666666666667,0.625,0.375,0.041666666666666664,0.5,-3.5833333333333335,37.0,100.0,10.0,41.0,17.0,18.0,0.37,0.24390243902439024,0.9444444444444444,-11.418181818181818,0.054818181818181815,0.43604545454545457,0.13768181818181818,0.056681818181818173,0.2773181818181818,0.178,0.022727272727272728,DAL,https://cdn.nba.com/headshots/nba/latest/1040x760/1630526.png
1630527,Brandon Boston Jr.,70,18.195285714285717,7.414285714285715,3.157142857142857,0.3909285714285714,0.4726222891183276,-15.228571428571428,0.1247142857142857,0.5198993942350014,0.0607047987090581,0.130384661233842,5.433379941539272,0.1349566627226737,brandon boston jr,,,,,,,,,,,,,,,,,,Disruptive Defender,Not enough shooting data,Not enough shooting data,Volume Shot Creator,"Brandon Boston Jr. profiles as a balanced player. Their most common shot comes Not enough shooting data, and they make shots most consistently Not enough shooting data. On defense, they profile as a Disruptive Defender.","Creates defensive pressure with steals, blocks, and activity. This player can force mistakes and break up possessions.",,,,,,,,,,,,,,,,,,,,,,0.0,,,,6.314285714285714,6.314285714285714,0.0391153983701526,0.0,0.0,0.130384661233842,0.0,0.0032263918253422,0.5457600993906483,0.0,0.0,0.0970477984579518,0.1474353614235941,Wing,,,,,,,,,,,,,,,,,,,,,,,,,,,,https://cdn.nba.com/headshots/nba/latest/1040x760/1630527.png
1630529,Herbert Jones,122,29.769918032786883,8.221311475409836,3.614754098360656,0.4377704918032787,0.5684461418620671,2.402459016393443,0.1705737704918032,0.3494145374681552,0.0943427099404805,0.1184206207034716,6.22793799232579,0.1684401702315351,herbert jones,Herbert Jones,NOP,SF,56.0,1588.0,0.383,16.0,0.224,0.157,0.044,0.033,0.542,0.617,0.333,0.286,0.375,0.309,Disruptive Defender,three-point range,at the rim,Balanced Player,"Herbert Jones profiles as a balanced player. Their most common shot comes three-point range, and they make shots most consistently at the rim. On defense, they profile as a Disruptive Defender.","Creates defensive pressure with steals, blocks, and activity. This player can force mistakes and break up possessions.",149.0,Herbert Jones,27.0,NOP,SF,56.0,56.0,1588.0,17.0,58.0,23.0,2.0,0.0,-1.8,4.6,45.0,15.0,84.0,6.0,28.0,14.0,360.0,6.0,27.0,,7.229508196721311,367.2295081967213,0.7255261862110414,0.542,360.0,0.1184206207034716,0.0,0.2186587611341725,0.6718768829925036,0.5657620041753654,0.2175226586102719,0.0834479633702433,0.3703940880261512,Guard,58.0,28.175892857142856,8.551724137931034,3.2758620689655173,2.6724137931034484,1.5172413793103448,0.46551724137931033,1.2586206896551724,-0.8448275862068966,183.0,478.0,80.0,259.0,50.0,62.0,0.38284518828451886,0.3088803088803089,0.8064516129032258,-2.2580645161290325,0.05403225806451612,0.4895806451612903,0.15270967741935484,0.18619354838709679,0.14351612903225805,0.2560322580645161,0.13770967741935483,NOP,https://cdn.nba.com/headshots/nba/latest/1040x760/1630529.png
1630530,Trey Murphy III,164,33.620182926829266,14.554878048780488,6.658536585365853,0.4501646341463414,0.5978614257034836,-4.073170731707317,0.2843292682926829,0.533016694957021,0.0968569516377683,0.1579657942990203,9.455044496292786,0.2816974729156067,trey murphy iii,Trey Murphy III,NOP,SF,66.0,2341.0,0.47,17.0,0.21,0.154,0.071,0.026,0.538,0.783,0.401,0.44,0.333,0.379,Disruptive Defender,three-point range,at the rim,Elite 3PT Threat,Trey Murphy III profiles as an elite 3PT threat. They consistently take shots from three-point range and are most efficient at the rim. Their defensive profile is Disruptive Defender.,"Creates defensive pressure with steals, blocks, and activity. This player can force mistakes and break up possessions.",32.0,Trey Murphy III,25.0,NOP,SF,66.0,66.0,2341.0,0.0,29.0,63.0,8.0,0.0,-3.8,1.9,62.0,45.0,76.0,8.0,102.0,12.0,581.0,23.0,24.0,,13.317073170731708,594.3170731707318,0.3323897382897061,0.538,581.0,0.1579657942990203,0.0,0.3542086330027797,0.5996444746347404,0.5615866388308978,0.3510574018126888,0.1283999875671734,0.4237783066224179,Wing,67.0,35.24818181818182,21.19402985074627,5.626865671641791,3.7313432835820897,1.4776119402985075,0.3582089552238806,1.791044776119403,-2.5223880597014925,494.0,1050.0,214.0,565.0,218.0,246.0,0.4704761904761905,0.3787610619469027,0.8861788617886179,-6.114,0.12124,0.61042,0.22454000000000002,0.18914,0.18502,0.20306000000000002,0.07754,NOP,https://cdn.nba.com/headshots/nba/latest/1040x760/1630530.png
1630531,Jaden Springer,73,9.324246575342466,2.4657534246575343,0.9863013698630136,0.2643972602739726,0.3479642242452577,-6.613698630136986,0.0560273972602739,0.3342794284636413,0.0685231429833335,0.5005047853051182,2.8980679680192196,0.0539755951814546,jaden springer,,,,,,,,,,,,,,,,,,Rim Protector,Not enough shooting data,Not enough shooting data,Balanced Player,"Jaden Springer profiles as a balanced player. Their most common shot comes Not enough shooting data, and they make shots most consistently Not enough shooting data. On defense, they profile as a Rim Protector.",Protects the basket with shot blocking and interior presence. This player is most valuable defensively near the rim.,,,,,,,,,,,,,,,,,,,,,,0.0,,,,1.9726027397260273,1.9726027397260273,0.1501514355915354,0.0,0.0,0.5005047853051182,0.0,0.0006348163202588,0.5661611596978513,0.0,0.0,0.5177729403725029,0.1935715104898166,Wing,1.0,,0.0,0.0,0.0,0.0,0.0,0.0,0.0,0.0,0.0,0.0,0.0,0.0,0.0,,,,,,,,,,,,,https://cdn.nba.com/headshots/nba/latest/1040x760/1630531.png
1630532,Franz Wagner,133,31.668370927318296,16.593984962406015,7.894736842105263,0.4790728136129798,0.5754561536086809,6.368421052631579,0.3024060150375939,0.6595642495334865,0.1274650396805752,0.1702170206548611,10.344745080193768,0.3229957451900022,franz wagner,Franz Wagner,ORL,SF,34.0,1019.0,0.481,11.3,0.258,0.345,0.075,0.047,0.274,0.687,0.457,0.421,0.417,0.345,Disruptive Defender,short paint / floater range,at the rim,High-Impact Balanced Player,"Franz Wagner profiles as a balanced player. Their most common shot comes short paint / floater range, and they make shots most consistently at the rim. On defense, they profile as a Disruptive Defender.","Creates defensive pressure with steals, blocks, and activity. This player can force mistakes and break up possessions.",274.0,Franz Wagner,24.0,ORL,SF,34.0,32.0,1019.0,0.0,0.0,49.0,50.0,1.0,3.5,4.1,23.0,26.0,42.0,2.0,85.0,17.0,275.0,14.0,35.0,,15.789473684210526,290.7894736842105,0.6660651061964582,0.274,275.0,0.1702170206548611,1.0,0.1730312654807289,0.660951879636248,0.2860125260960334,0.1661631419939577,0.1423262742291649,0.3082012966380708,Wing,35.0,28.92,19.97142857142857,5.057142857142857,3.2285714285714286,0.9142857142857143,0.3142857142857143,1.6571428571428573,2.2857142857142856,244.0,507.0,48.0,139.0,163.0,198.0,0.4812623274161736,0.34532374100719426,0.8232323232323232,2.5076923076923077,0.14073076923076924,0.6020384615384615,0.25326923076923075,0.20103846153846155,0.22503846153846155,0.18234615384615382,0.08623076923076924,ORL,https://cdn.nba.com/headshots/nba/latest/1040x760/1630532.png
1630533,Ziaire Williams,140,23.257142857142856,8.085714285714285,3.371428571428571,0.3916571428571428,0.5328734248800445,-13.710714285714284,0.1524285714285714,0.4356126172125827,0.0542795232701423,0.147771097977966,5.93627408049387,0.1514967091563318,ziaire williams,Ziaire Williams,BRK,SF,56.0,1281.0,0.425,16.3,0.224,0.139,0.048,0.009,0.58,0.68,0.35,0.476,0.25,0.343,Disruptive Defender,three-point range,at the rim,Balanced Player,"Ziaire Williams profiles as a balanced player. Their most common shot comes three-point range, and they make shots most consistently at the rim. On defense, they profile as a Disruptive Defender.","Creates defensive pressure with steals, blocks, and activity. This player can force mistakes and break up possessions.",218.0,Ziaire Williams,24.0,BRK,SF,56.0,13.0,1281.0,1.0,22.0,63.0,12.0,3.0,-10.1,0.5,28.0,21.0,58.0,2.0,63.0,16.0,139.0,14.0,20.0,,6.742857142857143,145.74285714285713,0.1193313293933898,0.58,139.0,0.147771097977966,3.0,0.0864521069547849,0.5604984680082231,0.6054279749478079,0.0839879154078549,0.1168114119197025,0.2855995887588967,Wing,69.0,22.265964912280705,8.304347826086957,1.9420289855072463,0.8695652173913043,1.1014492753623188,0.30434782608695654,0.855072463768116,-4.086956521739131,184.0,433.0,86.0,251.0,119.0,140.0,0.42494226327944573,0.3426294820717131,0.85,-12.922222222222222,0.05722222222222222,0.537,0.1721111111111111,0.061527777777777785,0.13808333333333334,0.2398611111111111,0.1866388888888889,BKN,https://cdn.nba.com/headshots/nba/latest/1040x760/1630533.png
1630534,Ochai Agbaji,171,21.11309941520468,6.187134502923977,2.801169590643275,0.4265497076023392,0.5092747801392924,-8.300584795321639,0.115672514619883,0.3476824472215643,0.0540325115517427,0.1422013283833414,4.938686310884398,0.1331490454475431,ochai agbaji,Ochai Agbaji,2TM,SG,62.0,973.0,0.436,13.7,0.346,0.161,0.025,0.011,0.457,0.711,0.311,0.571,0.333,0.266,Disruptive Defender,three-point range,at the rim,Balanced Player,"Ochai Agbaji profiles as a balanced player. Their most common shot comes three-point range, and they make shots most consistently at the rim. On defense, they profile as a Disruptive Defender.","Creates defensive pressure with steals, blocks, and activity. This player can force mistakes and break up possessions.",284.0,Ochai Agbaji,25.0,2TM,SG,62.0,13.0,973.0,8.0,71.0,20.0,0.0,0.0,-2.5,-1.1,19.0,6.0,47.0,4.0,21.0,4.0,119.0,2.0,21.0,,5.60233918128655,124.60233918128657,-0.1223396014849975,0.457,119.0,0.1422013283833414,0.0,0.0738332103575413,0.516095377275457,0.477035490605428,0.0719033232628398,0.1104801104023645,0.2483507954192153,Guard,78.0,15.495645161290323,4.0256410256410255,1.8076923076923077,0.6025641025641025,0.3076923076923077,0.21794871794871795,0.3974358974358974,-0.7948717948717948,122.0,280.0,34.0,128.0,36.0,43.0,0.4357142857142857,0.265625,0.8372093023255814,-2.019047619047619,0.025452380952380952,0.4007380952380952,0.1321190476190476,0.07285714285714286,0.1502857142857143,0.15830952380952382,0.13173809523809524,TOR,https://cdn.nba.com/headshots/nba/latest/1040x760/1630534.png
1630536,Sharife Cooper,41,16.878048780487806,6.024390243902439,3.097560975609756,0.4341219512195122,0.5306454826109176,-15.312195121951218,0.1226829268292683,0.4593911400262078,0.1832898607848585,0.1032259289810966,5.435108971787607,0.1386587160503453,sharife cooper,Sharife Cooper,WAS,PG,41.0,700.0,0.514,12.2,0.312,0.178,0.138,0.065,0.308,0.701,0.364,0.559,0.563,0.382,Disruptive Defender,at the rim,at the rim,On-Ball Creator,"Sharife Cooper profiles as an on-ball creator. They combine scoring volume with creation stats, meaning they likely generate offense for themselves and others. Defensively, they profile as a Disruptive Defender.","Creates defensive pressure with steals, blocks, and activity. This player can force mistakes and break up possessions.",343.0,Sharife Cooper,24.0,WAS,PG,41.0,1.0,700.0,100.0,0.0,0.0,0.0,0.0,-12.8,-1.5,37.0,19.0,29.0,0.0,20.0,10.0,310.0,8.0,24.0,,6.195121951219512,316.1951219512195,-0.194032221305671,0.308,310.0,0.1032259289810966,0.0,0.1881960428551575,0.5029230280351216,0.3215031315240083,0.1873111782477341,0.0661757633046966,0.2745833380346877,Guard,50.0,16.878048780487806,6.66,1.72,2.48,0.32,0.1,1.22,-3.68,127.0,247.0,29.0,76.0,50.0,60.0,0.5141700404858299,0.3815789473684211,0.8333333333333334,-22.11111111111111,-0.043111111111111114,0.39722222222222225,0.15311111111111111,0.15622222222222223,0.1231111111111111,0.022222222222222223,0.1111111111111111,WAS,https://cdn.nba.com/headshots/nba/latest/1040x760/1630536.png
1630537,Chris Duarte,48,8.543333333333333,2.875,1.1666666666666667,0.3464791666666666,0.4778292251312386,-6.33125,0.0564583333333333,0.4525709884975494,0.0886834208381442,0.2070999611826401,3.593837985722148,0.058307448367754,chris duarte,,,,,,,,,,,,,,,,,,Rim Protector,Not enough shooting data,Not enough shooting data,Balanced Player,"Chris Duarte profiles as a balanced player. Their most common shot comes Not enough shooting data, and they make shots most consistently Not enough shooting data. On defense, they profile as a Rim Protector.",Protects the basket with shot blocking and interior presence. This player is most valuable defensively near the rim.,,,,,,,,,,,,,,,,,,,,,,0.0,,,,2.3333333333333335,2.3333333333333335,0.062129988354792,0.0,0.0,0.2070999611826401,0.0,0.0008501384835316,0.5499886548215851,0.0,0.0,0.1842520690686464,0.1562624260056735,Wing,,,,,,,,,,,,,,,,,,,,,,,,,,,,https://cdn.nba.com/headshots/nba/latest/1040x760/1630537.png
1630538,Bones Hyland,117,14.526581196581198,6.264957264957265,2.6837606837606836,0.3872051282051282,0.5075521829704963,-0.9410256410256406,0.1161538461538461,0.5274405672758777,0.178207658440531,0.1141405882929118,5.259161615087176,0.1164120247697017,bones hyland,Bones Hyland,MIN,PG,71.0,1177.0,0.453,18.4,0.19,0.088,0.056,0.028,0.639,0.697,0.317,0.577,0.462,0.388,Disruptive Defender,three-point range,at the rim,Elite 3PT Threat,Bones Hyland profiles as an elite 3PT threat. They consistently take shots from three-point range and are most efficient at the rim. Their defensive profile is Disruptive Defender.,"Creates defensive pressure with steals, blocks, and activity. This player can force mistakes and break up possessions.",239.0,Bones Hyland,25.0,MIN,PG,71.0,3.0,1177.0,92.0,8.0,0.0,0.0,0.0,4.0,0.7,36.0,17.0,50.0,8.0,26.0,6.0,445.0,5.0,29.0,,5.367521367521367,450.36752136752136,0.1392421764878735,0.639,445.0,0.1141405882929118,0.0,0.2682843187203057,0.5641567613200799,0.6670146137787056,0.2688821752265861,0.0785827395517598,0.3831516013627827,Guard,81.0,16.362676056338028,7.45679012345679,1.5679012345679013,2.3209876543209877,0.5432098765432098,0.20987654320987653,0.8641975308641975,1.5308641975308641,212.0,468.0,116.0,299.0,64.0,82.0,0.452991452991453,0.3879598662207358,0.7804878048780488,5.288636363636365,0.09597727272727273,0.5356590909090909,0.17943181818181816,0.31425,0.12115909090909092,0.1680909090909091,0.1098409090909091,MIN,https://cdn.nba.com/headshots/nba/latest/1040x760/1630538.png
1630539,Kai Jones,40,11.5155,2.725,2.175,0.557775,0.6067495542241217,-7.665000000000001,0.092,0.2661217377446478,0.0528878986489815,0.2491615283193101,4.493742138161661,0.1165560199438626,kai jones,,,,,,,,,,,,,,,,,,Rim Protector,Not enough shooting data,Not enough shooting data,Efficient Role Finisher,"Kai Jones profiles as a balanced player. Their most common shot comes Not enough shooting data, and they make shots most consistently Not enough shooting data. On defense, they profile as a Rim Protector.",Protects the basket with shot blocking and interior presence. This player is most valuable defensively near the rim.,,,,,,,,,,,,,,,,,,,,,,0.0,,,,4.35,4.35,0.074748458495793,0.0,0.0,0.2491615283193101,0.0,0.0020538984001067,0.5523070928420085,0.0,0.0,0.2320645430515958,0.1621047868757044,Wing,,,,,,,,,,,,,,,,,,,,,,,,,,,,https://cdn.nba.com/headshots/nba/latest/1040x760/1630539.png
1630540,Miles McBride,154,25.04207792207792,8.935064935064934,3.7857142857142856,0.412961038961039,0.5442069741571328,4.237012987012987,0.1593506493506493,0.4066013609391812,0.1025618144862465,0.0936558351088598,6.161083384609501,0.1707504414177211,miles mcbride,Miles McBride,NYK,SG,41.0,1080.0,0.423,20.4,0.064,0.087,0.094,0.084,0.671,0.654,0.371,0.395,0.412,0.413,Disruptive Defender,three-point range,three-point range,Elite 3PT Threat,Miles McBride profiles as an elite 3PT threat. They consistently take shots from three-point range and are most efficient three-point range. Their defensive profile is Disruptive Defender.,"Creates defensive pressure with steals, blocks, and activity. This player can force mistakes and break up possessions.",266.0,Miles McBride,25.0,NYK,SG,41.0,15.0,1080.0,33.0,67.0,0.0,0.0,0.0,10.6,5.2,13.0,12.0,39.0,3.0,21.0,5.0,260.0,4.0,11.0,,7.571428571428571,267.57142857142856,0.808096750532658,0.671,260.0,0.0936558351088598,0.0,0.1591722809941176,0.6870478770632528,0.7004175365344468,0.1570996978851963,0.0552971894561775,0.3617332008777646,Guard,42.0,26.14731707317073,11.69047619047619,2.380952380952381,2.5238095238095237,0.8333333333333334,0.21428571428571427,0.7857142857142857,5.333333333333333,171.0,404.0,112.0,271.0,37.0,47.0,0.42326732673267325,0.4132841328413284,0.7872340425531915,11.597142857142856,0.08677142857142857,0.5880857142857142,0.17117142857142856,0.19325714285714288,0.09948571428571429,0.18682857142857143,0.07142857142857142,NYK,https://cdn.nba.com/headshots/nba/latest/1040x760/1630540.png
1630541,Moses Moody,169,22.123076923076923,8.0,3.5088757396449703,0.4276568047337278,0.5689703294614153,0.637869822485207,0.1494082840236686,0.4509527997130086,0.0613225503765598,0.1356791735489757,6.078047357041033,0.1574256686938736,moses moody,Moses Moody,GSW,SG,60.0,1540.0,0.44,19.0,0.127,0.117,0.052,0.027,0.677,0.746,0.4,0.31,0.4,0.401,Disruptive Defender,three-point range,at the rim,Elite 3PT Threat,Moses Moody profiles as an elite 3PT threat. They consistently take shots from three-point range and are most efficient at the rim. Their defensive profile is Disruptive Defender.,"Creates defensive pressure with steals, blocks, and activity. This player can force mistakes and break up possessions.",158.0,Moses Moody,23.0,GSW,SG,60.0,49.0,1540.0,0.0,18.0,61.0,21.0,0.0,2.3,4.7,30.0,16.0,58.0,7.0,51.0,5.0,246.0,11.0,24.0,,7.017751479289941,253.01775147928993,0.7457037520646926,0.677,246.0,0.1356791735489757,0.0,0.1504851075450463,0.6755841815248906,0.7066805845511483,0.1486404833836858,0.1030662078885181,0.3602628452091338,Wing,70.0,25.486,10.4,2.857142857142857,1.4,0.8285714285714286,0.4857142857142857,0.8142857142857143,1.1428571428571428,245.0,557.0,151.0,377.0,87.0,113.0,0.4398563734290844,0.4005305039787798,0.7699115044247787,1.398,0.07422,0.5582,0.1689,0.0946,0.14964,0.16668,0.23864000000000002,GSW,https://cdn.nba.com/headshots/nba/latest/1040x760/1630541.png
1630543,Isaiah Jackson,97,14.50237113402062,4.103092783505154,2.6391752577319587,0.5883195876288659,0.5975279198665503,1.1061855670103091,0.1270103092783505,0.4230226278748067,0.0635650731340747,0.3426270705511148,5.467494994730708,0.1248048881874383,isaiah jackson,Isaiah Jackson,2TM,C,55.0,908.0,0.637,3.2,0.629,0.321,0.025,0.013,0.013,0.738,0.526,0.167,0.0,0.0,Rim Protector,at the rim,at the rim,Rim-Dominant Big,"Isaiah Jackson profiles as a rim-dominant big. They take a large share of their shots at the rim, finish best at the rim, and their defensive profile as a Rim Protector suggests they impact the game around the basket.",Protects the basket with shot blocking and interior presence. This player is most valuable defensively near the rim.,300.0,Isaiah Jackson,24.0,2TM,C,55.0,14.0,908.0,0.0,0.0,0.0,6.0,94.0,-1.9,3.5,18.0,16.0,81.0,19.0,46.0,1.0,119.0,11.0,14.0,,5.278350515463917,124.27835051546391,0.6277881211653344,0.013,119.0,0.3426270705511148,94.0,0.0736398196619998,0.6539191081186467,0.0135699373695198,0.0719033232628398,0.3383092483841375,0.2359924526645873,Big,60.0,16.30181818181818,6.166666666666667,4.833333333333333,0.8666666666666667,0.6,0.8166666666666667,0.9666666666666667,-0.8333333333333334,151.0,237.0,0.0,3.0,68.0,105.0,0.6371308016877637,0.0,0.6476190476190476,-4.0,0.025052631578947368,0.49836842105263157,0.1488157894736842,0.08152631578947368,0.3492368421052632,0.17765789473684213,0.29913157894736847,IND,https://cdn.nba.com/headshots/nba/latest/1040x760/1630543.png
1630544,Tre Mann,95,19.37378947368421,7.842105263157895,3.2421052631578946,0.3802421052631579,0.4767113805959334,-5.928421052631579,0.1378947368421052,0.5169445420968202,0.1398971106168539,0.1290955783179018,5.667181120718283,0.1387723420868383,tre mann,Tre Mann,CHO,PG,53.0,669.0,0.36,17.7,0.122,0.172,0.135,0.059,0.512,0.595,0.327,0.341,0.333,0.323,Disruptive Defender,three-point range,at the rim,On-Ball Creator,"Tre Mann profiles as an on-ball creator. They combine scoring volume with creation stats, meaning they likely generate offense for themselves and others. Defensively, they profile as a Disruptive Defender.","Creates defensive pressure with steals, blocks, and activity. This player can force mistakes and break up possessions.",351.0,Tre Mann,24.0,CHO,PG,53.0,1.0,669.0,91.0,9.0,0.0,0.0,0.0,-11.8,-19.8,24.0,17.0,33.0,7.0,8.0,3.0,213.0,0.0,8.0,,6.484210526315789,219.4842105263158,-2.9312713265046297,0.512,213.0,0.1290955783179018,0.0,0.1304687443417307,0.0,0.5344467640918581,0.1287009063444108,0.0955824644826391,0.154782849433176,Guard,73.0,12.420377358490565,3.9863013698630136,1.2602739726027397,1.178082191780822,0.3424657534246575,0.0684931506849315,0.7397260273972602,-2.095890410958904,109.0,303.0,50.0,155.0,23.0,27.0,0.35973597359735976,0.3225806451612903,0.8518518518518519,-7.3419354838709685,0.05374193548387097,0.41993548387096774,0.22429032258064516,0.25525806451612904,0.15054838709677418,0.12264516129032259,0.05912903225806451,CHA,https://cdn.nba.com/headshots/nba/latest/1040x760/1630544.png
1630545,Terrence Shannon Jr.,75,11.508266666666668,3.8,1.76,0.3286133333333333,0.4260068627238662,-7.674666666666667,0.0710666666666666,0.4218190968304645,0.0772428541698092,0.0941256353754324,3.803658781832527,0.082662513754976,terrence shannon jr,Terrence Shannon Jr.,MIN,SG,43.0,538.0,0.45,13.7,0.345,0.14,0.035,0.035,0.444,0.593,0.292,0.333,0.333,0.408,Disruptive Defender,three-point range,at the rim,Perimeter Shooter,"Terrence Shannon Jr. is a perimeter shooter. Their shot profile is built around three-point range, with their best efficiency coming at the rim. Defensively, they profile as a Disruptive Defender.","Creates defensive pressure with steals, blocks, and activity. This player can force mistakes and break up possessions.",372.0,Terrence Shannon Jr.,25.0,MIN,SG,43.0,2.0,538.0,1.0,29.0,59.0,11.0,0.0,-6.6,-11.7,15.0,7.0,34.0,0.0,27.0,6.0,95.0,1.0,14.0,,3.52,98.52,-1.72676230938737,0.444,95.0,0.0941256353754324,0.0,0.0582645122896327,0.2213088805554635,0.4634655532359081,0.0574018126888217,0.05583122360069,0.1594761616690563,Wing,49.0,12.32139534883721,4.918367346938775,1.0,0.7755102040816326,0.2857142857142857,0.02040816326530612,0.4897959183673469,-1.6734693877551021,77.0,171.0,31.0,76.0,56.0,70.0,0.4502923976608187,0.40789473684210525,0.8,-18.713636363636365,0.022045454545454545,0.4397727272727273,0.15159090909090908,0.07504545454545454,0.10263636363636364,0.09545454545454546,0.022727272727272728,MIN,https://cdn.nba.com/headshots/nba/latest/1040x760/1630545.png
1630548,Johnny Juzang,103,16.279223300970873,5.961165048543689,2.592233009708738,0.3825922330097087,0.5072819869156918,-8.870873786407767,0.1044660194174757,0.4445443442585634,0.0531427479700555,0.1363825610443862,4.885206493924397,0.1181420186123616,johnny juzang,,,,,,,,,,,,,,,,,,Disruptive Defender,Not enough shooting data,Not enough shooting data,Balanced Player,"Johnny Juzang profiles as a balanced player. Their most common shot comes Not enough shooting data, and they make shots most consistently Not enough shooting data. On defense, they profile as a Disruptive Defender.","Creates defensive pressure with steals, blocks, and activity. This player can force mistakes and break up possessions.",,,,,,,,,,,,,,,,,,,,,,0.0,,,,5.184466019417476,5.184466019417476,0.0409147683133158,0.0,0.0,0.1363825610443862,0.0,0.0025519959600664,0.5460907042613198,0.0,0.0,0.1038657666927578,0.1479300511186323,Wing,50.0,3.9528571428571433,0.86,0.34,0.12,0.04,0.02,0.1,-0.1,16.0,38.0,6.0,24.0,5.0,8.0,0.42105263157894735,0.25,0.625,7.242857142857144,0.039142857142857146,0.4340952380952381,0.19657142857142856,0.10476190476190476,0.17400000000000002,0.07142857142857142,0.011904761904761904,MIN,https://cdn.nba.com/headshots/nba/latest/1040x760/1630548.png
1630549,Day'Ron Sharpe,140,17.30757142857143,5.714285714285714,3.2214285714285715,0.556092857142857,0.5986306025780567,-1.5935714285714286,0.1635,0.4701796828487343,0.1093743375948253,0.3777960748314724,6.316251173431638,0.1455082529332476,dayron sharpe,Day'Ron Sharpe,BRK,C,62.0,1160.0,0.601,5.2,0.587,0.292,0.003,0.008,0.11,0.751,0.462,0.0,0.0,0.231,Rim Protector,at the rim,at the rim,Rim-Dominant Big,"Day'Ron Sharpe profiles as a rim-dominant big. They take a large share of their shots at the rim, finish best at the rim, and their defensive profile as a Rim Protector suggests they impact the game around the basket.",Protects the basket with shot blocking and interior presence. This player is most valuable defensively near the rim.,245.0,Day'Ron Sharpe,24.0,BRK,C,62.0,7.0,1160.0,0.0,0.0,0.0,0.0,100.0,-5.6,6.8,33.0,29.0,51.0,31.0,68.0,3.0,356.0,14.0,33.0,,6.442857142857143,362.4428571428571,1.1333388224494418,0.11,356.0,0.3777960748314724,100.0,0.215801581626764,0.746805801514254,0.1148225469728601,0.2151057401812688,0.378286767450346,0.3495847158383596,Big,64.0,18.215555555555554,8.4375,6.453125,2.265625,1.046875,0.40625,1.65625,-1.78125,214.0,356.0,9.0,39.0,103.0,152.0,0.601123595505618,0.23076923076923078,0.6776315789473685,-5.0,0.13710416666666667,0.6232708333333333,0.17995833333333333,0.22791666666666666,0.42035416666666664,0.25552083333333336,0.18652083333333333,BKN,https://cdn.nba.com/headshots/nba/latest/1040x760/1630549.png
1630550,JT Thor,58,10.58706896551724,2.6724137931034484,1.2413793103448276,0.3917586206896551,0.4778997937074415,0.0655172413793095,0.0618965517241379,0.353580107519508,0.0373506294604551,0.2108549731416109,3.503790630644099,0.0679027259309598,jt thor,,,,,,,,,,,,,,,,,,Rim Protector,Not enough shooting data,Not enough shooting data,Balanced Player,"JT Thor profiles as a balanced player. Their most common shot comes Not enough shooting data, and they make shots most consistently Not enough shooting data. On defense, they profile as a Rim Protector.",Protects the basket with shot blocking and interior presence. This player is most valuable defensively near the rim.,,,,,,,,,,,,,,,,,,,,,,0.0,,,,2.4827586206896552,2.4827586206896552,0.0632564919424832,0.0,0.0,0.2108549731416109,0.0,0.000939331295817,0.5501956314771276,0.0,0.0,0.1885204885264995,0.1567766892402586,Wing,,,,,,,,,,,,,,,,,,,,,,,,,,,,https://cdn.nba.com/headshots/nba/latest/1040x760/1630550.png
1630551,Justin Champagnie,146,20.011095890410957,6.513698630136986,3.2465753424657535,0.4165,0.504173519028878,-11.586301369863014,0.1573287671232876,0.3889024096301398,0.0578463006959202,0.2628875744141765,5.786558253059242,0.1484274705967162,justin champagnie,Justin Champagnie,WAS,SF,69.0,1377.0,0.502,11.0,0.411,0.212,0.017,0.0,0.359,0.753,0.357,0.125,,0.319,Rim Protector,at the rim,at the rim,Rim-Dominant Big,"Justin Champagnie profiles as a rim-dominant big. They take a large share of their shots at the rim, finish best at the rim, and their defensive profile as a Rim Protector suggests they impact the game around the basket.",Protects the basket with shot blocking and interior presence. This player is most valuable defensively near the rim.,194.0,Justin Champagnie,24.0,WAS,SF,69.0,19.0,1377.0,0.0,16.0,61.0,22.0,1.0,-9.3,3.5,26.0,10.0,69.0,6.0,56.0,4.0,211.0,14.0,47.0,,6.493150684931507,217.4931506849315,0.6038662723242529,0.359,211.0,0.2628875744141765,1.0,0.129280269286246,0.6495238586745976,0.3747390396659708,0.1274924471299093,0.2476672955516901,0.3078199026012034,Wing,82.0,19.76927536231884,7.280487804878049,4.682926829268292,1.024390243902439,0.7195121951219512,0.524390243902439,0.5487804878048781,-3.5853658536585367,232.0,462.0,53.0,166.0,80.0,102.0,0.5021645021645021,0.3192771084337349,0.7843137254901961,-22.129787234042553,0.07985106382978724,0.49644680851063827,0.14127659574468085,0.08614893617021277,0.31240425531914895,0.266,0.24572340425531913,WAS,https://cdn.nba.com/headshots/nba/latest/1040x760/1630551.png
1630552,Jalen Johnson,146,35.00897260273973,15.732876712328768,7.712328767123288,0.4926917808219178,0.5712661987514481,1.0897260273972604,0.3531506849315068,0.5831976867263111,0.173867150276328,0.2821110681572371,10.87676931217272,0.3204383796314783,jalen johnson,Jalen Johnson,ATL,SF,72.0,2532.0,0.489,12.0,0.252,0.273,0.144,0.053,0.278,0.735,0.433,0.441,0.446,0.352,Rim Protector,three-point range,at the rim,On-Ball Creator,"Jalen Johnson profiles as an on-ball creator. They combine scoring volume with creation stats, meaning they likely generate offense for themselves and others. Defensively, they profile as a Rim Protector.",Protects the basket with shot blocking and interior presence. This player is most valuable defensively near the rim.,18.0,Jalen Johnson,24.0,ATL,SF,72.0,72.0,2532.0,0.0,0.0,8.0,92.0,0.0,3.3,2.4,141.0,60.0,75.0,21.0,193.0,7.0,1378.0,48.0,86.0,"AS,NBA3",15.424657534246576,1393.4246575342463,0.4446333204471711,0.278,1378.0,0.2821110681572371,0.0,0.8312005399885429,0.6202674016230781,0.290187891440501,0.8326283987915408,0.2695191393373718,0.6412900039301531,Wing,75.0,34.952083333333334,21.613333333333333,9.866666666666667,7.546666666666667,1.1866666666666668,0.41333333333333333,3.2533333333333334,2.493333333333333,600.0,1228.0,120.0,341.0,301.0,382.0,0.48859934853420195,0.3519061583577713,0.7879581151832461,0.32708333333333334,0.16404166666666667,0.5891041666666667,0.2618125,0.34552083333333333,0.33437500000000003,0.19645833333333332,0.15189583333333334,ATL,https://cdn.nba.com/headshots/nba/latest/1040x760/1630552.png
1630553,Keon Johnson,83,23.48156626506024,9.542168674698797,3.710843373493976,0.3730963855421687,0.4803411862582725,-11.128915662650602,0.1604819277108433,0.5137561605726174,0.0864951886588377,0.1597776606012919,6.174559976305594,0.1582597609021227,keon johnson,,,,,,,,,,,,,,,,,,Disruptive Defender,Not enough shooting data,Not enough shooting data,Volume Shot Creator,"Keon Johnson profiles as a balanced player. Their most common shot comes Not enough shooting data, and they make shots most consistently Not enough shooting data. On defense, they profile as a Disruptive Defender.","Creates defensive pressure with steals, blocks, and activity. This player can force mistakes and break up possessions.",,,,,,,,,,,,,,,,,,,,,,0.0,,,,7.421686746987952,7.421686746987952,0.0479332981803875,0.0,0.0,0.1597776606012919,0.0,0.0038874058624037,0.5473802446183892,0.0,0.0,0.1304595829730332,0.1514459817968621,Wing,,,,,,,,,,,,,,,,,,,,,,,,,,,,https://cdn.nba.com/headshots/nba/latest/1040x760/1630553.png
1630556,Kessler Edwards,69,10.713478260869566,2.652173913043478,1.2753623188405796,0.2916521739130434,0.3516191489903121,-14.902898550724638,0.0647826086956521,0.2817266039788507,0.0840188383449585,0.1445846017502725,3.036426596957623,0.0693880749172951,kessler edwards,,,,,,,,,,,,,,,,,,Disruptive Defender,Not enough shooting data,Not enough shooting data,Balanced Player,"Kessler Edwards profiles as a balanced player. Their most common shot comes Not enough shooting data, and they make shots most consistently Not enough shooting data. On defense, they profile as a Disruptive Defender.","Creates defensive pressure with steals, blocks, and activity. This player can force mistakes and break up possessions.",,,,,,,,,,,,,,,,,,,,,,0.0,,,,2.550724637681159,2.550724637681159,0.0433753805250817,0.0,0.0,0.1445846017502725,0.0,0.0009799006017395,0.5465428016108027,0.0,0.0,0.1131892390346952,0.148346584546866,Wing,,,,,,,,,,,,,,,,,,,,,,,,,,,,https://cdn.nba.com/headshots/nba/latest/1040x760/1630556.png
1630557,Corey Kispert,168,23.82797619047619,8.845238095238095,4.160714285714286,0.4523392857142856,0.5838222674233446,-10.347619047619048,0.1576190476190476,0.4517016981980744,0.0762656063094162,0.1182611534010763,6.4754059129518975,0.1845439336864024,corey kispert,Corey Kispert,2TM,SF,58.0,1080.0,0.467,17.2,0.234,0.137,0.028,0.0,0.602,0.75,0.389,0.636,,0.367,Disruptive Defender,three-point range,at the rim,Perimeter Shooter,"Corey Kispert is a perimeter shooter. Their shot profile is built around three-point range, with their best efficiency coming at the rim. Defensively, they profile as a Disruptive Defender.","Creates defensive pressure with steals, blocks, and activity. This player can force mistakes and break up possessions.",267.0,Corey Kispert,26.0,2TM,SF,58.0,10.0,1080.0,0.0,26.0,65.0,9.0,0.0,-7.0,-5.8,23.0,11.0,39.0,5.0,48.0,3.0,224.0,13.0,21.0,,8.321428571428571,232.32142857142856,-0.8345216539796771,0.602,224.0,0.1182611534010763,0.0,0.1381313535267099,0.385243544246841,0.6283924843423799,0.1353474320241691,0.0832666927527665,0.2676837126014448,Wing,62.0,18.40258620689655,8.580645161290322,2.129032258064516,1.4838709677419355,0.25806451612903225,0.14516129032258066,0.7258064516129032,-2.435483870967742,184.0,394.0,87.0,237.0,77.0,97.0,0.467005076142132,0.3670886075949367,0.7938144329896907,-10.7,0.0823125,0.58959375,0.1721875,0.14340625,0.1174375,0.13440625,0.04165625,ATL,https://cdn.nba.com/headshots/nba/latest/1040x760/1630557.png
1630558,Davion Mitchell,192,24.81130208333333,6.458333333333333,3.1041666666666665,0.4586666666666667,0.5559800337138673,1.5020833333333332,0.1443229166666666,0.3288402321977206,0.1792822537080166,0.0949650644292941,5.576922648870376,0.1484884901628754,davion mitchell,Davion Mitchell,MIA,PG,70.0,2000.0,0.49,14.3,0.205,0.268,0.062,0.038,0.428,0.633,0.552,0.424,0.45,0.395,Disruptive Defender,three-point range,at the rim,Perimeter Shooter,"Davion Mitchell is a perimeter shooter. Their shot profile is built around three-point range, with their best efficiency coming at the rim. Defensively, they profile as a Disruptive Defender.","Creates defensive pressure with steals, blocks, and activity. This player can force mistakes and break up possessions.",77.0,Davion Mitchell,27.0,MIA,PG,70.0,70.0,2000.0,100.0,0.0,0.0,0.0,0.0,4.2,3.3,76.0,21.0,94.0,4.0,31.0,36.0,1128.0,3.0,22.0,,6.208333333333333,1134.2083333333333,0.5234895193287882,0.428,1128.0,0.0949650644292941,0.0,0.6764728271976359,0.6347559416434064,0.4467640918580375,0.6815709969788519,0.0567854243718568,0.5701283722036825,Guard,81.0,28.39114285714286,8.074074074074074,2.2962962962962963,5.592592592592593,0.8395061728395061,0.13580246913580246,1.3333333333333333,2.493827160493827,261.0,533.0,90.0,228.0,42.0,65.0,0.4896810506566604,0.39473684210526316,0.6461538461538462,6.688372093023255,0.08251162790697675,0.5548372093023256,0.1366511627906977,0.39651162790697675,0.09295348837209302,0.2083953488372093,0.06006976744186047,MIA,https://cdn.nba.com/headshots/nba/latest/1040x760/1630558.png
1630559,Austin Reaves,170,34.30258823529412,13.741176470588234,6.552941176470588,0.4784117647058823,0.6242421557235646,2.505294117647059,0.2915882352941176,0.5404990357600433,0.1650684359152412,0.1291132160103977,9.621077479867251,0.2778621144503457,austin reaves,Austin Reaves,LAL,SG,51.0,1762.0,0.49,15.1,0.15,0.277,0.122,0.021,0.43,0.833,0.54,0.462,0.188,0.36,Disruptive Defender,three-point range,at the rim,Perimeter Shooter,"Austin Reaves is a perimeter shooter. Their shot profile is built around three-point range, with their best efficiency coming at the rim. Defensively, they profile as a Disruptive Defender.","Creates defensive pressure with steals, blocks, and activity. This player can force mistakes and break up possessions.",121.0,Austin Reaves,27.0,LAL,SG,51.0,45.0,1762.0,16.0,50.0,34.0,1.0,0.0,4.8,5.2,83.0,53.0,54.0,7.0,138.0,36.0,640.0,28.0,37.0,,13.105882352941176,653.1058823529412,0.8187339648031193,0.43,640.0,0.1291132160103977,0.0,0.3893000108722307,0.6890022916412843,0.4488517745302714,0.3867069486404834,0.0956025137050288,0.4435292896733053,Guard,53.0,33.68096153846154,22.39622641509434,4.528301886792453,5.283018867924528,1.0566037735849056,0.37735849056603776,2.849056603773585,3.4339622641509435,373.0,762.0,118.0,328.0,323.0,371.0,0.489501312335958,0.3597560975609756,0.8706199460916442,2.736,0.15276,0.6647200000000001,0.28312000000000004,0.32048000000000004,0.17552,0.15208,0.05172000000000001,LAL,https://cdn.nba.com/headshots/nba/latest/1040x760/1630559.png
1630560,Cam Thomas,109,27.42412844036697,15.220183486238533,6.5504587155963305,0.4077247706422018,0.5269745088256911,-9.094495412844037,0.2389908256880734,0.69884477040709,0.1146648856525266,0.0982528010085135,8.85613600307107,0.2637148527988514,cam thomas,Cam Thomas,2TM,SG,42.0,881.0,0.41,15.4,0.128,0.197,0.197,0.113,0.364,0.644,0.374,0.484,0.404,0.31,Disruptive Defender,three-point range,at the rim,Mid-Range Shot Creator,"Cam Thomas profiles as a mid-range shot creator. They regularly look for shots from three-point range, while making shots most consistently at the rim. On the defensive side, they profile as a Disruptive Defender.","Creates defensive pressure with steals, blocks, and activity. This player can force mistakes and break up possessions.",307.0,Cam Thomas,24.0,2TM,SG,42.0,8.0,881.0,32.0,61.0,6.0,0.0,0.0,-13.2,-4.6,33.0,29.0,23.0,5.0,72.0,7.0,270.0,19.0,28.0,,13.10091743119266,283.10091743119267,-0.6605241596974458,0.364,270.0,0.0982528010085135,0.0,0.1684419220921095,0.4172127450845527,0.3799582463465553,0.1631419939577039,0.0605226797895151,0.2510401594346872,Guard,47.0,20.769761904761907,12.063829787234043,1.5106382978723405,2.297872340425532,0.19148936170212766,0.0851063829787234,1.574468085106383,-4.531914893617022,189.0,461.0,52.0,168.0,137.0,169.0,0.40997830802603036,0.30952380952380953,0.8106508875739645,-10.895833333333334,0.08308333333333333,0.47962499999999997,0.286,0.26666666666666666,0.08754166666666667,0.04858333333333333,0.020833333333333332,BKN,https://cdn.nba.com/headshots/nba/latest/1040x760/1630560.png
1630567,Scottie Barnes,173,33.17312138728324,15.07514450867052,7.161849710982659,0.4778728323699421,0.5520557993112275,0.2491329479768787,0.3190173410404624,0.5964447722362008,0.1803134556336158,0.2264171443710929,10.140964456856947,0.2963742022302589,scottie barnes,Scottie Barnes,TOR,PF,80.0,2681.0,0.507,10.6,0.302,0.249,0.181,0.069,0.199,0.723,0.446,0.483,0.429,0.304,Rim Protector,at the rim,at the rim,Interior Paint Scorer,"Scottie Barnes is mostly an interior paint scorer. Their shot diet leans toward at the rim, and they are most reliable at the rim. On defense, they profile as a Rim Protector.",Protects the basket with shot blocking and interior presence. This player is most valuable defensively near the rim.,7.0,Scottie Barnes,24.0,TOR,PF,80.0,80.0,2681.0,0.0,0.0,2.0,67.0,31.0,4.3,4.3,131.0,40.0,106.0,21.0,139.0,19.0,1086.0,34.0,48.0,"DPOY-5,AS,DEF2",14.323699421965316,1100.323699421965,0.7129251433113277,0.199,1086.0,0.2264171443710929,31.0,0.6562468945908626,0.6695616469433446,0.2077244258872651,0.6561933534743203,0.2062104120761886,0.547288210010322,Wing,80.0,33.300875000000005,18.1,7.5,5.925,1.425,1.45,2.625,3.325,569.0,1123.0,68.0,224.0,242.0,297.0,0.5066785396260017,0.30357142857142855,0.8148148148148148,2.9903846153846154,0.1375,0.57375,0.23157692307692307,0.25730769230769235,0.26484615384615384,0.24544230769230768,0.39278846153846153,TOR,https://cdn.nba.com/headshots/nba/latest/1040x760/1630567.png
1630568,Luka Garza,127,11.122992125984252,4.133858267716535,2.283464566929134,0.4776141732283465,0.5606656901327912,-6.447244094488189,0.0964566929133858,0.5259619364652374,0.0497803465239993,0.2491821426019112,4.9799839354548325,0.1021178960958834,luka garza,Luka Garza,BOS,C,69.0,1118.0,0.577,11.7,0.353,0.232,0.048,0.011,0.356,0.722,0.578,0.588,0.5,0.433,Rim Protector,three-point range,at the rim,Rim-Dominant Big,"Luka Garza profiles as a rim-dominant big. They take a large share of their shots three-point range, finish best at the rim, and their defensive profile as a Rim Protector suggests they impact the game around the basket.",Protects the basket with shot blocking and interior presence. This player is most valuable defensively near the rim.,258.0,Luka Garza,27.0,BOS,C,69.0,6.0,1118.0,0.0,0.0,0.0,4.0,96.0,4.9,-4.2,9.0,8.0,91.0,21.0,61.0,7.0,162.0,19.0,25.0,,4.566929133858268,166.56692913385828,-0.5552453572194267,0.356,162.0,0.2491821426019112,96.0,0.0988821151346071,0.436556007435873,0.37160751565762,0.0978851963746223,0.2320879758411383,0.2374302924830302,Big,80.0,16.02246376811594,6.9625,3.5125,0.825,0.3375,0.35,0.575,1.55,206.0,357.0,55.0,127.0,90.0,117.0,0.5770308123249299,0.4330708661417323,0.7692307692307693,-1.223255813953488,0.09855813953488374,0.6693255813953488,0.14732558139534885,0.14869767441860465,0.24951162790697676,0.14841860465116277,0.2681860465116279,BOS,https://cdn.nba.com/headshots/nba/latest/1040x760/1630568.png
1630570,Trendon Watford,137,16.66890510948905,5.970802919708029,2.9635036496350367,0.4834233576642335,0.552733347409901,-7.12992700729927,0.1266423357664233,0.464677915843913,0.1272732001480508,0.202939567886978,5.524417187786142,0.1336479738421746,trendon watford,Trendon Watford,PHI,PF,53.0,864.0,0.515,8.6,0.317,0.425,0.06,0.011,0.187,0.694,0.544,0.375,0.333,0.2,Rim Protector,short paint / floater range,at the rim,Interior Paint Scorer,"Trendon Watford is mostly an interior paint scorer. Their shot diet leans toward short paint / floater range, and they are most reliable at the rim. On defense, they profile as a Rim Protector.",Protects the basket with shot blocking and interior presence. This player is most valuable defensively near the rim.,312.0,Trendon Watford,25.0,PHI,PF,53.0,7.0,864.0,0.0,0.0,8.0,83.0,9.0,-7.9,-9.8,25.0,21.0,57.0,11.0,40.0,5.0,317.0,11.0,27.0,,5.927007299270073,322.9270072992701,-1.4091181296339066,0.187,317.0,0.202939567886978,9.0,0.1922143438857174,0.2796708162796474,0.1951983298538622,0.1915407854984894,0.179522842134202,0.2131895538655473,Wing,62.0,16.109811320754716,5.580645161290323,2.8225806451612905,2.129032258064516,0.25806451612903225,0.3548387096774194,1.032258064516129,-2.5161290322580645,138.0,268.0,10.0,50.0,60.0,77.0,0.5149253731343284,0.2,0.7792207792207793,-9.89655172413793,0.11231034482758621,0.47962068965517246,0.13893103448275862,0.28520689655172415,0.22424137931034482,0.11148275862068965,0.13075862068965516,PHI,https://cdn.nba.com/headshots/nba/latest/1040x760/1630570.png
1630572,Sandro Mamukelashvili,168,15.943511904761904,6.017857142857143,3.113095238095238,0.4648928571428571,0.5658871803049458,2.889880952380953,0.14125,0.4534514834428292,0.0798089819673261,0.2553357216901254,5.81289784113383,0.1409835133216894,sandro mamukelashvili,Sandro Mamukelashvili,TOR,C,80.0,1751.0,0.523,13.7,0.339,0.162,0.029,0.002,0.469,0.748,0.471,0.333,1.0,0.389,Rim Protector,three-point range,at the rim,Perimeter Shooter,"Sandro Mamukelashvili is a perimeter shooter. Their shot profile is built around three-point range, with their best efficiency coming at the rim. Defensively, they profile as a Rim Protector.",Protects the basket with shot blocking and interior presence. This player is most valuable defensively near the rim.,123.0,Sandro Mamukelashvili,26.0,TOR,C,80.0,13.0,1751.0,0.0,0.0,0.0,8.0,93.0,5.2,4.1,37.0,12.0,85.0,10.0,84.0,3.0,366.0,22.0,33.0,6MOY-10,6.226190476190476,372.2261904761905,0.6916007165070375,0.469,366.0,0.2553357216901254,93.0,0.2216413094865127,0.6656436314221001,0.4895615866388308,0.2211480362537764,0.2390829087474959,0.374524764146082,Big,80.0,21.685624999999998,11.1625,4.9375,1.8875,0.8,0.5125,0.8375,2.3,330.0,631.0,115.0,296.0,118.0,158.0,0.5229793977812995,0.3885135135135135,0.7468354430379747,1.7627450980392154,0.11409803921568627,0.6077843137254902,0.1761764705882353,0.14227450980392156,0.24839215686274507,0.16574509803921567,0.29966666666666664,TOR,https://cdn.nba.com/headshots/nba/latest/1040x760/1630572.png
1630573,Sam Hauser,196,22.66122448979592,7.255102040816326,3.163265306122449,0.4273163265306122,0.6007513049030155,9.527551020408165,0.1406122448979591,0.3374567993082532,0.051089239316849,0.1557042929910359,5.693494043937798,0.1519814979266838,sam hauser,Sam Hauser,BOS,PF,78.0,1934.0,0.419,23.5,0.04,0.03,0.06,0.032,0.839,0.875,0.389,0.556,0.316,0.393,Disruptive Defender,three-point range,three-point range,Elite 3PT Threat,Sam Hauser profiles as an elite 3PT threat. They consistently take shots from three-point range and are most efficient three-point range. Their defensive profile is Disruptive Defender.,"Creates defensive pressure with steals, blocks, and activity. This player can force mistakes and break up possessions.",89.0,Sam Hauser,28.0,BOS,PF,78.0,49.0,1934.0,0.0,0.0,20.0,77.0,3.0,9.0,2.2,17.0,11.0,59.0,6.0,8.0,7.0,293.0,4.0,8.0,,6.326530612244898,299.3265306122449,0.3767112878973108,0.839,293.0,0.1557042929910359,3.0,0.1781270837958466,0.607787836277327,0.8757828810020877,0.1770392749244713,0.1258292803916878,0.3848520802695995,Wing,81.0,24.62205128205128,8.876543209876543,3.7037037037037037,1.4074074074074074,0.4691358024691358,0.2839506172839506,0.43209876543209874,4.555555555555555,252.0,601.0,198.0,504.0,17.0,20.0,0.4193011647254576,0.39285714285714285,0.85,3.862,0.07198,0.53816,0.14502,0.11811999999999999,0.1793,0.15894,0.13304,BOS,https://cdn.nba.com/headshots/nba/latest/1040x760/1630573.png
1630574,Ariel Hukporti,79,8.861012658227848,1.4050632911392404,0.8354430379746836,0.335,0.4015821970362038,-0.9126582278481012,0.0522784810126582,0.3291548503608699,0.0397083705088742,0.3797363132918414,2.939638570311364,0.0501278977481208,ariel hukporti,Ariel Hukporti,NYK,C,54.0,498.0,0.563,4.8,0.55,0.35,0.05,0.0,0.05,0.795,0.286,0.25,,0.25,Rim Protector,at the rim,at the rim,Rim-Dominant Big,"Ariel Hukporti profiles as a rim-dominant big. They take a large share of their shots at the rim, finish best at the rim, and their defensive profile as a Rim Protector suggests they impact the game around the basket.",Protects the basket with shot blocking and interior presence. This player is most valuable defensively near the rim.,380.0,Ariel Hukporti,23.0,NYK,C,54.0,5.0,498.0,0.0,0.0,0.0,7.0,93.0,5.4,-1.6,11.0,11.0,31.0,10.0,15.0,0.0,71.0,3.0,8.0,,1.6708860759493671,72.67088607594937,-0.1260791060124475,0.05,71.0,0.3797363132918414,93.0,0.0428350277173572,0.5154083043278566,0.0521920668058455,0.0429003021148036,0.3804922868168898,0.1961541560829532,Big,80.0,9.022222222222222,1.4625,1.9875,0.3625,0.1125,0.325,0.4,0.4375,45.0,80.0,1.0,4.0,26.0,33.0,0.5625,0.25,0.7878787878787878,-4.747222222222223,0.08922222222222222,0.40875,0.1076388888888889,0.07122222222222223,0.27525,0.03563888888888889,0.2708333333333333,NYK,https://cdn.nba.com/headshots/nba/latest/1040x760/1630574.png
1630577,Julian Champagnie,211,24.65080568720379,7.701421800947867,3.255924170616114,0.4035687203791469,0.5609968135015523,4.130331753554502,0.1610900473933649,0.3701821048989987,0.0609116683898949,0.1776958276693833,5.9792788209187675,0.1521390290103965,julian champagnie,Julian Champagnie,SAS,SF,82.0,2266.0,0.437,19.6,0.154,0.078,0.02,0.004,0.743,0.755,0.389,0.286,0.333,0.381,Disruptive Defender,three-point range,at the rim,Elite 3PT Threat,Julian Champagnie profiles as an elite 3PT threat. They consistently take shots from three-point range and are most efficient at the rim. Their defensive profile is Disruptive Defender.,"Creates defensive pressure with steals, blocks, and activity. This player can force mistakes and break up possessions.",42.0,Julian Champagnie,24.0,SAS,SF,82.0,68.0,2266.0,0.0,5.0,52.0,43.0,1.0,12.1,9.7,43.0,14.0,76.0,4.0,47.0,4.0,310.0,8.0,11.0,,6.511848341232228,316.5118483412322,1.5083087483008148,0.743,310.0,0.1776958276693833,1.0,0.1883850986565553,0.8157004078250792,0.7755741127348643,0.1873111782477341,0.1508276280813279,0.4294291389620279,Wing,82.0,27.4290243902439,11.109756097560975,5.7682926829268295,1.548780487804878,0.7560975609756098,0.4634146341463415,0.8414634146341463,7.219512195121951,301.0,689.0,195.0,512.0,114.0,135.0,0.43686502177068215,0.380859375,0.8444444444444444,9.947058823529412,0.08919607843137256,0.5836470588235294,0.1474313725490196,0.09015686274509804,0.21852941176470586,0.16731372549019607,0.1415686274509804,SAS,https://cdn.nba.com/headshots/nba/latest/1040x760/1630577.png
1630578,Alperen Sengun,180,32.216611111111106,15.394444444444444,7.883333333333334,0.510738888888889,0.5570026344380616,3.7094444444444448,0.3424999999999999,0.6398532290645252,0.1662359488805662,0.3089927345835384,10.847381028109902,0.3231529535172432,alperen sengun,Alperen ÅengÃ¼n,HOU,C,72.0,2398.0,0.519,8.5,0.285,0.414,0.146,0.038,0.117,0.722,0.501,0.415,0.256,0.305,Rim Protector,short paint / floater range,at the rim,On-Ball Creator,"Alperen Sengun profiles as an on-ball creator. They combine scoring volume with creation stats, meaning they likely generate offense for themselves and others. Defensively, they profile as a Rim Protector.",Protects the basket with shot blocking and interior presence. This player is most valuable defensively near the rim.,25.0,Alperen ÅengÃ¼n,23.0,HOU,C,72.0,72.0,2398.0,0.0,0.0,0.0,14.0,86.0,2.9,-5.7,105.0,71.0,143.0,31.0,170.0,20.0,1057.0,48.0,64.0,AS,15.766666666666667,1072.7666666666669,-0.7623021796249385,0.117,1057.0,0.3089927345835384,86.0,0.6397979434583457,0.3985126944122775,0.1221294363256785,0.6386706948640484,0.3000762265816397,0.4677414585798283,Big,73.0,33.092083333333335,20.08219178082192,8.767123287671232,6.095890410958904,1.1643835616438356,1.0547945205479452,3.1095890410958904,2.808219178082192,583.0,1123.0,40.0,131.0,260.0,376.0,0.5191451469278717,0.3053435114503817,0.6914893617021277,4.162790697674419,0.13851162790697674,0.5473953488372093,0.2603023255813953,0.3383720930232558,0.29965116279069764,0.21837209302325583,0.26532558139534884,HOU,https://cdn.nba.com/headshots/nba/latest/1040x760/1630578.png
1630579,Jericho Sims,151,15.81496688741722,1.9602649006622517,1.4437086092715232,0.5098344370860927,0.5483962039503568,-10.386092715231788,0.0872847682119205,0.1841835767487904,0.0544718740393903,0.2605017321799698,3.828125301772492,0.0899559574411664,jericho sims,Jericho Sims,MIL,C,67.0,1318.0,0.784,2.2,0.816,0.146,0.038,0.0,0.0,0.861,0.444,0.429,,,Rim Protector,at the rim,at the rim,Rim-Dominant Big,"Jericho Sims profiles as a rim-dominant big. They take a large share of their shots at the rim, finish best at the rim, and their defensive profile as a Rim Protector suggests they impact the game around the basket.",Protects the basket with shot blocking and interior presence. This player is most valuable defensively near the rim.,211.0,Jericho Sims,27.0,MIL,C,67.0,19.0,1318.0,0.0,0.0,0.0,21.0,79.0,-9.6,-4.7,28.0,13.0,74.0,28.0,34.0,1.0,269.0,10.0,17.0,,2.8874172185430464,271.887417218543,-0.626849480346009,0.0,269.0,0.2605017321799698,79.0,0.161748519407567,0.4233999180192698,0.0,0.1625377643504531,0.2449552468213189,0.2112986883850215,Big,81.0,19.455373134328358,4.1234567901234565,4.567901234567901,1.2839506172839505,0.2345679012345679,0.20987654320987653,0.9259259259259259,-3.3580246913580245,145.0,185.0,0.0,0.0,44.0,71.0,0.7837837837837838,,0.6197183098591549,-28.930555555555557,0.0635,0.6253333333333333,0.08294444444444445,0.07752777777777778,0.2374166666666667,0.050944444444444445,0.13425,MIL,https://cdn.nba.com/headshots/nba/latest/1040x760/1630579.png
1630581,Josh Giddey,174,29.0482183908046,11.660919540229886,5.425287356321839,0.4605287356321839,0.5581255044395637,-0.4988505747126436,0.2845977011494253,0.5440480776470846,0.2422781264015286,0.264446232152542,8.930288760566881,0.2291397782591393,josh giddey,Josh Giddey,CHI,PG,54.0,1731.0,0.448,13.4,0.261,0.262,0.054,0.028,0.395,0.594,0.463,0.436,0.15,0.364,Rim Protector,three-point range,at the rim,On-Ball Creator,"Josh Giddey profiles as an on-ball creator. They combine scoring volume with creation stats, meaning they likely generate offense for themselves and others. Defensively, they profile as a Rim Protector.",Protects the basket with shot blocking and interior presence. This player is most valuable defensively near the rim.,127.0,Josh Giddey,23.0,CHI,PG,54.0,51.0,1731.0,49.0,48.0,3.0,0.0,0.0,-5.1,-0.1,123.0,52.0,51.0,7.0,103.0,7.0,1209.0,17.0,44.0,,10.850574712643676,1219.8505747126435,0.0643338696457626,0.395,1209.0,0.264446232152542,0.0,0.7275931729851054,0.550393582052889,0.4123173277661796,0.7305135951661631,0.2494390622174868,0.5884785296105564,Guard,60.0,31.85222222222222,15.316666666666666,7.466666666666667,8.233333333333333,0.9166666666666666,0.45,3.2666666666666666,-3.1166666666666667,321.0,717.0,103.0,283.0,174.0,228.0,0.4476987447698745,0.36395759717314485,0.7631578947368421,-3.032352941176471,0.14879411764705883,0.5640882352941176,0.2515,0.4401470588235294,0.27802941176470586,0.18223529411764705,0.07694117647058824,CHI,https://cdn.nba.com/headshots/nba/latest/1040x760/1630581.png
1630583,Santi Aldama,144,26.647685185185185,10.104166666666666,4.743055555555555,0.4595169753086419,0.5608240695951747,-2.2340277777777775,0.2196527777777777,0.4596601608940838,0.1037938712698446,0.2458606561338506,7.556653641684803,0.2069535958989039,santi aldama,Santi Aldama,MEM,PF,43.0,1198.0,0.479,14.1,0.206,0.263,0.082,0.029,0.42,0.714,0.52,0.513,0.214,0.35,Rim Protector,three-point range,at the rim,Perimeter Shooter,"Santi Aldama is a perimeter shooter. Their shot profile is built around three-point range, with their best efficiency coming at the rim. Defensively, they profile as a Rim Protector.",Protects the basket with shot blocking and interior presence. This player is most valuable defensively near the rim.,233.0,Santi Aldama,25.0,MEM,PF,43.0,11.0,1198.0,0.0,0.0,9.0,84.0,7.0,-2.2,5.3,32.0,15.0,41.0,5.0,46.0,9.0,311.0,17.0,11.0,,9.48611111111111,320.4861111111111,0.8687581968401551,0.42,311.0,0.2458606561338506,7.0,0.1907573589310926,0.6981934281420793,0.4384133611691023,0.1879154078549849,0.2283123560497299,0.3582360811737938,Wing,47.0,27.675813953488372,12.808510638297872,6.1063829787234045,2.6808510638297873,0.7872340425531915,0.6595744680851063,1.1702127659574468,-1.0212765957446808,228.0,476.0,70.0,200.0,76.0,114.0,0.4789915966386555,0.35,0.6666666666666666,-2.781395348837209,0.1145813953488372,0.5567441860465117,0.19058139534883722,0.1655581395348837,0.2588139534883721,0.20588372093023255,0.22748837209302325,MEM,https://cdn.nba.com/headshots/nba/latest/1040x760/1630583.png
1630587,Isaiah Livers,43,11.35906976744186,2.186046511627907,0.8604651162790697,0.2996744186046511,0.4070086074676132,-1.0116279069767435,0.051860465116279,0.2366092732991744,0.0701792650003323,0.14919708376358,2.773314136443049,0.057465166860262,isaiah livers,,,,,,,,,,,,,,,,,,Disruptive Defender,Not enough shooting data,Not enough shooting data,Balanced Player,"Isaiah Livers profiles as a balanced player. Their most common shot comes Not enough shooting data, and they make shots most consistently Not enough shooting data. On defense, they profile as a Disruptive Defender.","Creates defensive pressure with steals, blocks, and activity. This player can force mistakes and break up possessions.",,,,,,,,,,,,,,,,,,,,,,0.0,,,,1.7209302325581397,1.7209302325581397,0.044759125129074,0.0,0.0,0.14919708376358,0.0,0.0004845915551847,0.5467970421062514,0.0,0.0,0.1184323669367419,0.1487363338423109,Wing,43.0,9.456666666666667,1.5116279069767442,1.4186046511627908,0.4883720930232558,0.3023255813953488,0.18604651162790697,0.27906976744186046,0.2558139534883721,22.0,64.0,12.0,40.0,9.0,12.0,0.34375,0.3,0.75,2.996551724137931,0.06693103448275863,0.4412413793103448,0.09989655172413793,0.1713793103448276,0.18934482758620688,0.08562068965517242,0.1206551724137931,PHX,https://cdn.nba.com/headshots/nba/latest/1040x760/1630587.png
1630590,Scotty Pippen Jr.,110,21.78715151515151,8.118181818181819,3.890909090909091,0.4662272727272727,0.570254474655444,-1.5145454545454542,0.1804545454545454,0.5098179036698389,0.2065503540461508,0.1483536216666703,6.7990355949423735,0.1691851423351333,scotty pippen jr,,,,,,,,,,,,,,,,,,Disruptive Defender,Not enough shooting data,Not enough shooting data,On-Ball Creator,"Scotty Pippen Jr. profiles as an on-ball creator. They combine scoring volume with creation stats, meaning they likely generate offense for themselves and others. Defensively, they profile as a Disruptive Defender.","Creates defensive pressure with steals, blocks, and activity. This player can force mistakes and break up possessions.",,,,,,,,,,,,,,,,,,,,,,0.0,,,,7.781818181818182,7.781818181818182,0.0445060865000011,0.0,0.0,0.1483536216666703,0.0,0.0041023703843611,0.5467505503864372,0.0,0.0,0.1174735817009693,0.1500759439204507,Wing,21.0,20.992,5.428571428571429,1.0476190476190477,2.238095238095238,0.9047619047619048,0.19047619047619047,1.2857142857142858,-2.380952380952381,43.0,96.0,10.0,32.0,18.0,23.0,0.4479166666666667,0.3125,0.782608695652174,2.9,0.115,0.666,0.231,0.462,0.143,0.333,0.0,MEM,https://cdn.nba.com/headshots/nba/latest/1040x760/1630590.png
1630591,Jalen Suggs,139,27.46064748201439,11.316546762589928,4.956834532374101,0.4459568345323741,0.5723744359473397,2.9546762589928055,0.2159712230215827,0.5349200468333002,0.1519844252906522,0.1287538844160405,7.761423833163295,0.2111363352209155,jalen suggs,Jalen Suggs,ORL,PG,57.0,1574.0,0.435,17.7,0.156,0.128,0.109,0.052,0.555,0.683,0.53,0.465,0.412,0.339,Disruptive Defender,three-point range,at the rim,On-Ball Creator,"Jalen Suggs profiles as an on-ball creator. They combine scoring volume with creation stats, meaning they likely generate offense for themselves and others. Defensively, they profile as a Disruptive Defender.","Creates defensive pressure with steals, blocks, and activity. This player can force mistakes and break up possessions.",150.0,Jalen Suggs,24.0,ORL,PG,57.0,56.0,1574.0,89.0,11.0,0.0,0.0,0.0,5.0,7.6,93.0,35.0,71.0,13.0,43.0,21.0,716.0,8.0,24.0,,9.913669064748202,725.9136690647482,1.178626165324812,0.555,716.0,0.1287538844160405,0.0,0.4327593969506882,0.7551266119130556,0.5793319415448852,0.4326283987915408,0.0951940521645771,0.5015674480858837,Guard,57.0,27.406140350877195,13.789473684210526,3.8596491228070176,5.473684210526316,1.8421052631578947,0.7017543859649122,2.6666666666666665,3.175438596491228,282.0,649.0,122.0,360.0,100.0,117.0,0.4345146379044684,0.3388888888888889,0.8547008547008547,7.936666666666667,0.1216,0.6042000000000001,0.22776666666666667,0.34476666666666667,0.1699,0.3192333333333333,0.24366666666666667,ORL,https://cdn.nba.com/headshots/nba/latest/1040x760/1630591.png
1630592,Jalen Wilson,167,20.50988023952096,6.3053892215568865,2.5149700598802394,0.4056586826347305,0.5398137010515354,-7.091616766467066,0.1162874251497006,0.3849998936568997,0.0623761358762723,0.1404913012795474,5.013991788671998,0.1201194931066673,jalen wilson,Jalen Wilson,BRK,PF,54.0,859.0,0.396,16.3,0.162,0.237,0.05,0.004,0.547,0.578,0.348,0.5,0.0,0.355,Disruptive Defender,three-point range,at the rim,Perimeter Shooter,"Jalen Wilson is a perimeter shooter. Their shot profile is built around three-point range, with their best efficiency coming at the rim. Defensively, they profile as a Disruptive Defender.","Creates defensive pressure with steals, blocks, and activity. This player can force mistakes and break up possessions.",314.0,Jalen Wilson,25.0,BRK,PF,54.0,2.0,859.0,0.0,1.0,28.0,62.0,9.0,-10.5,-0.2,17.0,13.0,48.0,4.0,44.0,6.0,127.0,8.0,18.0,,5.029940119760479,132.02994011976048,0.0121473903838642,0.547,127.0,0.1404913012795474,9.0,0.0782667880200456,0.5408051679011854,0.57098121085595,0.0767371601208459,0.1085362782540134,0.270682532649193,Wing,81.0,15.71,4.234567901234568,1.4074074074074074,0.6172839506172839,0.2716049382716049,0.024691358024691357,0.4691358024691358,-2.382716049382716,110.0,278.0,54.0,152.0,69.0,96.0,0.39568345323741005,0.35526315789473684,0.71875,-11.06060606060606,0.041727272727272724,0.519090909090909,0.1720909090909091,0.08151515151515151,0.10387878787878788,0.08154545454545456,0.02524242424242424,BKN,https://cdn.nba.com/headshots/nba/latest/1040x760/1630592.png
1630595,Cade Cunningham,164,33.72640243902439,19.47560975609756,9.01219512195122,0.4668536585365853,0.5631792233201066,4.8115853658536585,0.3721951219512195,0.7575763916068553,0.2732914286973595,0.167731619487934,11.94188557512525,0.3617033156265599,cade cunningham,Cade Cunningham,DET,PG,64.0,2172.0,0.461,13.2,0.179,0.3,0.14,0.073,0.308,0.638,0.468,0.458,0.506,0.342,Disruptive Defender,three-point range,at the rim,On-Ball Creator,"Cade Cunningham profiles as an on-ball creator. They combine scoring volume with creation stats, meaning they likely generate offense for themselves and others. Defensively, they profile as a Disruptive Defender.","Creates defensive pressure with steals, blocks, and activity. This player can force mistakes and break up possessions.",57.0,Cade Cunningham,24.0,DET,PG,64.0,64.0,2172.0,83.0,17.0,0.0,0.0,0.0,10.9,5.9,147.0,67.0,94.0,14.0,165.0,8.0,1476.0,40.0,70.0,"MVP-5,CPOY-4,AS,NBA1",18.02439024390244,1494.0243902439024,0.9353194858463802,0.308,1476.0,0.167731619487934,0.0,0.8912490982632799,0.7104229790619645,0.3215031315240083,0.8918429003021148,0.1395010542784965,0.6854652492574654,Guard,65.0,33.73453125,23.553846153846155,5.461538461538462,9.753846153846155,1.4153846153846155,0.8307692307692308,3.6307692307692307,7.969230769230769,548.0,1189.0,125.0,366.0,310.0,382.0,0.4608915054667788,0.34153005464480873,0.8115183246073299,11.408888888888889,0.15797777777777777,0.5695111111111111,0.2958,0.4934,0.16202222222222223,0.18317777777777777,0.1915777777777778,DET,https://cdn.nba.com/headshots/nba/latest/1040x760/1630595.png
1630596,Evan Mobley,165,30.45787878787879,12.53939393939394,6.9818181818181815,0.5552969696969696,0.6176500553273389,7.473333333333333,0.3083636363636364,0.5373437906190348,0.110422258122881,0.2985577189443328,9.996728656310996,0.2953429811061699,evan mobley,Evan Mobley,CLE,PF,65.0,2074.0,0.546,9.6,0.406,0.254,0.073,0.023,0.243,0.791,0.445,0.444,0.3,0.297,Rim Protector,at the rim,at the rim,Rim-Dominant Big,"Evan Mobley profiles as a rim-dominant big. They take a large share of their shots at the rim, finish best at the rim, and their defensive profile as a Rim Protector suggests they impact the game around the basket.",Protects the basket with shot blocking and interior presence. This player is most valuable defensively near the rim.,67.0,Evan Mobley,24.0,CLE,PF,65.0,63.0,2074.0,0.0,0.0,0.0,35.0,65.0,5.9,3.7,42.0,59.0,114.0,8.0,154.0,1.0,573.0,41.0,48.0,,13.963636363636365,586.9636363636364,0.6445673156833,0.243,573.0,0.2985577189443328,65.0,0.3498193243362759,0.6570020113618955,0.2536534446764092,0.3462235649546827,0.2882144737339619,0.4056700531453101,Big,66.0,31.726307692307692,17.87878787878788,8.878787878787879,3.5454545454545454,0.7272727272727273,1.7121212121212122,1.8484848484848484,3.393939393939394,469.0,859.0,62.0,209.0,180.0,297.0,0.5459837019790454,0.2966507177033493,0.6060606060606061,5.6952380952380945,0.12716666666666668,0.5811666666666666,0.2164047619047619,0.20892857142857144,0.2767857142857143,0.15064285714285713,0.5007142857142858,CLE,https://cdn.nba.com/headshots/nba/latest/1040x760/1630596.png
1630598,Aaron Wiggins,190,20.943894736842108,8.157894736842104,3.9210526315789473,0.4736368421052631,0.5755705285234634,6.525263157894736,0.1518947368421052,0.4489447432077367,0.074907461397922,0.1489470355019396,6.2753905456700725,0.1746345500297731,aaron wiggins,Aaron Wiggins,OKC,SG,65.0,1414.0,0.431,15.1,0.239,0.19,0.052,0.015,0.504,0.617,0.402,0.393,0.5,0.356,Disruptive Defender,three-point range,at the rim,Perimeter Shooter,"Aaron Wiggins is a perimeter shooter. Their shot profile is built around three-point range, with their best efficiency coming at the rim. Defensively, they profile as a Disruptive Defender.","Creates defensive pressure with steals, blocks, and activity. This player can force mistakes and break up possessions.",187.0,Aaron Wiggins,27.0,OKC,SG,65.0,21.0,1414.0,2.0,31.0,48.0,18.0,0.0,6.1,-8.1,43.0,31.0,54.0,2.0,35.0,2.0,261.0,4.0,28.0,,7.842105263157895,268.8421052631579,-1.170315889349418,0.504,261.0,0.1489470355019396,0.0,0.1599307552098681,0.3235468319179365,0.5260960334029228,0.1577039274924471,0.1181481305942082,0.2513586208825353,Wing,71.0,21.544615384615387,8.605633802816902,2.8028169014084505,1.5352112676056338,0.8450704225352113,0.39436619718309857,1.1408450704225352,2.507042253521127,231.0,536.0,96.0,270.0,53.0,72.0,0.43097014925373134,0.35555555555555557,0.7361111111111112,8.00810810810811,0.08327027027027027,0.5821081081081081,0.18510810810810813,0.14205405405405405,0.15867567567567567,0.19502702702702704,0.2168648648648649,OKC,https://cdn.nba.com/headshots/nba/latest/1040x760/1630598.png
1630604,E.J. Liddell,43,9.428604651162791,2.9767441860465116,1.441860465116279,0.3261395348837209,0.423448625318937,-7.086046511627905,0.0651162790697674,0.3611868069650476,0.0620039271896476,0.2078553315098803,3.4741148387241156,0.0735822895984836,ej liddell,,,,,,,,,,,,,,,,,,Rim Protector,Not enough shooting data,Not enough shooting data,Balanced Player,"E.J. Liddell profiles as a balanced player. Their most common shot comes Not enough shooting data, and they make shots most consistently Not enough shooting data. On defense, they profile as a Rim Protector.",Protects the basket with shot blocking and interior presence. This player is most valuable defensively near the rim.,,,,,,,,,,,,,,,,,,,,,,0.0,,,,2.883720930232558,2.883720930232558,0.062356599452964,0.0,0.0,0.2078553315098803,0.0,0.0011786680014129,0.5500302909137564,0.0,0.0,0.1851107181056951,0.1564901117395738,Wing,39.0,13.242692307692307,3.769230769230769,1.7692307692307692,0.6153846153846154,0.15384615384615385,0.2564102564102564,0.38461538461538464,-1.205128205128205,54.0,111.0,18.0,52.0,21.0,26.0,0.4864864864864865,0.34615384615384615,0.8076923076923077,8.379999999999999,0.0901,0.5191,0.1359,0.0,0.17429999999999998,0.025,0.0,BKN,https://cdn.nba.com/headshots/nba/latest/1040x760/1630604.png
1630610,DeJon Jarreau,20,18.692,6.65,2.5,0.3953,0.4612582851166215,-13.05,0.1395,0.4991355326213125,0.1618496250944027,0.2712491271961318,5.34954592059249,0.1090728414454538,dejon jarreau,,,,,,,,,,,,,,,,,,Rim Protector,Not enough shooting data,Not enough shooting data,On-Ball Creator,"DeJon Jarreau profiles as an on-ball creator. They combine scoring volume with creation stats, meaning they likely generate offense for themselves and others. Defensively, they profile as a Rim Protector.",Protects the basket with shot blocking and interior presence. This player is most valuable defensively near the rim.,,,,,,,,,,,,,,,,,,,,,,0.0,,,,5.0,5.0,0.0813747381588395,0.0,0.0,0.2712491271961318,0.0,0.0024418871335482,0.5535245636235773,0.0,0.0,0.2571720894065001,0.1650751046999636,Wing,11.0,20.803636363636365,8.0,4.636363636363637,3.272727272727273,0.9090909090909091,0.7272727272727273,2.3636363636363638,-10.181818181818182,33.0,83.0,4.0,30.0,18.0,23.0,0.39759036144578314,0.13333333333333333,0.782608695652174,,,,,,,,,,https://cdn.nba.com/headshots/nba/latest/1040x760/1630610.png
1630611,Gui Santos,143,16.02601398601399,4.804195804195804,2.3496503496503496,0.4101888111888112,0.5247302605591451,1.609090909090909,0.1137762237762237,0.3898962053920072,0.0952532578185908,0.2076169125355233,4.883004171482428,0.1124888634103562,gui santos,Gui Santos,GSW,PF,68.0,1395.0,0.5,14.1,0.274,0.235,0.007,0.002,0.483,0.778,0.481,0.333,1.0,0.351,Rim Protector,three-point range,at the rim,Perimeter Shooter,"Gui Santos is a perimeter shooter. Their shot profile is built around three-point range, with their best efficiency coming at the rim. Defensively, they profile as a Rim Protector.",Protects the basket with shot blocking and interior presence. This player is most valuable defensively near the rim.,190.0,Gui Santos,23.0,GSW,PF,68.0,30.0,1395.0,0.0,0.0,19.0,79.0,2.0,0.8,2.0,57.0,27.0,80.0,4.0,60.0,8.0,397.0,15.0,32.0,,4.699300699300699,401.6993006993007,0.362285073760657,0.483,397.0,0.2076169125355233,2.0,0.2392339782650482,0.6051372547907083,0.5041753653444676,0.2398791540785498,0.1848397010755535,0.3650760953207769,Wing,81.0,20.306470588235292,7.716049382716049,3.2839506172839505,1.962962962962963,0.7530864197530864,0.2716049382716049,1.2592592592592593,0.43209876543209874,230.0,460.0,78.0,222.0,87.0,120.0,0.5,0.35135135135135137,0.725,-2.946341463414634,0.06517073170731708,0.6034390243902439,0.14546341463414636,0.14585365853658538,0.19429268292682927,0.16426829268292684,0.20121951219512196,GSW,https://cdn.nba.com/headshots/nba/latest/1040x760/1630611.png
1630619,Moussa Cisse,38,13.74078947368421,3.026315789473684,1.736842105263158,0.4119736842105263,0.40974396664863,-4.934210526315789,0.1128947368421052,0.3031456618259939,0.017503155878142,0.3789358478826627,4.136839013071562,0.0889599226546311,moussa cisse,Moussa Cisse,DAL,C,38.0,530.0,0.574,1.8,0.791,0.209,0.0,0.0,0.0,0.648,0.292,,,,Rim Protector,at the rim,at the rim,Interior Paint Scorer,"Moussa Cisse is mostly an interior paint scorer. Their shot diet leans toward at the rim, and they are most reliable at the rim. On defense, they profile as a Rim Protector.",Protects the basket with shot blocking and interior presence. This player is most valuable defensively near the rim.,374.0,Moussa Cisse,23.0,DAL,C,38.0,1.0,530.0,0.0,0.0,0.0,0.0,100.0,-0.9,5.7,5.0,9.0,44.0,11.0,30.0,0.0,21.0,6.0,13.0,,3.473684210526316,24.473684210526315,0.9686807543647988,0.0,21.0,0.3789358478826627,100.0,0.0140658410909068,0.7165525678693538,0.0,0.0126888217522658,0.3795823770309265,0.2239915982820204,Big,51.0,13.388461538461538,3.3333333333333335,4.235294117647059,0.17647058823529413,0.37254901960784315,0.8823529411764706,0.5882352941176471,-0.058823529411764705,66.0,115.0,0.0,0.0,38.0,81.0,0.5739130434782609,,0.4691358024691358,-5.96,0.06933333333333333,0.39609999999999995,0.10526666666666666,0.029333333333333333,0.3610333333333333,0.15276666666666666,0.4439,DAL,https://cdn.nba.com/headshots/nba/latest/1040x760/1630619.png
1630623,Tyson Etienne,31,16.950322580645164,6.354838709677419,2.4193548387096775,0.3580322580645161,0.5323996604979491,-5.025806451612904,0.1041935483870967,0.5025177458833638,0.1056138948577635,0.0450098175944844,5.011911892615413,0.108175830965904,tyson etienne,,,,,,,,,,,,,,,,,,Disruptive Defender,Not enough shooting data,Not enough shooting data,Balanced Player,"Tyson Etienne profiles as a balanced player. Their most common shot comes Not enough shooting data, and they make shots most consistently Not enough shooting data. On defense, they profile as a Disruptive Defender.","Creates defensive pressure with steals, blocks, and activity. This player can force mistakes and break up possessions.",,,,,,,,,,,,,,,,,,,,,,0.0,,,,4.838709677419355,4.838709677419355,0.0135029452783453,0.0,0.0,0.0450098175944844,0.0,0.0023456120135876,0.5410542289974212,0.0,0.0,0.0,0.1362018020547903,Wing,37.0,15.650416666666667,5.108108108108108,0.7297297297297297,1.0810810810810811,0.2972972972972973,0.0,0.43243243243243246,-2.810810810810811,58.0,145.0,43.0,108.0,30.0,36.0,0.4,0.39814814814814814,0.8333333333333334,37.525,0.141375,0.34375,0.211875,0.125,0.0,0.0,0.0,BKN,https://cdn.nba.com/headshots/nba/latest/1040x760/1630623.png
1630625,Dalano Banton,112,18.583571428571428,8.803571428571429,3.4642857142857144,0.3387857142857143,0.4314803171062286,-4.509821428571429,0.1460714285714285,0.5649009429435653,0.1424397189737359,0.140067520680552,5.827814265777246,0.1430112920749323,dalano banton,,,,,,,,,,,,,,,,,,Disruptive Defender,Not enough shooting data,Not enough shooting data,On-Ball Creator,"Dalano Banton profiles as an on-ball creator. They combine scoring volume with creation stats, meaning they likely generate offense for themselves and others. Defensively, they profile as a Disruptive Defender.","Creates defensive pressure with steals, blocks, and activity. This player can force mistakes and break up possessions.",,,,,,,,,,,,,,,,,,,,,,0.0,,,,6.928571428571429,6.928571428571429,0.0420202562041656,0.0,0.0,0.140067520680552,0.0,0.0035930624965067,0.5462938196254348,0.0,0.0,0.1080545558588846,0.1488161354908498,Wing,9.0,10.031666666666666,1.3333333333333333,0.5555555555555556,1.2222222222222223,0.2222222222222222,0.5555555555555556,0.8888888888888888,-1.0,4.0,12.0,0.0,1.0,4.0,4.0,0.3333333333333333,0.0,1.0,,,,,,,,,,https://cdn.nba.com/headshots/nba/latest/1040x760/1630625.png
1630631,Jose Alvarado,162,21.056234567901235,7.450617283950617,3.006172839506173,0.3828950617283951,0.5111655619629998,-1.195061728395062,0.1446296296296296,0.4267677358209633,0.165389001253937,0.1131977397829307,5.60863709580253,0.1363648562634406,jose alvarado,Jose Alvarado,2TM,PG,69.0,1370.0,0.416,18.1,0.131,0.156,0.06,0.013,0.639,0.695,0.471,0.37,0.333,0.352,Disruptive Defender,three-point range,at the rim,Perimeter Shooter,"Jose Alvarado is a perimeter shooter. Their shot profile is built around three-point range, with their best efficiency coming at the rim. Defensively, they profile as a Disruptive Defender.","Creates defensive pressure with steals, blocks, and activity. This player can force mistakes and break up possessions.",199.0,Jose Alvarado,27.0,2TM,PG,69.0,3.0,1370.0,100.0,0.0,0.0,0.0,0.0,1.6,2.5,52.0,17.0,45.0,5.0,16.0,17.0,541.0,3.0,26.0,,6.012345679012346,547.0123456790124,0.4089593219348792,0.639,541.0,0.1131977397829307,0.0,0.3259721694561483,0.6137128864110729,0.6670146137787056,0.3268882175226586,0.0775109792032484,0.424309201124624,Guard,74.0,19.66014492753623,6.891891891891892,2.310810810810811,3.1621621621621623,0.8918918918918919,0.10810810810810811,1.0405405405405406,0.32432432432432434,187.0,449.0,101.0,287.0,35.0,46.0,0.41648106904231624,0.3519163763066202,0.7608695652173914,-7.7682926829268295,0.07829268292682927,0.5349999999999999,0.15034146341463414,0.2770487804878049,0.13914634146341465,0.2671707317073171,0.041463414634146344,NOP,https://cdn.nba.com/headshots/nba/latest/1040x760/1630631.png
1630639,A.J. Lawson,79,11.016835443037976,4.367088607594937,1.8481012658227849,0.3536455696202532,0.4309503929558794,-9.886075949367088,0.0813924050632911,0.4750150197260189,0.0515321197114473,0.2056090272187111,4.110602737307017,0.0829273322789699,aj lawson,,,,,,,,,,,,,,,,,,Rim Protector,Not enough shooting data,Not enough shooting data,Balanced Player,"A.J. Lawson profiles as a balanced player. Their most common shot comes Not enough shooting data, and they make shots most consistently Not enough shooting data. On defense, they profile as a Rim Protector.",Protects the basket with shot blocking and interior presence. This player is most valuable defensively near the rim.,,,,,,,,,,,,,,,,,,,,,,0.0,,,,3.6962025316455698,3.6962025316455698,0.0616827081656133,0.0,0.0,0.2056090272187111,0.0,0.0016636429359926,0.5499064743841164,0.0,0.0,0.1825572857732683,0.156397804347753,Wing,35.0,9.202916666666667,2.8857142857142857,1.2285714285714286,0.2,0.34285714285714286,0.11428571428571428,0.17142857142857143,-0.2571428571428571,34.0,78.0,19.0,45.0,14.0,18.0,0.4358974358974359,0.4222222222222222,0.7777777777777778,-13.850000000000001,0.06166666666666667,0.399,0.20783333333333331,0.03416666666666667,0.2325,0.15275,0.125,TOR,https://cdn.nba.com/headshots/nba/latest/1040x760/1630639.png
1630643,Jay Huff,164,15.091829268292685,5.670731707317073,2.7804878048780486,0.4177256097560975,0.5384155308279133,-7.949390243902439,0.1236585365853658,0.4253349969792786,0.0588240068965577,0.2005838666503584,5.293965366930102,0.128246225780849,jay huff,Jay Huff,IND,C,82.0,1719.0,0.476,17.4,0.25,0.123,0.008,0.008,0.61,0.791,0.587,0.6,0.8,0.319,Rim Protector,three-point range,at the rim,Balanced Player,"Jay Huff profiles as a balanced player. Their most common shot comes three-point range, and they make shots most consistently at the rim. On defense, they profile as a Rim Protector.",Protects the basket with shot blocking and interior presence. This player is most valuable defensively near the rim.,129.0,Jay Huff,27.0,IND,C,82.0,47.0,1719.0,0.0,0.0,0.0,0.0,100.0,-6.9,1.6,32.0,20.0,125.0,17.0,47.0,3.0,298.0,16.0,20.0,,5.560975609756097,303.5609756097561,0.3001751599951075,0.61,298.0,0.2005838666503584,100.0,0.180654648336481,0.593725571447941,0.6367432150313153,0.180060422960725,0.176845055457317,0.3518952822930792,Big,82.0,20.75536585365854,9.548780487804878,3.951219512195122,1.475609756097561,0.5,1.8658536585365855,0.926829268292683,-3.073170731707317,291.0,611.0,119.0,373.0,82.0,99.0,0.4762684124386252,0.3190348525469169,0.8282828282828283,-12.76346153846154,0.0828076923076923,0.5535192307692308,0.16298076923076923,0.1294423076923077,0.2086923076923077,0.13767307692307693,0.62575,IND,https://cdn.nba.com/headshots/nba/latest/1040x760/1630643.png
1630647,Eugene Omoruyi,27,10.666666666666666,4.481481481481482,1.962962962962963,0.3713703703703704,0.4026782156705529,-22.22222222222222,0.0844444444444444,0.4877458166222019,0.0811647463395118,0.2143576680021693,4.137229983959767,0.0857357522766597,eugene omoruyi,,,,,,,,,,,,,,,,,,Rim Protector,Not enough shooting data,Not enough shooting data,Balanced Player,"Eugene Omoruyi profiles as a balanced player. Their most common shot comes Not enough shooting data, and they make shots most consistently Not enough shooting data. On defense, they profile as a Rim Protector.",Protects the basket with shot blocking and interior presence. This player is most valuable defensively near the rim.,,,,,,,,,,,,,,,,,,,,,,0.0,,,,3.925925925925926,3.925925925925926,0.0643073004006507,0.0,0.0,0.2143576680021693,0.0,0.0018007661495138,0.550388700387572,0.0,0.0,0.1925020925962311,0.1575676908163216,Wing,,,,,,,,,,,,,,,,,,,,,,,,,,,,https://cdn.nba.com/headshots/nba/latest/1040x760/1630647.png
1630649,Stanley Umude,33,7.115454545454545,2.060606060606061,0.696969696969697,0.2405151515151515,0.3445346712021795,-11.02121212121212,0.0381818181818181,0.352850953480189,0.0316555469355259,0.1873197762825374,2.5559725872335832,0.0408058886114353,stanley umude,,,,,,,,,,,,,,,,,,Disruptive Defender,Not enough shooting data,Not enough shooting data,Balanced Player,"Stanley Umude profiles as a balanced player. Their most common shot comes Not enough shooting data, and they make shots most consistently Not enough shooting data. On defense, they profile as a Disruptive Defender.","Creates defensive pressure with steals, blocks, and activity. This player can force mistakes and break up possessions.",,,,,,,,,,,,,,,,,,,,,,0.0,,,,1.393939393939394,1.393939393939394,0.0561959328847612,0.0,0.0,0.1873197762825374,0.0,0.0002894088454575,0.5488983689419745,0.0,0.0,0.1617674200102526,0.1535170977747019,Wing,5.0,3.17,0.4,0.0,0.2,0.2,0.0,0.0,-3.4,1.0,2.0,0.0,1.0,0.0,0.0,0.5,0.0,,-150.0,-0.083,0.0,0.0,0.0,0.0,0.0,0.0,SAS,https://cdn.nba.com/headshots/nba/latest/1040x760/1630649.png
1630658,Colin Castleton,42,11.31,2.642857142857143,1.238095238095238,0.3058095238095238,0.3538620937829472,-22.29047619047619,0.0707142857142857,0.3278568338478239,0.0348049156893336,0.2539342041379627,3.2113475680921084,0.0649003611368706,colin castleton,,,,,,,,,,,,,,,,,,Rim Protector,Not enough shooting data,Not enough shooting data,Balanced Player,"Colin Castleton profiles as a balanced player. Their most common shot comes Not enough shooting data, and they make shots most consistently Not enough shooting data. On defense, they profile as a Rim Protector.",Protects the basket with shot blocking and interior presence. This player is most valuable defensively near the rim.,,,,,,,,,,,,,,,,,,,,,,0.0,,,,2.4761904761904763,2.4761904761904763,0.0761802612413888,0.0,0.0,0.2539342041379627,0.0,0.0009354107326396,0.5525701632369172,0.0,0.0,0.2374897674058599,0.1622656818428711,Wing,10.0,4.1659999999999995,0.5,0.8,0.1,0.1,0.0,0.2,0.6,2.0,5.0,0.0,0.0,1.0,1.0,0.4,,1.0,,,,,,,,,,https://cdn.nba.com/headshots/nba/latest/1040x760/1630658.png
1630678,Terry Taylor,23,5.5826086956521745,1.3478260869565215,0.5217391304347826,0.308,0.332926075721829,9.78695652173913,0.0291304347826086,0.2631794482521706,0.171507325304731,0.1851972406301289,2.1447023410611323,0.0391476429962188,terry taylor,,,,,,,,,,,,,,,,,,Disruptive Defender,Not enough shooting data,Not enough shooting data,Balanced Player,"Terry Taylor profiles as a balanced player. Their most common shot comes Not enough shooting data, and they make shots most consistently Not enough shooting data. On defense, they profile as a Disruptive Defender.","Creates defensive pressure with steals, blocks, and activity. This player can force mistakes and break up possessions.",,,,,,,,,,,,,,,,,,,,,,0.0,,,,1.0434782608695652,1.0434782608695652,0.0555591721890386,0.0,0.0,0.1851972406301289,0.0,8.021658216487141e-05,0.5487813745527674,0.0,0.0,0.1593546786987149,0.1531628981409293,Wing,,,,,,,,,,,,,,,,,,,,,,,,,,,,https://cdn.nba.com/headshots/nba/latest/1040x760/1630678.png
1630679,Ethan Thompson,32,20.1978125,6.125,2.3125,0.30434375,0.4375831873684156,2.990625,0.1103125,0.3102082425388887,0.0788644224141481,0.1161919090370437,4.397228547183024,0.1130280855547755,ethan thompson,Ethan Thompson,IND,SG,32.0,653.0,0.378,17.7,0.133,0.143,0.107,0.026,0.592,0.615,0.5,0.143,0.6,0.328,Disruptive Defender,three-point range,at the rim,Balanced Player,"Ethan Thompson profiles as a balanced player. Their most common shot comes three-point range, and they make shots most consistently at the rim. On defense, they profile as a Disruptive Defender.","Creates defensive pressure with steals, blocks, and activity. This player can force mistakes and break up possessions.",353.0,Ethan Thompson,26.0,IND,SG,32.0,13.0,653.0,12.0,79.0,8.0,0.0,0.0,-0.7,8.4,16.0,6.0,46.0,1.0,18.0,7.0,135.0,4.0,13.0,,4.625,139.625,1.2948575727111131,0.592,135.0,0.1161919090370437,0.0,0.0828003228867333,0.7764822367265678,0.6179540709812108,0.0815709969788519,0.080914529030521,0.3361823515844541,Guard,40.0,19.585757575757576,5.575,1.725,1.425,0.5,0.225,0.625,0.025,74.0,196.0,38.0,116.0,37.0,47.0,0.37755102040816324,0.3275862068965517,0.7872340425531915,3.723809523809524,-0.0073333333333333375,0.3909523809523809,0.10357142857142856,0.14223809523809525,0.14042857142857143,0.16242857142857142,0.1380952380952381,IND,https://cdn.nba.com/headshots/nba/latest/1040x760/1630679.png
1630692,Jordan Goodwin,125,20.68,7.184,2.904,0.3864479999999999,0.4930741181417932,-3.5688,0.15048,0.4414681183461196,0.1024187346281484,0.2150165976416565,5.635758591117619,0.130554470475541,jordan goodwin,Jordan Goodwin,PHO,PG,70.0,1572.0,0.413,16.3,0.231,0.126,0.068,0.031,0.544,0.539,0.457,0.263,0.353,0.371,Rim Protector,three-point range,at the rim,Elite 3PT Threat,Jordan Goodwin profiles as an elite 3PT threat. They consistently take shots from three-point range and are most efficient at the rim. Their defensive profile is Rim Protector.,Protects the basket with shot blocking and interior presence. This player is most valuable defensively near the rim.,152.0,Jordan Goodwin,27.0,PHO,PG,70.0,10.0,1572.0,40.0,52.0,8.0,0.0,0.0,4.2,4.3,38.0,20.0,52.0,6.0,21.0,17.0,357.0,6.0,31.0,,5.808,362.808,0.7095049792924969,0.544,357.0,0.2150165976416565,0.0,0.2160195374954842,0.6689332476042221,0.5678496868475992,0.2157099697885196,0.1932511150028905,0.3797146884055301,Guard,74.0,22.260857142857144,8.22972972972973,4.608108108108108,2.0405405405405403,1.4324324324324325,0.1891891891891892,0.918918918918919,1.2567567567567568,229.0,555.0,112.0,302.0,39.0,56.0,0.4126126126126126,0.3708609271523179,0.6964285714285714,4.816326530612245,0.08916326530612244,0.49744897959183676,0.18128571428571427,0.21242857142857144,0.22893877551020408,0.339734693877551,0.09077551020408164,PHX,https://cdn.nba.com/headshots/nba/latest/1040x760/1630692.png
1630695,Micah Potter,98,17.861632653061225,4.755102040816326,2.316326530612245,0.4515714285714285,0.6166400737226782,-6.8999999999999995,0.1227551020408163,0.3265826232965653,0.0566734365080142,0.2301886011357005,5.155126284087695,0.1186966434863732,micah potter,Micah Potter,IND,C,47.0,908.0,0.515,16.1,0.249,0.143,0.003,0.031,0.573,0.753,0.5,1.0,0.333,0.423,Rim Protector,three-point range,at the rim,Elite 3PT Threat,Micah Potter profiles as an elite 3PT threat. They consistently take shots from three-point range and are most efficient at the rim. Their defensive profile is Rim Protector.,Protects the basket with shot blocking and interior presence. This player is most valuable defensively near the rim.,299.0,Micah Potter,27.0,IND,C,47.0,7.0,908.0,0.0,0.0,0.0,8.0,92.0,-6.4,1.8,18.0,14.0,49.0,10.0,40.0,2.0,168.0,4.0,10.0,,4.63265306122449,172.6326530612245,0.3390565803407102,0.573,168.0,0.2301886011357005,92.0,0.1025027805868917,0.6008693980933285,0.5981210855949896,0.1015105740181269,0.2104975247710081,0.3121374344762508,Big,52.0,19.110425531914895,8.807692307692308,4.480769230769231,1.3269230769230769,0.4230769230769231,0.28846153846153844,0.9038461538461539,-2.3076923076923075,151.0,293.0,71.0,168.0,85.0,101.0,0.515358361774744,0.4226190476190476,0.8415841584158416,-5.026315789473684,0.07942105263157895,0.5723157894736842,0.14389473684210527,0.12121052631578948,0.25826315789473686,0.10357894736842105,0.21052631578947367,IND,https://cdn.nba.com/headshots/nba/latest/1040x760/1630695.png
1630696,Dru Smith,84,16.59202380952381,4.595238095238095,1.9761904761904765,0.4505238095238095,0.5554781983271012,-7.182142857142857,0.1155952380952381,0.3671834143172302,0.1505850300527029,0.1522358064993443,4.826396661711002,0.0998702145642428,dru smith,Dru Smith,MIA,SG,70.0,1141.0,0.415,12.8,0.258,0.292,0.046,0.006,0.397,0.595,0.411,0.467,0.5,0.295,Disruptive Defender,three-point range,at the rim,Balanced Player,"Dru Smith profiles as a balanced player. Their most common shot comes three-point range, and they make shots most consistently at the rim. On defense, they profile as a Disruptive Defender.","Creates defensive pressure with steals, blocks, and activity. This player can force mistakes and break up possessions.",253.0,Dru Smith,28.0,MIA,SG,70.0,1.0,1141.0,72.0,27.0,1.0,0.0,0.0,-1.1,-5.1,27.0,21.0,60.0,1.0,52.0,17.0,426.0,13.0,31.0,,3.952380952380953,429.95238095238096,-0.7193292580501967,0.397,426.0,0.1522358064993443,0.0,0.2560984041469181,0.4064082676564403,0.4144050104384134,0.2574018126888217,0.1218865618618392,0.3041310175937054,Guard,79.0,16.114285714285714,5.0,2.189873417721519,2.278481012658228,1.2658227848101267,0.26582278481012656,0.6962025316455697,-1.0506329113924051,135.0,325.0,38.0,129.0,87.0,105.0,0.4153846153846154,0.29457364341085274,0.8285714285714286,-6.253846153846154,0.09169230769230768,0.585,0.14678846153846153,0.2750961538461538,0.14736538461538462,0.3924423076923077,0.15286538461538463,MIA,https://cdn.nba.com/headshots/nba/latest/1040x760/1630696.png
1630699,MarJon Beauchamp,69,7.481739130434783,2.9565217391304346,1.289855072463768,0.3499420289855072,0.4600104681369411,-6.815942028985507,0.0552173913043478,0.5762763029878835,0.0512205905683549,0.2074297280009051,3.8122941553141265,0.0545075634182157,marjon beauchamp,,,,,,,,,,,,,,,,,,Rim Protector,Not enough shooting data,Not enough shooting data,Volume Shot Creator,"MarJon Beauchamp profiles as a balanced player. Their most common shot comes Not enough shooting data, and they make shots most consistently Not enough shooting data. On defense, they profile as a Rim Protector.",Protects the basket with shot blocking and interior presence. This player is most valuable defensively near the rim.,,,,,,,,,,,,,,,,,,,,,,0.0,,,,2.579710144927536,2.579710144927536,0.0622289184002715,0.0,0.0,0.2074297280009051,0.0,0.0009972022175005,0.5500068316034168,0.0,0.0,0.1846269235615259,0.156363281144007,Wing,25.0,13.833571428571428,3.8,1.28,0.6,0.36,0.16,0.52,-1.04,33.0,76.0,16.0,47.0,13.0,19.0,0.4342105263157895,0.3404255319148936,0.6842105263157895,,,,,,,,,,https://cdn.nba.com/headshots/nba/latest/1040x760/1630699.png
1630700,Dyson Daniels,179,31.44871508379888,10.145251396648044,5.122905027932961,0.4941564245810055,0.5360258637110387,2.929608938547486,0.2368715083798882,0.3928861946218316,0.1508544570161872,0.1892615044142967,7.73993936585164,0.2259657140890235,dyson daniels,Dyson Daniels,ATL,SG,76.0,2520.0,0.517,7.3,0.409,0.382,0.057,0.001,0.151,0.711,0.434,0.568,0.0,0.188,Rim Protector,at the rim,at the rim,Interior Paint Scorer,"Dyson Daniels is mostly an interior paint scorer. Their shot diet leans toward at the rim, and they are most reliable at the rim. On defense, they profile as a Rim Protector.",Protects the basket with shot blocking and interior presence. This player is most valuable defensively near the rim.,19.0,Dyson Daniels,22.0,ATL,SG,76.0,76.0,2520.0,1.0,46.0,52.0,1.0,0.0,6.5,11.2,78.0,38.0,81.0,10.0,68.0,19.0,1094.0,21.0,42.0,"DPOY-9,DEF2",10.245810055865922,1104.2458100558658,1.736778451324289,0.151,1094.0,0.1892615044142967,0.0,0.6585880249558852,0.857677988315074,0.1576200417536534,0.6610271903323263,0.1639746327248918,0.5839978956298923,Wing,79.0,32.965,11.405063291139241,6.582278481012659,5.6835443037974684,1.8860759493670887,0.3924050632911392,1.7088607594936709,3.8734177215189876,402.0,777.0,22.0,117.0,75.0,122.0,0.5173745173745173,0.18803418803418803,0.6147540983606558,1.9294117647058822,0.09498039215686276,0.5164705882352941,0.15780392156862746,0.2775686274509804,0.2247450980392157,0.27458823529411763,0.13158823529411764,ATL,https://cdn.nba.com/headshots/nba/latest/1040x760/1630700.png
1630702,Jaden Hardy,159,14.689937106918238,7.044025157232705,3.037735849056604,0.3800125786163522,0.5057768940164816,-7.242767295597485,0.1060377358490566,0.6454374258272808,0.0843736926058192,0.1097380672140104,5.461979118609667,0.1230054370673441,jaden hardy,Jaden Hardy,2TM,SG,57.0,898.0,0.424,18.4,0.107,0.145,0.1,0.037,0.611,0.587,0.419,0.488,0.25,0.397,Disruptive Defender,three-point range,at the rim,Elite 3PT Threat,Jaden Hardy profiles as an elite 3PT threat. They consistently take shots from three-point range and are most efficient at the rim. Their defensive profile is Disruptive Defender.,"Creates defensive pressure with steals, blocks, and activity. This player can force mistakes and break up possessions.",304.0,Jaden Hardy,23.0,2TM,SG,57.0,4.0,898.0,27.0,60.0,13.0,0.0,0.0,-4.8,4.5,31.0,24.0,40.0,3.0,33.0,7.0,134.0,6.0,19.0,,6.0754716981132075,140.0754716981132,0.707921420164203,0.611,134.0,0.1097380672140104,0.0,0.0830692120307367,0.6686422944498699,0.6377870563674322,0.0809667673716012,0.0735782796879511,0.3115108215858322,Guard,80.0,15.57298245614035,6.5375,1.075,0.725,0.2,0.075,0.775,-1.05,182.0,429.0,104.0,262.0,55.0,75.0,0.42424242424242425,0.3969465648854962,0.7333333333333333,4.197058823529411,0.05826470588235294,0.4938823529411765,0.21655882352941175,0.11935294117647058,0.12755882352941175,0.10811764705882354,0.04411764705882353,DAL,https://cdn.nba.com/headshots/nba/latest/1040x760/1630702.png
1630703,Scoot Henderson,136,26.754191176470588,11.455882352941176,4.6911764705882355,0.4112941176470588,0.5259108421429821,-4.747058823529412,0.1999264705882353,0.5896928005480293,0.1839019013403644,0.1125535640851847,7.397926951054417,0.1949563607261054,scoot henderson,Scoot Henderson,POR,PG,30.0,748.0,0.418,15.8,0.205,0.184,0.073,0.064,0.474,0.614,0.286,0.52,0.545,0.352,Disruptive Defender,three-point range,at the rim,Perimeter Shooter,"Scoot Henderson is a perimeter shooter. Their shot profile is built around three-point range, with their best efficiency coming at the rim. Defensively, they profile as a Disruptive Defender.","Creates defensive pressure with steals, blocks, and activity. This player can force mistakes and break up possessions.",334.0,Scoot Henderson,21.0,POR,PG,30.0,10.0,748.0,100.0,0.0,0.0,0.0,0.0,2.9,4.0,46.0,18.0,33.0,5.0,33.0,9.0,279.0,5.0,18.0,,9.382352941176473,288.38235294117646,0.6337660692255555,0.474,279.0,0.1125535640851847,0.0,0.171594441283297,0.6550174585456053,0.4947807933194154,0.1685800604229607,0.0767787279847227,0.3311451389884008,Guard,56.0,24.743333333333332,7.625,1.4285714285714286,2.0,0.48214285714285715,0.16071428571428573,1.3035714285714286,0.9464285714285714,143.0,342.0,57.0,162.0,84.0,100.0,0.41812865497076024,0.35185185185185186,0.84,43.3,0.096,0.506,0.308,0.529,0.2,0.5,0.0,POR,https://cdn.nba.com/headshots/nba/latest/1040x760/1630703.png
1630811,Keaton Wallace,83,12.047710843373494,3.963855421686747,1.5662650602409638,0.3541686746987952,0.4589241133068452,-17.533734939759036,0.0763855421686747,0.4420952403945101,0.1585446197956311,0.1045967662830938,3.954938724324014,0.074622873803372,keaton wallace,Keaton Wallace,ATL,PG,53.0,536.0,0.398,19.8,0.041,0.123,0.175,0.064,0.596,0.571,0.429,0.5,0.182,0.373,Disruptive Defender,three-point range,mid-range,Elite 3PT Threat,Keaton Wallace profiles as an elite 3PT threat. They consistently take shots from three-point range and are most efficient mid-range. Their defensive profile is Disruptive Defender.,"Creates defensive pressure with steals, blocks, and activity. This player can force mistakes and break up possessions.",373.0,Keaton Wallace,26.0,ATL,PG,53.0,3.0,536.0,96.0,4.0,0.0,0.0,0.0,-7.6,-11.6,16.0,10.0,27.0,1.0,8.0,1.0,233.0,1.0,4.0,,3.1325301204819276,236.13253012048193,-1.708620970115072,0.596,233.0,0.1045967662830938,0.0,0.1404062219313782,0.2246420556741835,0.6221294363256785,0.1407854984894259,0.0677340296104581,0.2264943709499373,Guard,80.0,9.939622641509434,2.325,0.7,1.175,0.3,0.0625,0.35,-1.2625,68.0,171.0,38.0,102.0,12.0,18.0,0.39766081871345027,0.37254901960784315,0.6666666666666666,-19.1275,0.070925,0.45265000000000005,0.164875,0.293225,0.120425,0.1743,0.06665,ATL,https://cdn.nba.com/headshots/nba/latest/1040x760/1630811.png
1631093,Jaden Ivey,116,26.144655172413795,11.827586206896552,5.163793103448276,0.4376379310344827,0.5554840853298986,-4.761206896551724,0.1999999999999999,0.5798945451318983,0.1241850534733682,0.1268047446974752,7.633568932460388,0.215994413376459,jaden ivey,Jaden Ivey,2TM,SG,37.0,670.0,0.445,17.6,0.145,0.191,0.09,0.051,0.523,0.541,0.51,0.478,0.615,0.373,Disruptive Defender,three-point range,at the rim,Elite 3PT Threat,Jaden Ivey profiles as an elite 3PT threat. They consistently take shots from three-point range and are most efficient at the rim. Their defensive profile is Disruptive Defender.,"Creates defensive pressure with steals, blocks, and activity. This player can force mistakes and break up possessions.",350.0,Jaden Ivey,23.0,2TM,SG,37.0,5.0,670.0,31.0,62.0,8.0,0.0,0.0,1.8,-4.6,20.0,16.0,35.0,2.0,22.0,4.0,161.0,5.0,19.0,,10.327586206896552,171.32758620689654,-0.6519585765907574,0.523,161.0,0.1268047446974752,0.0,0.1017237786855575,0.4187865312345167,0.5459290187891441,0.0972809667673716,0.0929784145070399,0.2463014352286649,Guard,38.0,17.9172972972973,8.31578947368421,2.3947368421052633,1.7894736842105263,0.6052631578947368,0.3684210526315789,1.0789473684210527,0.6842105263157895,114.0,256.0,50.0,134.0,38.0,47.0,0.4453125,0.373134328358209,0.8085106382978723,3.814705882352942,0.089,0.5786470588235294,0.19776470588235295,0.17279411764705882,0.148,0.13147058823529412,0.11861764705882354,CHI,https://cdn.nba.com/headshots/nba/latest/1040x760/1631093.png
1631094,Paolo Banchero,165,34.62656565656565,17.64242424242424,8.012121212121212,0.4550308802308802,0.5566808349819025,0.1484848484848486,0.3476363636363636,0.6967943949216197,0.1524429741564916,0.2221867431109495,11.082419173576824,0.3246379917643868,paolo banchero,Paolo Banchero,ORL,PF,72.0,2502.0,0.459,11.1,0.289,0.261,0.151,0.06,0.239,0.7,0.409,0.351,0.406,0.305,Rim Protector,at the rim,at the rim,On-Ball Creator,"Paolo Banchero profiles as an on-ball creator. They combine scoring volume with creation stats, meaning they likely generate offense for themselves and others. Defensively, they profile as a Rim Protector.",Protects the basket with shot blocking and interior presence. This player is most valuable defensively near the rim.,20.0,Paolo Banchero,23.0,ORL,PF,72.0,72.0,2502.0,0.0,0.0,0.0,95.0,5.0,0.1,-1.2,94.0,96.0,78.0,17.0,300.0,2.0,907.0,57.0,88.0,,16.024242424242424,923.0242424242424,-0.1133439770667151,0.239,907.0,0.2221867431109495,5.0,0.5504158303440577,0.5177481765003827,0.2494780793319415,0.5480362537764351,0.2014016052732747,0.4619688740674809,Wing,72.0,34.56402777777778,22.208333333333332,8.38888888888889,5.180555555555555,0.7083333333333334,0.5555555555555556,3.0833333333333335,-0.041666666666666664,529.0,1152.0,84.0,275.0,457.0,590.0,0.4592013888888889,0.3054545454545455,0.7745762711864407,-2.8275,0.13827499999999998,0.5621,0.26705,0.2468,0.280675,0.11699999999999999,0.15137499999999998,ORL,https://cdn.nba.com/headshots/nba/latest/1040x760/1631094.png
1631095,Jabari Smith Jr.,181,32.680497237569064,11.458563535911605,5.066298342541437,0.4433646408839778,0.5642318119973689,3.6397790055248618,0.230939226519337,0.4207248867702342,0.0467246545326041,0.2176102275434275,7.771438027212133,0.2228530770116448,jabari smith jr,Jabari Smith Jr.,HOU,PF,77.0,2705.0,0.45,16.8,0.137,0.147,0.155,0.061,0.501,0.744,0.524,0.424,0.39,0.363,Rim Protector,three-point range,at the rim,Perimeter Shooter,"Jabari Smith Jr. is a perimeter shooter. Their shot profile is built around three-point range, with their best efficiency coming at the rim. Defensively, they profile as a Rim Protector.",Protects the basket with shot blocking and interior presence. This player is most valuable defensively near the rim.,5.0,Jabari Smith Jr.,22.0,HOU,PF,77.0,77.0,2705.0,0.0,0.0,8.0,83.0,10.0,4.8,-1.3,39.0,40.0,94.0,14.0,89.0,8.0,352.0,15.0,53.0,,10.132596685082872,362.1325966850829,-0.1297169317369717,0.501,352.0,0.2176102275434275,10.0,0.2156163853774581,0.514739913201423,0.5229645093945721,0.2126888217522658,0.19619936136273,0.3342650271720244,Wing,80.0,34.94571428571429,15.1875,6.6125,1.7875,0.7,0.8875,1.3125,3.3125,438.0,974.0,177.0,488.0,162.0,209.0,0.44969199178644764,0.36270491803278687,0.7751196172248804,5.824489795918367,0.09173469387755102,0.5662448979591836,0.17573469387755103,0.10822448979591837,0.19957142857142857,0.1396938775510204,0.22410204081632654,HOU,https://cdn.nba.com/headshots/nba/latest/1040x760/1631095.png
1631096,Chet Holmgren,152,28.41638157894737,11.19078947368421,5.947368421052632,0.5149407894736843,0.6175973553009797,14.63421052631579,0.2772368421052631,0.5141966447546932,0.0681637612412394,0.3009036622986052,9.121316934359694,0.2546241849405675,chet holmgren,Chet Holmgren,OKC,PF,69.0,1997.0,0.557,11.6,0.344,0.208,0.095,0.041,0.312,0.81,0.475,0.486,0.5,0.362,Rim Protector,at the rim,at the rim,High-Impact Balanced Player,"Chet Holmgren profiles as a balanced player. Their most common shot comes at the rim, and they make shots most consistently at the rim. On defense, they profile as a Rim Protector.",Protects the basket with shot blocking and interior presence. This player is most valuable defensively near the rim.,79.0,Chet Holmgren,23.0,OKC,PF,69.0,69.0,1997.0,0.0,0.0,1.0,37.0,62.0,16.7,10.9,25.0,48.0,94.0,22.0,126.0,13.0,272.0,22.0,52.0,"DPOY-2,AS,NBA3,DEF1",11.894736842105264,283.89473684210526,1.7252710986895816,0.312,272.0,0.3009036622986052,62.0,0.1689157574579884,0.8555637000087573,0.325678496868476,0.1643504531722054,0.2908811683729697,0.3758321646701736,Big,70.0,28.758840579710142,16.87142857142857,8.785714285714286,1.6428571428571428,0.6142857142857143,1.8714285714285714,1.5285714285714285,9.685714285714285,434.0,779.0,88.0,243.0,225.0,284.0,0.5571245186136072,0.36213991769547327,0.7922535211267606,14.786666666666665,0.15335555555555555,0.6471555555555556,0.22017777777777778,0.10693333333333334,0.32353333333333334,0.0952888888888889,0.4959111111111111,OKC,https://cdn.nba.com/headshots/nba/latest/1040x760/1631096.png
1631097,Bennedict Mathurin,154,29.20266233766234,12.07792207792208,5.376623376623376,0.4336818181818182,0.5607547107787703,-2.574675324675325,0.2278571428571428,0.5557839732846827,0.0725848406699316,0.1720448640588474,8.093507403581,0.2264736689584886,bennedict mathurin,Bennedict Mathurin,2TM,SF,54.0,1620.0,0.43,14.2,0.213,0.21,0.112,0.114,0.352,0.681,0.387,0.434,0.39,0.315,Disruptive Defender,three-point range,at the rim,Three-Level Scorer,"Bennedict Mathurin profiles as a three-level scorer. They have a balanced shot diet that includes rim attempts, mid-range looks, and threes. Their most common shot comes three-point range, while their most reliable area is at the rim. Defensively, they profile as a Disruptive Defender.","Creates defensive pressure with steals, blocks, and activity. This player can force mistakes and break up possessions.",144.0,Bennedict Mathurin,23.0,2TM,SF,54.0,25.0,1620.0,2.0,35.0,51.0,12.0,1.0,-3.8,-0.2,52.0,42.0,68.0,15.0,145.0,9.0,318.0,32.0,32.0,,10.753246753246753,328.75324675324674,0.0216134592176542,0.352,318.0,0.1720448640588474,1.0,0.1956920596802954,0.5425444036122479,0.3674321503131524,0.1921450151057401,0.1444040312208155,0.3026826519548086,Wing,55.0,29.814814814814813,17.254545454545454,5.327272727272727,2.3454545454545452,0.7818181818181819,0.23636363636363636,2.1454545454545455,-2.6545454545454548,291.0,677.0,75.0,238.0,292.0,336.0,0.4298375184638109,0.31512605042016806,0.8690476190476191,-12.89642857142857,0.09039285714285715,0.5720714285714286,0.22860714285714284,0.15289285714285714,0.2084642857142857,0.10760714285714287,0.04017857142857143,IND,https://cdn.nba.com/headshots/nba/latest/1040x760/1631097.png
1631098,Johnny Davis,69,10.104347826086958,2.768115942028986,1.0869565217391304,0.3385797101449275,0.3945177883424566,-1.2333333333333332,0.0498550724637681,0.3582657456052328,0.0436202062659074,0.1254431505644922,3.0283457258030526,0.0582157366495975,johnny davis,,,,,,,,,,,,,,,,,,Disruptive Defender,Not enough shooting data,Not enough shooting data,Balanced Player,"Johnny Davis profiles as a balanced player. Their most common shot comes Not enough shooting data, and they make shots most consistently Not enough shooting data. On defense, they profile as a Disruptive Defender.","Creates defensive pressure with steals, blocks, and activity. This player can force mistakes and break up possessions.",,,,,,,,,,,,,,,,,,,,,,0.0,,,,2.1739130434782608,2.1739130434782608,0.0376329451693476,0.0,0.0,0.1254431505644922,0.0,0.0007549795968458,0.5454877228009477,0.0,0.0,0.0914306551511639,0.1458169880540916,Wing,,,,,,,,,,,,,,,,,,,,,,,,,,,,https://cdn.nba.com/headshots/nba/latest/1040x760/1631098.png
1631099,Keegan Murray,149,34.03308724832215,11.74496644295302,5.23489932885906,0.426503355704698,0.5308458889452229,-0.4919463087248322,0.2232214765100671,0.3877790148355831,0.0458035960457219,0.1773727373729683,7.548632609258512,0.2306862300957068,keegan murray,Keegan Murray,SAC,PF,23.0,793.0,0.42,15.9,0.083,0.24,0.223,0.08,0.373,0.72,0.583,0.403,0.333,0.277,Disruptive Defender,three-point range,at the rim,Mid-Range Shot Creator,"Keegan Murray profiles as a mid-range shot creator. They regularly look for shots from three-point range, while making shots most consistently at the rim. On the defensive side, they profile as a Disruptive Defender.","Creates defensive pressure with steals, blocks, and activity. This player can force mistakes and break up possessions.",328.0,Keegan Murray,25.0,SAC,PF,23.0,22.0,793.0,0.0,0.0,24.0,76.0,0.0,-9.9,0.3,11.0,12.0,28.0,0.0,24.0,2.0,91.0,3.0,15.0,,10.46979865771812,101.46979865771812,0.0982118212118905,0.373,91.0,0.1773727373729683,0.0,0.0600252640513491,0.5566181029407073,0.3893528183716075,0.0549848942598187,0.1504603629639515,0.2421120798338346,Wing,38.0,34.254347826086956,8.447368421052632,3.473684210526316,1.0,0.631578947368421,0.9473684210526315,0.7105263157894737,-4.315789473684211,126.0,300.0,31.0,112.0,38.0,49.0,0.42,0.2767857142857143,0.7755102040816326,-12.015789473684212,0.07768421052631579,0.47884210526315796,0.18289473684210528,0.08721052631578947,0.199,0.16373684210526318,0.35568421052631577,SAC,https://cdn.nba.com/headshots/nba/latest/1040x760/1631099.png
1631101,Shaedon Sharpe,128,30.0375,15.9609375,7.171875,0.44175,0.5413203414044199,-4.909375,0.250859375,0.6617437150404832,0.0880614148524595,0.146072823724488,9.220495329294224,0.2920732230176852,shaedon sharpe,Shaedon Sharpe,POR,SG,50.0,1471.0,0.452,14.1,0.244,0.184,0.106,0.113,0.353,0.726,0.419,0.37,0.347,0.337,Disruptive Defender,three-point range,at the rim,Three-Level Scorer,"Shaedon Sharpe profiles as a three-level scorer. They have a balanced shot diet that includes rim attempts, mid-range looks, and threes. Their most common shot comes three-point range, while their most reliable area is at the rim. Defensively, they profile as a Disruptive Defender.","Creates defensive pressure with steals, blocks, and activity. This player can force mistakes and break up possessions.",171.0,Shaedon Sharpe,22.0,POR,SG,50.0,42.0,1471.0,41.0,53.0,6.0,0.0,0.0,-2.2,-2.8,67.0,65.0,34.0,7.0,100.0,9.0,342.0,32.0,57.0,,14.34375,356.34375,-0.3761781528826536,0.353,342.0,0.146072823724488,0.0,0.2121609895414078,0.4694566847847332,0.3684759916492693,0.2066465256797583,0.1148809395410464,0.2896527122822173,Guard,75.0,29.2238,13.893333333333333,2.8933333333333335,1.76,0.9333333333333333,0.08,1.96,-0.6666666666666666,392.0,868.0,103.0,306.0,155.0,197.0,0.45161290322580644,0.3366013071895425,0.7868020304568528,-2.00625,0.10752083333333334,0.5467291666666666,0.2895625,0.173625,0.15220833333333333,0.27860416666666665,0.040625,POR,https://cdn.nba.com/headshots/nba/latest/1040x760/1631101.png
1631102,TyTy Washington Jr.,41,5.997317073170732,1.975609756097561,0.6829268292682927,0.1699024390243902,0.2006843953797735,-12.190243902439024,0.033170731707317,0.3341823144547859,0.1368649338963252,0.0639577511186511,2.007003180902551,0.0361683004275247,tyty washington jr,,,,,,,,,,,,,,,,,,Disruptive Defender,Not enough shooting data,Not enough shooting data,Balanced Player,"TyTy Washington Jr. profiles as a balanced player. Their most common shot comes Not enough shooting data, and they make shots most consistently Not enough shooting data. On defense, they profile as a Disruptive Defender.","Creates defensive pressure with steals, blocks, and activity. This player can force mistakes and break up possessions.",,,,,,,,,,,,,,,,,,,,,,0.0,,,,1.3658536585365857,1.3658536585365857,0.0191873253355953,0.0,0.0,0.0639577511186511,0.0,0.000272644308678,0.542098641093341,0.0,0.0,0.0215386073398357,0.13778757873079,Wing,31.0,5.305,0.6774193548387096,0.1935483870967742,0.5483870967741935,0.1935483870967742,0.0967741935483871,0.0967741935483871,-1.2580645161290323,9.0,19.0,3.0,8.0,0.0,0.0,0.47368421052631576,0.375,,-9.866666666666667,0.10666666666666667,0.4723333333333333,0.16633333333333333,0.512,0.05566666666666667,0.22233333333333336,0.3333333333333333,LAC,https://cdn.nba.com/headshots/nba/latest/1040x760/1631102.png
1631103,Malaki Branham,117,13.098205128205128,5.444444444444445,2.4017094017094016,0.3905811965811966,0.4963163942996788,-5.539316239316239,0.0868376068376068,0.4920979608168515,0.0792609368257191,0.1303084417854544,4.616307497695132,0.1068148745633424,malaki branham,,,,,,,,,,,,,,,,,,Disruptive Defender,Not enough shooting data,Not enough shooting data,Balanced Player,"Malaki Branham profiles as a balanced player. Their most common shot comes Not enough shooting data, and they make shots most consistently Not enough shooting data. On defense, they profile as a Disruptive Defender.","Creates defensive pressure with steals, blocks, and activity. This player can force mistakes and break up possessions.",,,,,,,,,,,,,,,,,,,,,,0.0,,,,4.803418803418803,4.803418803418803,0.0390925325356363,0.0,0.0,0.1303084417854544,0.0,0.0023245466881944,0.5457558981666077,0.0,0.0,0.0969611578346677,0.1470649090003965,Wing,40.0,9.660714285714286,3.2,1.1,0.575,0.25,0.075,0.375,-1.05,43.0,91.0,14.0,37.0,28.0,34.0,0.4725274725274725,0.3783783783783784,0.8235294117647058,-17.228571428571428,0.10557142857142857,0.5135357142857143,0.16914285714285712,0.16521428571428573,0.2024642857142857,0.13092857142857142,0.04975,WAS,https://cdn.nba.com/headshots/nba/latest/1040x760/1631103.png
1631104,Blake Wesley,137,12.885474452554744,3.613138686131387,1.6642335766423355,0.4074525547445255,0.472590085493083,-8.417518248175183,0.0770072992700729,0.4493049604190008,0.1826439899273983,0.1042610704416007,4.053971418193163,0.0786507265956424,blake wesley,,,,,,,,,,,,,,,,,,Disruptive Defender,Not enough shooting data,Not enough shooting data,On-Ball Creator,"Blake Wesley profiles as an on-ball creator. They combine scoring volume with creation stats, meaning they likely generate offense for themselves and others. Defensively, they profile as a Disruptive Defender.","Creates defensive pressure with steals, blocks, and activity. This player can force mistakes and break up possessions.",,,,,,,,,,,,,,,,,,,,,,0.0,,,,3.3284671532846715,3.3284671532846715,0.0312783211324802,0.0,0.0,0.1042610704416007,0.0,0.0014441395764666,0.5443201643086786,0.0,0.0,0.0673524354431409,0.1433929404520704,Wing,50.0,11.422903225806452,2.96,0.78,1.24,0.32,0.1,0.62,-1.56,56.0,124.0,10.0,36.0,26.0,47.0,0.45161290322580644,0.2777777777777778,0.5531914893617021,-3.066666666666667,0.082,0.5271111111111111,0.17133333333333334,0.37444444444444447,0.12811111111111112,0.4055555555555556,0.1111111111111111,POR,https://cdn.nba.com/headshots/nba/latest/1040x760/1631104.png
1631105,Jalen Duren,192,27.196197916666662,9.15625,6.0,0.6583020833333334,0.6839053329525252,2.2963541666666667,0.2793229166666667,0.4744754834156375,0.0896123370015334,0.3914538475192901,9.29051071568885,0.2618404582226006,jalen duren,Jalen Duren,DET,C,70.0,1976.0,0.65,3.7,0.522,0.426,0.031,0.021,0.0,0.749,0.57,0.16,0.529,,Rim Protector,at the rim,at the rim,Rim-Dominant Big,"Jalen Duren profiles as a rim-dominant big. They take a large share of their shots at the rim, finish best at the rim, and their defensive profile as a Rim Protector suggests they impact the game around the basket.",Protects the basket with shot blocking and interior presence. This player is most valuable defensively near the rim.,84.0,Jalen Duren,22.0,DET,C,70.0,70.0,1976.0,0.0,0.0,0.0,0.0,100.0,11.2,6.0,47.0,44.0,115.0,25.0,217.0,1.0,318.0,55.0,82.0,"DPOY-11,AS,NBA3",12.0,330.0,1.017436154255787,0.0,318.0,0.3914538475192901,100.0,0.1964362538543292,0.7255105771640723,0.0,0.1921450151057401,0.3938119117983799,0.3185478385231617,Big,74.0,28.027285714285714,18.445945945945947,9.95945945945946,1.864864864864865,0.7702702702702703,0.7972972972972973,1.7567567567567568,6.486486486486487,522.0,803.0,0.0,0.0,321.0,430.0,0.6500622665006227,,0.7465116279069768,9.676744186046513,0.16727906976744186,0.6600697674418604,0.224,0.10253488372093023,0.38176744186046513,0.15853488372093025,0.2824186046511628,DET,https://cdn.nba.com/headshots/nba/latest/1040x760/1631105.png
1631106,Tari Eason,118,25.158050847457627,9.779661016949152,4.415254237288136,0.4469745762711865,0.5328541791008126,5.246610169491525,0.1991525423728813,0.4671842848529801,0.059069380216061,0.2519969816464497,7.065558225652465,0.1920390597330948,tari eason,Tari Eason,HOU,PF,60.0,1549.0,0.416,14.3,0.234,0.193,0.084,0.04,0.448,0.654,0.384,0.245,0.174,0.358,Rim Protector,three-point range,at the rim,Perimeter Shooter,"Tari Eason is a perimeter shooter. Their shot profile is built around three-point range, with their best efficiency coming at the rim. Defensively, they profile as a Rim Protector.",Protects the basket with shot blocking and interior presence. This player is most valuable defensively near the rim.,156.0,Tari Eason,24.0,HOU,PF,60.0,34.0,1549.0,0.0,1.0,58.0,39.0,2.0,7.0,3.0,38.0,20.0,68.0,10.0,33.0,2.0,216.0,11.0,43.0,,8.830508474576272,224.83050847457628,0.5255990944939348,0.448,216.0,0.2519969816464497,2.0,0.1336599802948796,0.635143541662677,0.4676409185803758,0.1305135951661631,0.2352876763693161,0.3189761424742254,Wing,65.0,25.6115,9.646153846153846,5.7846153846153845,1.3846153846153846,1.1076923076923078,0.4307692307692308,1.2461538461538462,2.5692307692307694,241.0,580.0,93.0,260.0,52.0,67.0,0.41551724137931034,0.3576923076923077,0.7761194029850746,4.6571428571428575,0.10060714285714287,0.5988214285714285,0.19057142857142859,0.12082142857142857,0.24767857142857144,0.24460714285714286,0.21364285714285716,HOU,https://cdn.nba.com/headshots/nba/latest/1040x760/1631106.png
1631107,Nikola Jovic,133,20.610751879699247,7.165413533834586,3.037593984962406,0.393015037593985,0.5185659822705334,-1.1849624060150377,0.1454887218045112,0.4652965816255935,0.1112578192182796,0.1808056621797975,5.731779831867298,0.1353745874303992,nikola jovic,Nikola JoviÄ,MIA,PF,47.0,808.0,0.366,15.7,0.191,0.232,0.025,0.019,0.532,0.633,0.411,0.25,0.0,0.269,Disruptive Defender,three-point range,at the rim,Balanced Player,"Nikola Jovic profiles as a balanced player. Their most common shot comes three-point range, and they make shots most consistently at the rim. On defense, they profile as a Disruptive Defender.","Creates defensive pressure with steals, blocks, and activity. This player can force mistakes and break up possessions.",326.0,Nikola JoviÄ,22.0,MIA,PF,47.0,1.0,808.0,0.0,0.0,0.0,61.0,38.0,0.6,-2.4,31.0,21.0,34.0,5.0,42.0,3.0,241.0,10.0,14.0,,6.075187969924812,247.0751879699248,-0.3057583013460607,0.532,241.0,0.1808056621797975,38.0,0.14693795725367,0.4823951836178459,0.5553235908141962,0.145619335347432,0.1543626576045342,0.2926707167232555,Wing,70.0,16.987446808510636,4.914285714285715,2.1857142857142855,1.457142857142857,0.37142857142857144,0.24285714285714285,0.9285714285714286,-0.04285714285714286,115.0,314.0,45.0,167.0,69.0,101.0,0.3662420382165605,0.2694610778443114,0.6831683168316832,-9.104878048780488,0.04919512195121951,0.43017073170731707,0.20141463414634148,0.2054878048780488,0.1943658536585366,0.11380487804878049,0.2008048780487805,MIA,https://cdn.nba.com/headshots/nba/latest/1040x760/1631107.png
1631108,Max Christie,198,24.50414141414141,7.313131313131313,3.196969696969697,0.4498686868686868,0.6023996700621082,-5.8656565656565665,0.1397474747474747,0.3799650891706767,0.0684706250571922,0.1203730485863962,5.782280703679193,0.1506096715654773,max christie,Max Christie,DAL,SG,77.0,2244.0,0.441,18.0,0.137,0.141,0.062,0.046,0.615,0.717,0.373,0.422,0.364,0.404,Disruptive Defender,three-point range,at the rim,Elite 3PT Threat,Max Christie profiles as an elite 3PT threat. They consistently take shots from three-point range and are most efficient at the rim. Their defensive profile is Disruptive Defender.,"Creates defensive pressure with steals, blocks, and activity. This player can force mistakes and break up possessions.",48.0,Max Christie,22.0,DAL,SG,77.0,68.0,2244.0,26.0,68.0,5.0,1.0,0.0,-6.9,-2.5,43.0,35.0,67.0,6.0,55.0,13.0,358.0,9.0,41.0,,6.393939393939394,364.3939393939394,-0.3388880854240811,0.615,358.0,0.1203730485863962,0.0,0.2169661938289759,0.4763081262997543,0.6419624217118998,0.2163141993957704,0.085667338769467,0.3323560261798377,Guard,77.0,28.94961038961039,12.272727272727273,3.2337662337662336,1.9610389610389611,0.6103896103896104,0.35064935064935066,1.2467532467532467,-4.402597402597403,320.0,725.0,180.0,446.0,125.0,139.0,0.4413793103448276,0.40358744394618834,0.8992805755395683,-5.072340425531915,0.08682978723404257,0.6332553191489362,0.1601276595744681,0.14570212765957447,0.12234042553191489,0.12923404255319149,0.07006382978723405,DAL,https://cdn.nba.com/headshots/nba/latest/1040x760/1631108.png
1631109,Mark Williams,102,24.651862745098036,8.46078431372549,5.294117647058823,0.616970588235294,0.6565274342676409,-9.318627450980392,0.2412745098039215,0.4559296950667176,0.0611038593598833,0.3606813944696266,8.35350051646577,0.2332298039443027,mark williams,Mark Williams,PHO,C,60.0,1416.0,0.644,3.3,0.626,0.317,0.05,0.005,0.002,0.73,0.496,0.545,0.0,1.0,Rim Protector,at the rim,at the rim,Rim-Dominant Big,"Mark Williams profiles as a rim-dominant big. They take a large share of their shots at the rim, finish best at the rim, and their defensive profile as a Rim Protector suggests they impact the game around the basket.",Protects the basket with shot blocking and interior presence. This player is most valuable defensively near the rim.,186.0,Mark Williams,24.0,PHO,C,60.0,55.0,1416.0,0.0,0.0,0.0,0.0,100.0,-0.9,-4.0,17.0,18.0,75.0,23.0,92.0,2.0,144.0,28.0,26.0,,10.588235294117649,154.58823529411765,-0.4917955816591119,0.002,144.0,0.3606813944696266,100.0,0.0917319639789683,0.4482138685238333,0.0020876826722338,0.0870090634441087,0.35883206651473,0.1936435181192646,Big,62.0,23.407333333333334,11.290322580645162,7.693548387096774,0.9354838709677419,0.8870967741935484,0.8870967741935484,1.0483870967741935,-0.6774193548387096,282.0,438.0,1.0,1.0,135.0,175.0,0.6438356164383562,1.0,0.7714285714285715,0.5297872340425533,0.1412553191489362,0.6747234042553192,0.1647659574468085,0.08238297872340425,0.37887234042553186,0.19295744680851065,0.4503404255319149,PHX,https://cdn.nba.com/headshots/nba/latest/1040x760/1631109.png
1631110,Jeremy Sochan,139,21.781726618705036,7.575539568345324,3.6906474820143886,0.4553309352517985,0.5125986542050196,-1.7935251798561154,0.1661870503597122,0.4198660006358627,0.0845448375704277,0.2509778319828537,6.162060337987504,0.1648273377625395,jeremy sochan,Jeremy Sochan,2TM,PF,44.0,469.0,0.496,10.7,0.426,0.186,0.023,0.016,0.349,0.745,0.458,0.333,0.0,0.244,Rim Protector,at the rim,at the rim,Rim-Dominant Big,"Jeremy Sochan profiles as a rim-dominant big. They take a large share of their shots at the rim, finish best at the rim, and their defensive profile as a Rim Protector suggests they impact the game around the basket.",Protects the basket with shot blocking and interior presence. This player is most valuable defensively near the rim.,390.0,Jeremy Sochan,22.0,2TM,PF,44.0,0.0,469.0,0.0,0.0,2.0,59.0,39.0,-3.0,-11.9,8.0,7.0,25.0,4.0,10.0,2.0,101.0,2.0,9.0,,7.381294964028777,108.38129496402878,-1.7097066504051437,0.349,101.0,0.2509778319828537,39.0,0.064150775894536,0.2244425796335542,0.3643006263048016,0.0610271903323262,0.2341291825210701,0.1659316864972628,Wing,69.0,10.203111111111111,2.289855072463768,1.5507246376811594,0.5797101449275363,0.2463768115942029,0.10144927536231885,0.30434782608695654,-0.8405797101449275,64.0,129.0,11.0,45.0,19.0,26.0,0.49612403100775193,0.24444444444444444,0.7307692307692307,-12.711111111111112,0.030555555555555555,0.46344444444444444,0.1315925925925926,0.14855555555555555,0.2637037037037037,0.12162962962962963,0.07407407407407407,SAS,https://cdn.nba.com/headshots/nba/latest/1040x760/1631110.png
1631111,Wendell Moore Jr.,59,9.78949152542373,2.4237288135593222,1.1355932203389831,0.3426949152542373,0.3886395860418304,-6.266101694915253,0.0554237288135593,0.2778595406662471,0.0885528537005089,0.1519214982514294,2.95045139878002,0.0652989026805941,wendell moore jr,,,,,,,,,,,,,,,,,,Disruptive Defender,Not enough shooting data,Not enough shooting data,Balanced Player,"Wendell Moore Jr. profiles as a balanced player. Their most common shot comes Not enough shooting data, and they make shots most consistently Not enough shooting data. On defense, they profile as a Disruptive Defender.","Creates defensive pressure with steals, blocks, and activity. This player can force mistakes and break up possessions.",,,,,,,,,,,,,,,,,,,,,,0.0,,,,2.2711864406779663,2.2711864406779663,0.0455764494754288,0.0,0.0,0.1519214982514294,0.0,0.000813042646349,0.5469472121203998,0.0,0.0,0.1215292795267035,0.1492149480413099,Wing,14.0,9.755,0.7142857142857143,0.42857142857142855,0.2857142857142857,0.14285714285714285,0.14285714285714285,0.07142857142857142,3.0,4.0,7.0,0.0,1.0,2.0,2.0,0.5714285714285714,0.0,1.0,37.78,0.0752,0.5462,0.06839999999999999,0.0686,0.1286,0.1166,0.4,DET,https://cdn.nba.com/headshots/nba/latest/1040x760/1631111.png
1631114,Jalen Williams,145,30.790206896551723,15.448275862068966,7.772413793103448,0.5075655172413792,0.5899960249895415,11.785517241379312,0.2999310344827586,0.6207953592676742,0.1716307688468318,0.1590044214742133,10.23088913833156,0.3210975040793428,jalen williams,Jalen Williams,OKC,SG,33.0,936.0,0.484,10.2,0.294,0.26,0.213,0.061,0.173,0.702,0.448,0.421,0.333,0.299,Disruptive Defender,at the rim,at the rim,Mid-Range Shot Creator,"Jalen Williams profiles as a mid-range shot creator. They regularly look for shots from at the rim, while making shots most consistently at the rim. On the defensive side, they profile as a Disruptive Defender.","Creates defensive pressure with steals, blocks, and activity. This player can force mistakes and break up possessions.",292.0,Jalen Williams,24.0,OKC,SG,33.0,33.0,936.0,0.0,18.0,51.0,31.0,0.0,12.3,1.3,24.0,23.0,28.0,7.0,62.0,12.0,446.0,14.0,22.0,,15.544827586206896,461.5448275862069,0.242701326442264,0.173,446.0,0.1590044214742133,0.0,0.2749561170019616,0.5831656922074748,0.1805845511482254,0.2694864048338368,0.1295806220078861,0.3227682552090595,Wing,34.0,27.35264705882353,16.558823529411764,4.470588235294118,5.323529411764706,1.1470588235294117,0.2647058823529412,1.8529411764705883,6.735294117647059,216.0,446.0,23.0,77.0,108.0,129.0,0.484304932735426,0.2987012987012987,0.8372093023255814,9.241666666666665,0.13070833333333334,0.5500416666666667,0.24683333333333335,0.3715,0.18029166666666666,0.22783333333333333,0.08562499999999999,OKC,https://cdn.nba.com/headshots/nba/latest/1040x760/1631114.png
1631115,Orlando Robinson,71,12.227887323943662,3.929577464788733,1.7464788732394363,0.3023802816901408,0.4047397548337161,-1.8028169014084507,0.092112676056338,0.3605890299900855,0.1091615534764073,0.2746346675507854,3.928355070960192,0.0853732541338234,orlando robinson,,,,,,,,,,,,,,,,,,Rim Protector,Not enough shooting data,Not enough shooting data,Balanced Player,"Orlando Robinson profiles as a balanced player. Their most common shot comes Not enough shooting data, and they make shots most consistently Not enough shooting data. On defense, they profile as a Rim Protector.",Protects the basket with shot blocking and interior presence. This player is most valuable defensively near the rim.,,,,,,,,,,,,,,,,,,,,,,0.0,,,,3.492957746478873,3.492957746478873,0.0823904002652356,0.0,0.0,0.2746346675507854,0.0,0.0015423249563381,0.5537111749652898,0.0,0.0,0.2610205209116585,0.1651467758150235,Wing,13.0,4.818,0.5384615384615384,0.3076923076923077,0.23076923076923078,0.07692307692307693,0.0,0.0,-0.8461538461538461,3.0,5.0,1.0,2.0,0.0,0.0,0.6,0.5,,-20.3,0.062,0.21875,0.04625,0.35825,0.14575,0.25,0.0,ORL,https://cdn.nba.com/headshots/nba/latest/1040x760/1631115.png
1631116,Patrick Baldwin Jr.,62,10.140806451612905,3.2419354838709675,1.3548387096774193,0.3640806451612903,0.5079494787659785,5.57258064516129,0.072258064516129,0.3725247562665316,0.0403700507473689,0.2302809825272061,3.826962464960031,0.0723911405646871,patrick baldwin jr,,,,,,,,,,,,,,,,,,Rim Protector,Not enough shooting data,Not enough shooting data,Balanced Player,"Patrick Baldwin Jr. profiles as a balanced player. Their most common shot comes Not enough shooting data, and they make shots most consistently Not enough shooting data. On defense, they profile as a Rim Protector.",Protects the basket with shot blocking and interior presence. This player is most valuable defensively near the rim.,,,,,,,,,,,,,,,,,,,,,,0.0,,,,2.7096774193548385,2.7096774193548385,0.0690842947581618,0.0,0.0,0.2302809825272061,0.0,0.0010747804301065,0.5512663951649932,0.0,0.0,0.2106025370940991,0.1593067646727008,Wing,16.0,11.186666666666667,2.0625,1.4375,0.3125,0.1875,0.3125,0.3125,-2.4375,11.0,27.0,6.0,14.0,5.0,7.0,0.4074074074074074,0.42857142857142855,0.7142857142857143,11.2,0.1295,0.9325,0.225,0.0,0.0835,0.0,0.0,LAC,https://cdn.nba.com/headshots/nba/latest/1040x760/1631116.png
1631117,Walker Kessler,101,26.91910891089109,6.247524752475248,4.237623762376238,0.710980198019802,0.7041143601832596,-7.9970297029702975,0.2317821782178218,0.3178518655967488,0.0526567809953915,0.3733729941309665,7.707947801842286,0.2009599850875926,walker kessler,,,,,,,,,,,,,,,,,,Rim Protector,Not enough shooting data,Not enough shooting data,Efficient Role Finisher,"Walker Kessler profiles as a balanced player. Their most common shot comes Not enough shooting data, and they make shots most consistently Not enough shooting data. On defense, they profile as a Rim Protector.",Protects the basket with shot blocking and interior presence. This player is most valuable defensively near the rim.,,,,,,,,,,,,,,,,,,,,,,0.0,,,,8.475247524752476,8.475247524752476,0.1120118982392899,0.0,0.0,0.3733729941309665,0.0,0.0045162823420477,0.5591536419488107,0.0,0.0,0.3732589369315668,0.1789208171171784,Wing,9.0,25.465,8.0,6.0,1.6666666666666667,0.7777777777777778,1.0,1.7777777777777777,1.5555555555555556,26.0,37.0,6.0,8.0,14.0,20.0,0.7027027027027027,0.75,0.7,5.5,0.1298,0.7498,0.16360000000000002,0.161,0.3616,0.3618,0.45,UTA,https://cdn.nba.com/headshots/nba/latest/1040x760/1631117.png
1631119,Jaylin Williams,155,16.819741935483872,4.638709677419355,2.0,0.4142322580645161,0.5769730287268426,10.961935483870969,0.1347741935483871,0.3431537429710641,0.1278642300539349,0.2943710723564648,5.138839475348462,0.1032221108646831,jaylin williams,Jaylin Williams,OKC,PF,65.0,1277.0,0.423,20.2,0.119,0.088,0.04,0.026,0.727,0.643,0.419,0.571,0.333,0.383,Rim Protector,three-point range,at the rim,Elite 3PT Threat,Jaylin Williams profiles as an elite 3PT threat. They consistently take shots from three-point range and are most efficient at the rim. Their defensive profile is Rim Protector.,Protects the basket with shot blocking and interior presence. This player is most valuable defensively near the rim.,220.0,Jaylin Williams,23.0,OKC,PF,65.0,11.0,1277.0,0.0,0.0,4.0,35.0,61.0,11.2,-0.1,32.0,12.0,77.0,19.0,35.0,21.0,382.0,9.0,11.0,,4.0,386.0,0.0733113217069394,0.727,382.0,0.2943710723564648,61.0,0.2298629755046791,0.5520430424036752,0.7588726513569938,0.2308157099697885,0.2834554040015428,0.3952139599034727,Big,69.0,19.44046153846154,6.797101449275362,5.188405797101449,2.289855072463768,0.4492753623188406,0.6086956521739131,0.9710144927536232,4.405797101449275,149.0,352.0,98.0,256.0,73.0,92.0,0.42329545454545453,0.3828125,0.7934782608695652,16.186486486486487,0.09402702702702703,0.4901351351351352,0.15213513513513513,0.24886486486486487,0.28332432432432436,0.15664864864864866,0.1788648648648649,OKC,https://cdn.nba.com/headshots/nba/latest/1040x760/1631119.png
1631120,JD Davison,51,6.576470588235294,2.1372549019607843,0.803921568627451,0.3105098039215686,0.4295991741254874,-9.198039215686276,0.0450980392156862,0.4284953704863059,0.1631649714537641,0.1541494070528458,3.103631400603976,0.0433078340917572,jd davison,,,,,,,,,,,,,,,,,,Disruptive Defender,Not enough shooting data,Not enough shooting data,On-Ball Creator,"JD Davison profiles as an on-ball creator. They combine scoring volume with creation stats, meaning they likely generate offense for themselves and others. Defensively, they profile as a Disruptive Defender.","Creates defensive pressure with steals, blocks, and activity. This player can force mistakes and break up possessions.",,,,,,,,,,,,,,,,,,,,,,0.0,,,,1.607843137254902,1.607843137254902,0.0462448221158537,0.0,0.0,0.1541494070528458,0.0,0.0004170892184535,0.547070014688703,0.0,0.0,0.1240618012289498,0.1493405194824521,Wing,54.0,7.580357142857143,1.2777777777777777,0.6296296296296297,0.6481481481481481,0.1111111111111111,0.1111111111111111,0.12962962962962962,0.2962962962962963,24.0,64.0,8.0,32.0,13.0,19.0,0.375,0.25,0.6842105263157895,-14.443478260869567,0.014826086956521737,0.337,0.1621304347826087,0.2768695652173913,0.10834782608695652,0.11956521739130435,0.11230434782608696,HOU,https://cdn.nba.com/headshots/nba/latest/1040x760/1631120.png
1631121,Bryce McGowens,89,14.801910112359549,4.269662921348314,1.9438202247191012,0.3404943820224719,0.5086158605365858,-10.285393258426966,0.087191011235955,0.4198073226514175,0.067541505965609,0.1164452144574949,4.353664474103604,0.0933449198438148,bryce mcgowens,Bryce McGowens,NOP,SG,42.0,880.0,0.481,12.6,0.266,0.257,0.072,0.013,0.392,0.635,0.426,0.471,0.667,0.409,Disruptive Defender,three-point range,at the rim,Balanced Player,"Bryce McGowens profiles as a balanced player. Their most common shot comes three-point range, and they make shots most consistently at the rim. On defense, they profile as a Disruptive Defender.","Creates defensive pressure with steals, blocks, and activity. This player can force mistakes and break up possessions.",308.0,Bryce McGowens,23.0,NOP,SG,42.0,13.0,880.0,6.0,65.0,29.0,0.0,0.0,-3.9,0.8,6.0,5.0,48.0,4.0,48.0,17.0,150.0,10.0,21.0,,3.8876404494382024,153.8876404494382,0.1549335643372484,0.392,150.0,0.1164452144574949,0.0,0.0913137748921331,0.567039797835338,0.4091858037578288,0.0906344410876132,0.0812024678699301,0.2568470208751164,Guard,53.0,20.760952380952382,6.415094339622642,1.6603773584905661,1.169811320754717,0.5094339622641509,0.1509433962264151,0.32075471698113206,-1.320754716981132,114.0,237.0,38.0,93.0,74.0,95.0,0.4810126582278481,0.40860215053763443,0.7789473684210526,-8.18,0.0641,0.6046999999999999,0.1371666666666667,0.15200000000000002,0.1014,0.14279999999999998,0.04996666666666667,NOP,https://cdn.nba.com/headshots/nba/latest/1040x760/1631121.png
1631123,Jamaree Bouyea,54,13.601296296296296,4.722222222222222,2.2037037037037037,0.3802777777777777,0.459624634516592,-5.753703703703703,0.0916666666666666,0.42275348334942,0.1090360327304128,0.1219535569426852,4.370677166544913,0.1019595008352043,jamaree bouyea,Jamaree Bouyea,PHO,PG,46.0,644.0,0.458,13.9,0.191,0.246,0.106,0.127,0.331,0.933,0.431,0.4,0.267,0.295,Disruptive Defender,three-point range,at the rim,Balanced Player,"Jamaree Bouyea profiles as a balanced player. Their most common shot comes three-point range, and they make shots most consistently at the rim. On defense, they profile as a Disruptive Defender.","Creates defensive pressure with steals, blocks, and activity. This player can force mistakes and break up possessions.",354.0,Jamaree Bouyea,26.0,PHO,PG,46.0,1.0,644.0,100.0,0.0,0.0,0.0,0.0,1.0,-0.7,17.0,12.0,16.0,0.0,18.0,4.0,210.0,4.0,18.0,,4.407407407407407,214.40740740740745,-0.0684139329171944,0.331,210.0,0.1219535569426852,0.0,0.1274383714001346,0.5260033390875716,0.3455114822546973,0.1268882175226586,0.0874639435992242,0.2557381217823396,Guard,59.0,13.835869565217392,4.4576271186440675,1.3898305084745763,1.3898305084745763,0.4915254237288136,0.2711864406779661,0.5084745762711864,0.423728813559322,108.0,236.0,23.0,78.0,24.0,35.0,0.4576271186440678,0.2948717948717949,0.6857142857142857,-1.8076923076923077,0.1075,0.5726153846153846,0.17365384615384613,0.21765384615384614,0.15376923076923077,0.1453846153846154,0.1986923076923077,PHX,https://cdn.nba.com/headshots/nba/latest/1040x760/1631123.png
1631124,Julian Strawther,141,16.43617021276596,5.99290780141844,2.631205673758865,0.3631914893617021,0.4714101061568551,-6.216312056737588,0.1027659574468085,0.4373089454632654,0.078989629020518,0.1198121948004143,4.751259556914826,0.1188906757031968,julian strawther,Julian Strawther,DEN,SG,57.0,861.0,0.467,15.3,0.154,0.241,0.129,0.006,0.47,0.633,0.506,0.512,0.0,0.387,Disruptive Defender,three-point range,at the rim,Perimeter Shooter,"Julian Strawther is a perimeter shooter. Their shot profile is built around three-point range, with their best efficiency coming at the rim. Defensively, they profile as a Disruptive Defender.","Creates defensive pressure with steals, blocks, and activity. This player can force mistakes and break up possessions.",313.0,Julian Strawther,23.0,DEN,SG,57.0,14.0,861.0,1.0,36.0,52.0,11.0,0.0,0.7,-5.6,15.0,11.0,40.0,9.0,24.0,3.0,150.0,5.0,22.0,,5.26241134751773,155.26241134751774,-0.8040563415598757,0.47,150.0,0.1198121948004143,0.0,0.0921343835375458,0.3908410483680928,0.4906054279749477,0.0906344410876132,0.0850298017285058,0.2257212539848956,Wing,70.0,14.884210526315789,5.9,1.6285714285714286,0.8714285714285714,0.35714285714285715,0.08571428571428572,0.5142857142857142,0.2857142857142857,149.0,319.0,58.0,150.0,57.0,70.0,0.4670846394984326,0.38666666666666666,0.8142857142857143,-7.655172413793103,0.06082758620689655,0.4595862068965517,0.1726896551724138,0.12406896551724138,0.17393103448275865,0.11848275862068966,0.06896551724137931,DEN,https://cdn.nba.com/headshots/nba/latest/1040x760/1631124.png
1631126,Caleb Love,49,20.481020408163264,10.0,3.877551020408163,0.3429591836734694,0.4344546547476855,-12.66734693877551,0.1459183673469387,0.5795622554365821,0.1155500060377315,0.1049662427556063,6.00840684246316,0.1590295561144162,caleb love,Caleb Love,POR,SG,49.0,1013.0,0.388,18.5,0.122,0.167,0.053,0.061,0.596,0.717,0.366,0.385,0.467,0.318,Disruptive Defender,three-point range,at the rim,Volume Shot Creator,"Caleb Love profiles as a balanced player. Their most common shot comes three-point range, and they make shots most consistently at the rim. On defense, they profile as a Disruptive Defender.","Creates defensive pressure with steals, blocks, and activity. This player can force mistakes and break up possessions.",275.0,Caleb Love,24.0,POR,SG,49.0,1.0,1013.0,86.0,12.0,2.0,0.0,0.0,-6.3,-7.9,33.0,26.0,23.0,1.0,17.0,1.0,301.0,0.0,34.0,,7.755102040816326,308.7551020408163,-1.153510127173318,0.596,301.0,0.1049662427556063,0.0,0.183755052236977,0.3266346165349211,0.6221294363256785,0.1818731117824773,0.0681540230969565,0.2734828039653162,Guard,51.0,20.071399999999997,9.980392156862745,2.235294117647059,2.411764705882353,0.5294117647058824,0.0784313725490196,1.2156862745098038,-2.4901960784313726,190.0,490.0,93.0,292.0,36.0,49.0,0.3877551020408163,0.3184931506849315,0.7346938775510204,-7.872093023255814,0.065,0.45020930232558143,0.22295348837209303,0.23199999999999998,0.13706976744186047,0.14065116279069767,0.019372093023255814,POR,https://cdn.nba.com/headshots/nba/latest/1040x760/1631126.png
1631128,Christian Braun,171,29.30157894736842,8.578947368421053,4.649122807017544,0.5233684210526316,0.6089032974539001,6.00233918128655,0.1943859649122807,0.3538772328173393,0.076065225097752,0.1628824494058422,7.07744681413673,0.2118783689208475,christian braun,Christian Braun,DEN,SG,44.0,1399.0,0.519,11.7,0.373,0.206,0.015,0.039,0.368,0.745,0.538,0.5,0.333,0.301,Disruptive Defender,at the rim,at the rim,Efficient Role Finisher,"Christian Braun profiles as a balanced player. Their most common shot comes at the rim, and they make shots most consistently at the rim. On defense, they profile as a Disruptive Defender.","Creates defensive pressure with steals, blocks, and activity. This player can force mistakes and break up possessions.",189.0,Christian Braun,24.0,DEN,SG,44.0,44.0,1399.0,0.0,42.0,42.0,16.0,0.0,10.4,8.2,21.0,11.0,63.0,8.0,49.0,2.0,291.0,14.0,31.0,,9.298245614035087,300.29824561403507,1.2788647348217523,0.368,291.0,0.1628824494058422,0.0,0.1787071060617093,0.7735438136845635,0.3841336116910229,0.1758308157099697,0.1339888769115535,0.3534708068616303,Wing,47.0,31.606818181818184,11.191489361702128,4.48936170212766,2.5531914893617023,0.6382978723404256,0.2553191489361702,0.9148936170212766,6.191489361702128,202.0,389.0,43.0,143.0,79.0,101.0,0.519280205655527,0.3006993006993007,0.7821782178217822,9.2,0.061125,0.50525,0.1399375,0.15925,0.15081250000000002,0.101125,0.117125,DEN,https://cdn.nba.com/headshots/nba/latest/1040x760/1631128.png
1631131,Oscar Tshiebwe,45,15.566,4.977777777777778,3.088888888888889,0.5888444444444445,0.6429473588683399,-5.488888888888889,0.1506666666666666,0.4235893845386477,0.0617570486549598,0.4198995909909408,6.117131956793426,0.1448062443790884,oscar tshiebwe,,,,,,,,,,,,,,,,,,Rim Protector,Not enough shooting data,Not enough shooting data,Balanced Player,"Oscar Tshiebwe profiles as a balanced player. Their most common shot comes Not enough shooting data, and they make shots most consistently Not enough shooting data. On defense, they profile as a Rim Protector.",Protects the basket with shot blocking and interior presence. This player is most valuable defensively near the rim.,,,,,,,,,,,,,,,,,,,,,,0.0,,,,6.177777777777778,6.177777777777778,0.1259698772972822,0.0,0.0,0.4198995909909408,0.0,0.0031449094539723,0.5617181928788932,0.0,0.0,0.4261469259752108,0.1843022045988333,Wing,46.0,16.409259259259258,4.586956521739131,3.891304347826087,0.6956521739130435,0.34782608695652173,0.10869565217391304,0.45652173913043476,-1.7173913043478262,92.0,145.0,0.0,0.0,27.0,49.0,0.6344827586206897,,0.5510204081632653,-15.4,0.061,0.6125,0.10400000000000001,0.229,0.3145,0.1665,0.0,UTA,https://cdn.nba.com/headshots/nba/latest/1040x760/1631131.png
1631132,Christian Koloko,63,10.736984126984126,2.1904761904761907,1.0952380952380951,0.4029047619047619,0.4692696475242894,-3.855555555555555,0.063015873015873,0.2731905482086038,0.0468036326936707,0.2795506950965527,3.282761467561505,0.0669288032830698,christian koloko,,,,,,,,,,,,,,,,,,Rim Protector,Not enough shooting data,Not enough shooting data,Balanced Player,"Christian Koloko profiles as a balanced player. Their most common shot comes Not enough shooting data, and they make shots most consistently Not enough shooting data. On defense, they profile as a Rim Protector.",Protects the basket with shot blocking and interior presence. This player is most valuable defensively near the rim.,,,,,,,,,,,,,,,,,,,,,,0.0,,,,2.1904761904761907,2.1904761904761907,0.0838652085289658,0.0,0.0,0.2795506950965527,0.0,0.0007648662344235,0.5539821469225286,0.0,0.0,0.2666086968911157,0.1654623529135131,Wing,42.0,13.037407407407407,1.7380952380952381,1.9285714285714286,0.42857142857142855,0.3333333333333333,0.5476190476190477,0.38095238095238093,-0.30952380952380953,31.0,74.0,1.0,9.0,10.0,15.0,0.4189189189189189,0.1111111111111111,0.6666666666666666,-4.12,0.026600000000000002,0.36160000000000003,0.09365,0.0735,0.22494999999999998,0.20620000000000002,0.3725,ATL,https://cdn.nba.com/headshots/nba/latest/1040x760/1631132.png
1631133,Jabari Walker,165,15.678121212121212,4.636363636363637,2.16969696969697,0.387660606060606,0.4766520591782618,-8.832121212121212,0.1118181818181818,0.3750352641191737,0.0482956447987622,0.2827020710585097,4.6166933724398,0.1043510525583213,jabari walker,Jabari Walker,PHI,PF,64.0,762.0,0.455,12.5,0.39,0.131,0.019,0.014,0.446,0.663,0.321,0.0,0.333,0.337,Rim Protector,three-point range,at the rim,Rim-Dominant Big,"Jabari Walker profiles as a rim-dominant big. They take a large share of their shots three-point range, finish best at the rim, and their defensive profile as a Rim Protector suggests they impact the game around the basket.",Protects the basket with shot blocking and interior presence. This player is most valuable defensively near the rim.,332.0,Jabari Walker,23.0,PHI,PF,64.0,6.0,762.0,0.0,0.0,20.0,75.0,4.0,0.3,0.7,3.0,13.0,52.0,4.0,32.0,3.0,81.0,6.0,22.0,,4.33939393939394,85.33939393939394,0.1898106213175528,0.446,81.0,0.2827020710585097,4.0,0.0503969328258685,0.573447888042793,0.465553235908142,0.0489425981873111,0.2701909476594233,0.2652670851119404,Wing,75.0,11.70921875,3.68,2.56,0.4533333333333333,0.30666666666666664,0.17333333333333334,0.36,0.05333333333333334,97.0,213.0,32.0,95.0,50.0,68.0,0.45539906103286387,0.3368421052631579,0.7352941176470589,-3.306666666666666,0.03691111111111111,0.4075333333333333,0.12822222222222224,0.08313333333333334,0.2826666666666667,0.09239999999999998,0.1037111111111111,PHI,https://cdn.nba.com/headshots/nba/latest/1040x760/1631133.png
1631157,Ryan Rollins,132,23.885757575757577,9.757575757575758,4.651515151515151,0.4458333333333333,0.5580111618297624,0.3287878787878791,0.1904545454545454,0.5002795091798558,0.1514554851845417,0.133760089584299,7.159440988697485,0.2004273536408092,ryan rollins,Ryan Rollins,MIL,PG,74.0,2376.0,0.472,15.6,0.204,0.152,0.13,0.074,0.44,0.7,0.369,0.507,0.382,0.406,Disruptive Defender,three-point range,at the rim,Perimeter Shooter,"Ryan Rollins is a perimeter shooter. Their shot profile is built around three-point range, with their best efficiency coming at the rim. Defensively, they profile as a Disruptive Defender.","Creates defensive pressure with steals, blocks, and activity. This player can force mistakes and break up possessions.",28.0,Ryan Rollins,23.0,MIL,PG,74.0,67.0,2376.0,96.0,4.0,0.0,0.0,0.0,-3.1,8.5,112.0,65.0,94.0,12.0,61.0,6.0,1031.0,12.0,73.0,,9.303030303030305,1040.3030303030305,1.3151280268752896,0.44,1031.0,0.133760089584299,0.0,0.6204202124496769,0.7802066019705584,0.4592901878914405,0.6229607250755287,0.1008847353857448,0.5844978097023538,Guard,76.0,31.46786666666667,16.855263157894736,4.447368421052632,5.447368421052632,1.4473684210526316,0.40789473684210525,2.6447368421052633,-2.3026315789473686,486.0,1030.0,184.0,453.0,125.0,157.0,0.47184466019417476,0.40618101545253865,0.7961783439490446,-1.4379999999999995,0.10837999999999999,0.5637,0.23234,0.31654,0.16986,0.2813,0.13832,MIL,https://cdn.nba.com/headshots/nba/latest/1040x760/1631157.png
1631159,Leonard Miller,72,10.732916666666666,4.055555555555555,2.2222222222222223,0.4258472222222222,0.4874928836121673,-7.0875,0.0905555555555555,0.5611659556016915,0.0793132716181261,0.328809830430943,4.720921673150996,0.0945956432727658,leonard miller,Leonard Miller,2TM,SF,46.0,719.0,0.553,10.8,0.466,0.134,0.019,0.004,0.378,0.77,0.457,0.4,1.0,0.323,Rim Protector,at the rim,at the rim,Rim-Dominant Big,"Leonard Miller profiles as a rim-dominant big. They take a large share of their shots at the rim, finish best at the rim, and their defensive profile as a Rim Protector suggests they impact the game around the basket.",Protects the basket with shot blocking and interior presence. This player is most valuable defensively near the rim.,340.0,Leonard Miller,22.0,2TM,SF,46.0,12.0,719.0,0.0,3.0,54.0,40.0,2.0,-1.2,3.4,11.0,15.0,33.0,4.0,28.0,3.0,97.0,11.0,12.0,,4.444444444444445,101.44444444444444,0.6086429491292829,0.378,97.0,0.328809830430943,2.0,0.0600101299758176,0.6504014951069311,0.3945720250521921,0.0586102719033232,0.3226028332708991,0.2839115400423109,Wing,82.0,15.400217391304347,4.402439024390244,2.207317073170732,0.4878048780487805,0.2073170731707317,0.18292682926829268,0.43902439024390244,-0.34146341463414637,145.0,262.0,32.0,99.0,39.0,53.0,0.5534351145038168,0.32323232323232326,0.7358490566037735,-8.34736842105263,0.16742105263157894,0.3805263157894737,0.19457894736842105,0.05763157894736842,0.3290526315789474,0.11399999999999999,0.0,MIN,https://cdn.nba.com/headshots/nba/latest/1040x760/1631159.png
1631165,Keon Ellis,186,21.81247311827957,5.424731182795699,2.5483870967741935,0.4216827956989247,0.5685216781910059,-1.151612903225807,0.1226344086021505,0.296240411290894,0.0566328241431733,0.1070932155209773,5.029497470058031,0.1284068341570096,keon ellis,Keon Ellis,2TM,SG,72.0,1478.0,0.44,18.7,0.143,0.115,0.065,0.023,0.654,0.836,0.545,0.28,0.111,0.363,Disruptive Defender,three-point range,at the rim,Perimeter Shooter,"Keon Ellis is a perimeter shooter. Their shot profile is built around three-point range, with their best efficiency coming at the rim. Defensively, they profile as a Disruptive Defender.","Creates defensive pressure with steals, blocks, and activity. This player can force mistakes and break up possessions.",167.0,Keon Ellis,26.0,2TM,SG,72.0,11.0,1478.0,28.0,56.0,15.0,2.0,0.0,-5.2,-2.4,20.0,15.0,81.0,2.0,26.0,26.0,177.0,6.0,7.0,,5.096774193548387,182.0967741935484,-0.3278720353437068,0.654,177.0,0.1070932155209773,0.0,0.1081519688503807,0.4783321457772218,0.6826722338204594,0.1069486404833836,0.0705718081898491,0.28299670392485,Guard,79.0,20.344305555555554,6.075949367088608,1.7088607594936709,0.9113924050632911,1.0506329113924051,0.569620253164557,0.5189873417721519,-1.8227848101265822,169.0,384.0,91.0,251.0,51.0,70.0,0.4401041666666667,0.36254980079681276,0.7285714285714285,-15.568181818181818,0.027886363636363633,0.45481818181818184,0.12313636363636364,0.06288636363636363,0.1060909090909091,0.2578181818181818,0.2484772727272727,CLE,https://cdn.nba.com/headshots/nba/latest/1040x760/1631165.png
1631166,Drew Timme,36,13.371666666666666,4.666666666666667,2.3055555555555554,0.4044999999999999,0.4657851172823852,-17.38888888888889,0.0902777777777777,0.4579476828149759,0.0933089151850629,0.1707260004297452,4.4743618285882185,0.1040202827680235,drew timme,,,,,,,,,,,,,,,,,,Disruptive Defender,Not enough shooting data,Not enough shooting data,Balanced Player,"Drew Timme profiles as a balanced player. Their most common shot comes Not enough shooting data, and they make shots most consistently Not enough shooting data. On defense, they profile as a Disruptive Defender.","Creates defensive pressure with steals, blocks, and activity. This player can force mistakes and break up possessions.",,,,,,,,,,,,,,,,,,,,,,0.0,,,,4.611111111111111,4.611111111111111,0.0512178001289235,0.0,0.0,0.1707260004297452,0.0,0.0022097571220875,0.5479837182653963,0.0,0.0,0.1429048447366645,0.1521703168888505,Wing,39.0,8.194642857142858,2.358974358974359,0.8461538461538461,0.5897435897435898,0.15384615384615385,0.0,0.3333333333333333,-0.6410256410256411,38.0,66.0,11.0,25.0,5.0,9.0,0.5757575757575758,0.44,0.5555555555555556,-4.475,0.18156250000000002,0.31725,0.1701875,0.1075625,0.1738125,0.15,0.0,LAL,https://cdn.nba.com/headshots/nba/latest/1040x760/1631166.png
1631169,Josh Minott,115,9.932347826086955,3.1565217391304348,1.556521739130435,0.3755043478260869,0.5199703194835732,-11.677391304347829,0.0739130434782608,0.4094191809331147,0.0670255986683233,0.1688898219941665,4.032227581186515,0.0786324542992608,josh minott,Josh Minott,2TM,PF,49.0,834.0,0.5,17.1,0.214,0.151,0.02,0.008,0.607,0.815,0.447,0.2,0.0,0.418,Disruptive Defender,three-point range,at the rim,Elite 3PT Threat,Josh Minott profiles as an elite 3PT threat. They consistently take shots from three-point range and are most efficient at the rim. Their defensive profile is Disruptive Defender.,"Creates defensive pressure with steals, blocks, and activity. This player can force mistakes and break up possessions.",319.0,Josh Minott,23.0,2TM,PF,49.0,11.0,834.0,0.0,9.0,9.0,48.0,33.0,-0.1,-1.5,20.0,14.0,30.0,4.0,29.0,6.0,112.0,7.0,13.0,,3.11304347826087,115.11304347826086,-0.17433305340175,0.607,112.0,0.1688898219941665,33.0,0.0681689952482037,0.5065424287492188,0.6336116910229646,0.0676737160120845,0.1408176130984828,0.2697940918510876,Wing,70.0,16.493,5.2,2.257142857142857,0.6571428571428571,0.6285714285714286,0.34285714285714286,0.6142857142857143,-0.35714285714285715,126.0,252.0,64.0,153.0,48.0,61.0,0.5,0.41830065359477125,0.7868852459016393,-3.663636363636363,0.08293939393939394,0.6243939393939394,0.1273939393939394,0.14884848484848484,0.20312121212121212,0.2631818181818182,0.15,BOS,https://cdn.nba.com/headshots/nba/latest/1040x760/1631169.png
1631170,Jaime Jaquez Jr.,184,25.04125,9.467391304347826,4.619565217391305,0.4692826086956522,0.544336843948811,0.5994565217391304,0.1915760869565217,0.4759844026492187,0.139301640143768,0.1849312939430054,7.075468467579652,0.200224386866068,jaime jaquez jr,Jaime Jaquez Jr.,MIA,SF,75.0,2121.0,0.507,9.6,0.271,0.407,0.095,0.027,0.2,0.718,0.47,0.483,0.44,0.317,Disruptive Defender,short paint / floater range,at the rim,On-Ball Creator,"Jaime Jaquez Jr. profiles as an on-ball creator. They combine scoring volume with creation stats, meaning they likely generate offense for themselves and others. Defensively, they profile as a Disruptive Defender.","Creates defensive pressure with steals, blocks, and activity. This player can force mistakes and break up possessions.",62.0,Jaime Jaquez Jr.,24.0,MIA,SF,75.0,1.0,2121.0,1.0,12.0,38.0,50.0,0.0,3.2,1.6,67.0,59.0,77.0,13.0,107.0,1.0,861.0,32.0,72.0,6MOY-2,9.23913043478261,870.2391304347826,0.2954793881829016,0.2,861.0,0.1849312939430054,0.0,0.5189080938127324,0.592862799988089,0.208768267223382,0.5202416918429003,0.1590523702037026,0.4550235838102828,Wing,82.0,28.074133333333332,14.048780487804878,4.573170731707317,4.2926829268292686,0.6219512195121951,0.25609756097560976,1.853658536585366,1.7560975609756098,464.0,915.0,58.0,183.0,166.0,216.0,0.507103825136612,0.31693989071038253,0.7685185185185185,3.5416666666666665,0.11902083333333334,0.5692916666666666,0.21506250000000002,0.2763125,0.19366666666666665,0.14839583333333334,0.07922916666666667,MIA,https://cdn.nba.com/headshots/nba/latest/1040x760/1631170.png
1631172,Ousmane Dieng,109,15.067889908256882,5.321100917431193,2.238532110091743,0.3582385321100917,0.4457045255642117,-3.888990825688073,0.0982568807339449,0.4202935134714027,0.1156477338517343,0.1893124197488489,4.435040053176725,0.103031783736501,ousmane dieng,Ousmane Dieng,2TM,C,57.0,1099.0,0.422,17.2,0.133,0.153,0.153,0.095,0.465,0.717,0.344,0.508,0.395,0.341,Rim Protector,three-point range,at the rim,Balanced Player,"Ousmane Dieng profiles as a balanced player. Their most common shot comes three-point range, and they make shots most consistently at the rim. On defense, they profile as a Rim Protector.",Protects the basket with shot blocking and interior presence. This player is most valuable defensively near the rim.,261.0,Ousmane Dieng,22.0,2TM,C,57.0,20.0,1099.0,0.0,0.0,4.0,67.0,29.0,-9.4,-9.5,40.0,30.0,53.0,2.0,21.0,1.0,335.0,5.0,17.0,,4.477064220183486,339.4770642201835,-1.3682062740753451,0.465,335.0,0.1893124197488489,29.0,0.2020931679213035,0.2871877022692444,0.4853862212943633,0.202416918429003,0.1640325095058661,0.262087068723474,Wing,73.0,19.082280701754385,5.904109589041096,2.4657534246575343,1.8630136986301369,0.3424657534246575,0.2328767123287671,1.0273972602739727,-2.8767123287671232,168.0,398.0,63.0,185.0,32.0,45.0,0.4221105527638191,0.34054054054054056,0.7111111111111111,-0.20370370370370264,0.04607407407407407,0.48188888888888887,0.18637037037037038,0.20996296296296293,0.1672962962962963,0.05555555555555555,0.11359259259259259,OKC,https://cdn.nba.com/headshots/nba/latest/1040x760/1631172.png
1631197,Jared Rhoden,26,16.59653846153846,5.538461538461538,2.6923076923076925,0.3998461538461538,0.4981691935106166,2.523076923076923,0.1153846153846153,0.5357084948168395,0.0617052362779552,0.2237133262794665,5.239001493242452,0.1158691673324865,jared rhoden,,,,,,,,,,,,,,,,,,Rim Protector,Not enough shooting data,Not enough shooting data,Volume Shot Creator,"Jared Rhoden profiles as a balanced player. Their most common shot comes Not enough shooting data, and they make shots most consistently Not enough shooting data. On defense, they profile as a Rim Protector.",Protects the basket with shot blocking and interior presence. This player is most valuable defensively near the rim.,,,,,,,,,,,,,,,,,,,,,,0.0,,,,5.384615384615385,5.384615384615385,0.0671139978838399,0.0,0.0,0.2237133262794665,0.0,0.0026714662657622,0.5509043852593624,0.0,0.0,0.2031369119438597,0.1591083740155314,Wing,,,,,,,,,,,,,,,,,,,,,,,,,,,,https://cdn.nba.com/headshots/nba/latest/1040x760/1631197.png
1631199,Ron Harper Jr.,30,10.984,3.933333333333333,1.5666666666666669,0.3263666666666667,0.4306777123710621,-8.243333333333332,0.0723333333333333,0.4100503318385057,0.0575740179366486,0.1411537207568241,3.7454671341235306,0.0757165840404377,ron harper jr,,,,,,,,,,,,,,,,,,Disruptive Defender,Not enough shooting data,Not enough shooting data,Balanced Player,"Ron Harper Jr. profiles as a balanced player. Their most common shot comes Not enough shooting data, and they make shots most consistently Not enough shooting data. On defense, they profile as a Disruptive Defender.","Creates defensive pressure with steals, blocks, and activity. This player can force mistakes and break up possessions.",,,,,,,,,,,,,,,,,,,,,,0.0,,,,3.1333333333333333,3.1333333333333333,0.0423461162270472,0.0,0.0,0.1411537207568241,0.0,0.0013276630785366,0.5463536910882938,0.0,0.0,0.1092892676497765,0.1480484147684657,Wing,46.0,10.77655172413793,2.6739130434782608,1.0434782608695652,0.4782608695652174,0.21739130434782608,0.1956521739130435,0.17391304347826086,0.391304347826087,46.0,110.0,28.0,80.0,3.0,4.0,0.41818181818181815,0.35,0.75,13.687500000000002,0.0585,0.45475,0.178625,0.12287500000000001,0.11737500000000001,0.03125,0.3125,BOS,https://cdn.nba.com/headshots/nba/latest/1040x760/1631199.png
1631200,Kris Murray,173,20.392947976878613,5.104046242774566,2.184971098265896,0.3734797687861271,0.4434750374113288,-2.867052023121387,0.1045086705202312,0.2987663345010168,0.0603589396012729,0.1651888660187072,4.260327723432551,0.1087929463545858,kris murray,Kris Murray,POR,SF,57.0,1333.0,0.467,12.1,0.388,0.17,0.0,0.0,0.442,0.682,0.468,,,0.279,Disruptive Defender,three-point range,at the rim,Balanced Player,"Kris Murray profiles as a balanced player. Their most common shot comes three-point range, and they make shots most consistently at the rim. On defense, they profile as a Disruptive Defender.","Creates defensive pressure with steals, blocks, and activity. This player can force mistakes and break up possessions.",207.0,Kris Murray,25.0,POR,SF,57.0,15.0,1333.0,2.0,46.0,32.0,18.0,2.0,1.3,2.5,27.0,12.0,52.0,6.0,29.0,2.0,197.0,6.0,18.0,,4.369942196531792,201.36994219653175,0.4245566598056121,0.442,197.0,0.1651888660187072,2.0,0.1196562335317407,0.6165786427771635,0.4613778705636743,0.1190332326283988,0.1366106404787104,0.2967782220022492,Wing,79.0,23.198947368421052,4.189873417721519,2.607594936708861,1.0253164556962024,0.6455696202531646,0.27848101265822783,0.5949367088607594,0.569620253164557,129.0,276.0,34.0,122.0,39.0,57.0,0.4673913043478261,0.2786885245901639,0.6842105263157895,-4.294117647058823,0.05235294117647059,0.5425588235294118,0.10058823529411764,0.10176470588235294,0.15623529411764706,0.24526470588235294,0.15691176470588236,POR,https://cdn.nba.com/headshots/nba/latest/1040x760/1631200.png
1631204,Marcus Sasser,137,15.382554744525546,5.9489051094890515,2.510948905109489,0.3806569343065693,0.502689802872259,3.662773722627737,0.1061313868613138,0.4749908928327384,0.2147871556345412,0.097730657422362,4.928854113990283,0.112641343624551,marcus sasser,Marcus Sasser,DET,PG,38.0,457.0,0.39,19.1,0.085,0.136,0.096,0.085,0.599,0.6,0.333,0.176,0.333,0.415,Disruptive Defender,three-point range,at the rim,Elite 3PT Threat,Marcus Sasser profiles as an elite 3PT threat. They consistently take shots from three-point range and are most efficient at the rim. Their defensive profile is Disruptive Defender.,"Creates defensive pressure with steals, blocks, and activity. This player can force mistakes and break up possessions.",392.0,Marcus Sasser,25.0,DET,PG,38.0,5.0,457.0,100.0,0.0,0.0,0.0,0.0,10.4,2.4,21.0,7.0,23.0,1.0,7.0,1.0,183.0,1.0,8.0,,5.021897810218978,188.02189781021897,0.3893191972267086,0.599,183.0,0.097730657422362,0.0,0.1116887091696372,0.610104333920916,0.6252609603340292,0.1105740181268882,0.059929145636422,0.3080410275745193,Guard,56.0,11.818421052631578,3.517857142857143,0.6964285714285714,1.3392857142857142,0.35714285714285715,0.07142857142857142,0.5535714285714286,2.0714285714285716,69.0,177.0,44.0,106.0,15.0,18.0,0.3898305084745763,0.41509433962264153,0.8333333333333334,6.05,0.08762500000000001,0.4505,0.21481250000000002,0.4310625,0.108375,0.131875,0.09375,DET,https://cdn.nba.com/headshots/nba/latest/1040x760/1631204.png
1631207,Dalen Terry,162,12.395864197530864,3.3950617283950617,1.5123456790123455,0.3730802469135802,0.4587857369229273,-9.57716049382716,0.0745679012345679,0.3722133895165691,0.1035810864542406,0.1313110342933351,3.76862349597476,0.0770336205938603,dalen terry,Dalen Terry,2TM,SG,48.0,551.0,0.439,12.7,0.335,0.187,0.026,0.026,0.426,0.615,0.276,0.75,0.25,0.364,Disruptive Defender,three-point range,at the rim,Perimeter Shooter,"Dalen Terry is a perimeter shooter. Their shot profile is built around three-point range, with their best efficiency coming at the rim. Defensively, they profile as a Disruptive Defender.","Creates defensive pressure with steals, blocks, and activity. This player can force mistakes and break up possessions.",369.0,Dalen Terry,23.0,2TM,SG,48.0,0.0,551.0,7.0,36.0,52.0,5.0,0.0,-2.6,1.0,16.0,8.0,31.0,1.0,15.0,4.0,166.0,7.0,8.0,,3.0246913580246915,169.02469135802468,0.1893933102880005,0.426,166.0,0.1313110342933351,0.0,0.1003491675229992,0.5733712139494643,0.4446764091858037,0.1003021148036253,0.0981008307346998,0.2700242264282688,Wing,65.0,11.279583333333333,2.707692307692308,1.323076923076923,1.0153846153846153,0.4461538461538462,0.23076923076923078,0.4,-0.6923076923076923,68.0,155.0,24.0,66.0,16.0,30.0,0.43870967741935485,0.36363636363636365,0.5333333333333333,-4.370588235294118,0.08923529411764705,0.4471176470588235,0.16267647058823528,0.14026470588235296,0.13758823529411765,0.19035294117647059,0.14558823529411766,CHI,https://cdn.nba.com/headshots/nba/latest/1040x760/1631207.png
1631209,Isaiah Wong,21,12.671428571428573,5.142857142857143,2.0,0.3869523809523809,0.4926450503436441,2.357142857142857,0.0833333333333333,0.5577038631854765,0.1043320395514734,0.1194966882691144,4.543342877401885,0.0859387147460372,isaiah wong,,,,,,,,,,,,,,,,,,Disruptive Defender,Not enough shooting data,Not enough shooting data,Volume Shot Creator,"Isaiah Wong profiles as a balanced player. Their most common shot comes Not enough shooting data, and they make shots most consistently Not enough shooting data. On defense, they profile as a Disruptive Defender.","Creates defensive pressure with steals, blocks, and activity. This player can force mistakes and break up possessions.",,,,,,,,,,,,,,,,,,,,,,0.0,,,,4.0,4.0,0.0358490064807343,0.0,0.0,0.1194966882691144,0.0,0.001844981389792,0.5451599531715419,0.0,0.0,0.084671157273576,0.1454950965761599,Wing,,,,,,,,,,,,,,,,,,,,,,,,,,,,https://cdn.nba.com/headshots/nba/latest/1040x760/1631209.png
1631210,Jacob Toppin,28,4.286071428571428,1.3214285714285714,0.6428571428571429,0.1989642857142857,0.2109393884457336,-5.7857142857142865,0.0267857142857142,0.216108205698611,0.1290323823727684,0.1766026639315401,1.6918202910201372,0.0427120387960235,jacob toppin,,,,,,,,,,,,,,,,,,Disruptive Defender,Not enough shooting data,Not enough shooting data,Balanced Player,"Jacob Toppin profiles as a balanced player. Their most common shot comes Not enough shooting data, and they make shots most consistently Not enough shooting data. On defense, they profile as a Disruptive Defender.","Creates defensive pressure with steals, blocks, and activity. This player can force mistakes and break up possessions.",,,,,,,,,,,,,,,,,,,,,,0.0,,,,1.2857142857142858,1.2857142857142858,0.052980799179462,0.0,0.0,0.1766026639315401,0.0,0.0002248086567393,0.5483076405779322,0.0,0.0,0.1495850005157666,0.1521253336587554,Wing,12.0,3.2239999999999993,0.6666666666666666,0.08333333333333333,0.08333333333333333,0.0,0.08333333333333333,0.0,1.0833333333333333,4.0,6.0,0.0,0.0,0.0,0.0,0.6666666666666666,,,9.739999999999998,0.1882,0.4,0.11299999999999999,0.2,0.1,0.0,0.2,ATL,https://cdn.nba.com/headshots/nba/latest/1040x760/1631210.png
1631212,Peyton Watson,170,24.30405882352941,7.623529411764705,3.6176470588235294,0.4493823529411764,0.5404001905017103,-0.4676470588235294,0.1613529411764706,0.3956152985788875,0.0617975028566301,0.164577174539246,6.098901756898201,0.1644724306354416,peyton watson,Peyton Watson,DEN,SF,54.0,1598.0,0.491,12.7,0.244,0.258,0.102,0.057,0.339,0.704,0.44,0.373,0.485,0.411,Disruptive Defender,three-point range,at the rim,Three-Level Scorer,"Peyton Watson profiles as a three-level scorer. They have a balanced shot diet that includes rim attempts, mid-range looks, and threes. Their most common shot comes three-point range, while their most reliable area is at the rim. Defensively, they profile as a Disruptive Defender.","Creates defensive pressure with steals, blocks, and activity. This player can force mistakes and break up possessions.",148.0,Peyton Watson,23.0,DEN,SF,54.0,40.0,1598.0,0.0,16.0,52.0,32.0,0.0,6.1,1.6,44.0,31.0,80.0,13.0,82.0,10.0,285.0,16.0,32.0,,7.235294117647059,292.2352941176471,0.2893731523617738,0.339,285.0,0.164577174539246,0.0,0.1738942840018873,0.5917408787780546,0.3538622129436326,0.1722054380664652,0.1359153149133957,0.3013843405347995,Wing,57.0,29.397222222222222,13.842105263157896,4.631578947368421,1.9473684210526316,0.8771929824561403,1.0701754385964912,1.631578947368421,3.43859649122807,285.0,581.0,81.0,197.0,138.0,189.0,0.4905335628227194,0.41116751269035534,0.7301587301587301,5.248979591836735,0.08375510204081633,0.5977551020408163,0.19724489795918368,0.1083061224489796,0.1823877551020408,0.22767346938775512,0.36893877551020404,DEN,https://cdn.nba.com/headshots/nba/latest/1040x760/1631212.png
1631213,Tyrese Martin,106,19.543113207547172,7.0,2.811320754716981,0.3763490566037736,0.4808452692073999,-8.620754716981132,0.1233962264150943,0.4130867037189629,0.0933483104072918,0.1702232753669469,5.103614875437485,0.1281946092811777,tyrese martin,Tyrese Martin,2TM,SG,46.0,777.0,0.394,17.6,0.17,0.173,0.043,0.018,0.596,0.723,0.313,0.5,0.2,0.321,Disruptive Defender,three-point range,at the rim,Balanced Player,"Tyrese Martin profiles as a balanced player. Their most common shot comes three-point range, and they make shots most consistently at the rim. On defense, they profile as a Disruptive Defender.","Creates defensive pressure with steals, blocks, and activity. This player can force mistakes and break up possessions.",330.0,Tyrese Martin,26.0,2TM,SG,46.0,6.0,777.0,7.0,64.0,28.0,1.0,0.0,-11.0,-2.1,21.0,13.0,13.0,0.0,13.0,1.0,189.0,4.0,8.0,,5.622641509433962,194.622641509434,-0.2639330173899159,0.596,189.0,0.1702232753669469,0.0,0.1156287309967615,0.490079897173085,0.6221294363256785,0.1141993957703927,0.1423333841225718,0.2877441601301241,Guard,64.0,16.32276595744681,4.53125,1.8125,1.21875,0.390625,0.09375,0.625,-2.828125,109.0,277.0,53.0,165.0,19.0,28.0,0.3935018050541516,0.3212121212121212,0.6785714285714286,-16.354054054054053,0.07413513513513513,0.4546756756756757,0.1834054054054054,0.2077837837837838,0.20159459459459458,0.16797297297297298,0.03108108108108108,BKN,https://cdn.nba.com/headshots/nba/latest/1040x760/1631213.png
1631216,Caleb Houstan,111,12.104954954954955,3.153153153153154,1.3153153153153154,0.3339099099099099,0.4867336375526689,-7.953153153153154,0.0587387387387387,0.3068319067557487,0.0346819744282897,0.1056012267412297,3.4153061676109457,0.0743367550286335,caleb houstan,,,,,,,,,,,,,,,,,,Disruptive Defender,Not enough shooting data,Not enough shooting data,Balanced Player,"Caleb Houstan profiles as a balanced player. Their most common shot comes Not enough shooting data, and they make shots most consistently Not enough shooting data. On defense, they profile as a Disruptive Defender.","Creates defensive pressure with steals, blocks, and activity. This player can force mistakes and break up possessions.",,,,,,,,,,,,,,,,,,,,,,0.0,,,,2.630630630630631,2.630630630630631,0.0316803680223689,0.0,0.0,0.1056012267412297,0.0,0.0010275969478915,0.5443940338653757,0.0,0.0,0.0688758258579795,0.1433971298312985,Wing,41.0,3.7936842105263158,1.024390243902439,0.2682926829268293,0.0975609756097561,0.04878048780487805,0.024390243902439025,0.0975609756097561,0.024390243902439025,14.0,26.0,11.0,21.0,3.0,3.0,0.5384615384615384,0.5238095238095238,1.0,-10.360000000000001,0.1069,0.5276,0.1478,0.0311,0.1026,0.05,0.05,ATL,https://cdn.nba.com/headshots/nba/latest/1040x760/1631216.png
1631217,Moussa Diabate,145,21.40537931034483,4.413793103448276,2.7241379310344827,0.5822344827586208,0.583837868597619,2.106206896551724,0.1604827586206896,0.2993426658042765,0.055330691010196,0.3425416448489504,5.7108885925738235,0.1359434819889705,moussa diabate,Moussa DiabatÃ©,CHO,C,73.0,1899.0,0.631,3.1,0.636,0.314,0.036,0.008,0.006,0.749,0.465,0.077,0.333,0.5,Rim Protector,at the rim,at the rim,Rim-Dominant Big,"Moussa Diabate profiles as a rim-dominant big. They take a large share of their shots at the rim, finish best at the rim, and their defensive profile as a Rim Protector suggests they impact the game around the basket.",Protects the basket with shot blocking and interior presence. This player is most valuable defensively near the rim.,97.0,Moussa DiabatÃ©,24.0,CHO,C,73.0,47.0,1899.0,0.0,0.0,0.0,1.0,99.0,10.4,10.7,26.0,10.0,73.0,13.0,79.0,4.0,359.0,16.0,38.0,,5.448275862068965,364.44827586206895,1.707762493454685,0.006,359.0,0.3425416448489504,99.0,0.2169986275788979,0.852346779446472,0.0062630480167014,0.2169184290030211,0.3382121427734753,0.356338660273332,Big,77.0,25.82191780821918,7.467532467532467,8.246753246753247,1.8311688311688312,0.7272727272727273,0.935064935064935,0.948051948051948,4.48051948051948,229.0,363.0,1.0,2.0,116.0,176.0,0.6308539944903582,0.5,0.6590909090909091,7.897916666666666,0.11141666666666666,0.6512291666666666,0.118125,0.11520833333333334,0.35566666666666663,0.1847916666666667,0.4615,CHA,https://cdn.nba.com/headshots/nba/latest/1040x760/1631217.png
1631218,Trayce Jackson-Davis,161,14.106956521739129,4.211180124223603,2.652173913043478,0.553248447204969,0.5563445149813481,-5.02919254658385,0.1242857142857142,0.4062971148655585,0.0927964531264976,0.9247293475161056,5.274174358526093,0.1249242847875915,trayce jacksondavis,Trayce Jackson-Davis,2TM,C,53.0,496.0,0.573,2.3,0.71,0.282,0.0,0.0,0.008,0.682,0.286,,,1.0,Rim Protector,at the rim,at the rim,Rim-Dominant Big,"Trayce Jackson-Davis profiles as a rim-dominant big. They take a large share of their shots at the rim, finish best at the rim, and their defensive profile as a Rim Protector suggests they impact the game around the basket.",Protects the basket with shot blocking and interior presence. This player is most valuable defensively near the rim.,381.0,Trayce Jackson-Davis,25.0,2TM,C,53.0,1.0,496.0,0.0,0.0,0.0,0.0,100.0,-5.8,-6.3,8.0,5.0,27.0,6.0,39.0,0.0,99.0,8.0,20.0,,5.304347826086956,104.30434782608695,-0.6675811957451683,0.008,99.0,0.9247293475161056,100.0,0.0617172227309079,0.4159161298450098,0.0083507306889352,0.0598187311178247,1.0,0.2359004042687384,Big,75.0,9.147735849056604,2.4133333333333336,1.9333333333333333,0.52,0.22666666666666666,0.32,0.29333333333333333,-1.0133333333333334,71.0,124.0,1.0,1.0,38.0,74.0,0.5725806451612904,1.0,0.5135135135135135,-9.194444444444445,0.11033333333333334,0.5306666666666666,0.13030555555555556,0.16558333333333333,0.2331111111111111,0.15275,0.28702777777777777,GSW,https://cdn.nba.com/headshots/nba/latest/1040x760/1631218.png
1631221,Collin Gillespie,126,22.646190476190476,8.325396825396826,3.5238095238095237,0.4108888888888888,0.5589034783438114,1.3452380952380951,0.1714285714285714,0.4400633156470342,0.1508029949102395,0.1538517727346562,6.361598971087407,0.1583844060896429,collin gillespie,Collin Gillespie,PHO,PG,80.0,2282.0,0.418,21.3,0.056,0.082,0.128,0.048,0.686,0.511,0.449,0.444,0.425,0.401,Disruptive Defender,three-point range,short paint / floater range,Elite 3PT Threat,Collin Gillespie profiles as an elite 3PT threat. They consistently take shots from three-point range and are most efficient short paint / floater range. Their defensive profile is Disruptive Defender.,"Creates defensive pressure with steals, blocks, and activity. This player can force mistakes and break up possessions.",39.0,Collin Gillespie,26.0,PHO,PG,80.0,58.0,2282.0,88.0,12.0,0.0,0.0,0.0,3.7,4.9,68.0,36.0,64.0,5.0,35.0,35.0,903.0,9.0,29.0,,7.0476190476190474,910.047619047619,0.7811555318203969,0.686,903.0,0.1538517727346562,0.0,0.5426700093159896,0.6820978676658305,0.7160751565762005,0.545619335347432,0.1237234725820729,0.5619380249222341,Guard,81.0,28.338625,12.493827160493828,4.037037037037037,4.580246913580247,1.2222222222222223,0.19753086419753085,1.5432098765432098,2.4691358024691357,352.0,842.0,232.0,578.0,76.0,87.0,0.4180522565320665,0.4013840830449827,0.8735632183908046,6.064705882352942,0.1172156862745098,0.5910000000000001,0.18801960784313726,0.2908627450980392,0.16480392156862744,0.24,0.11337254901960785,PHX,https://cdn.nba.com/headshots/nba/latest/1040x760/1631221.png
1631222,Jake LaRavia,175,23.277085714285715,6.462857142857143,2.8971428571428572,0.4443085714285714,0.5612817668282615,-1.8937142857142857,0.1483428571428571,0.3724334880655836,0.0843954156262268,0.1735464017933598,5.667855133758809,0.1373482861216629,jake laravia,Jake LaRavia,LAL,PF,82.0,2061.0,0.459,13.9,0.247,0.235,0.046,0.008,0.465,0.721,0.488,0.333,0.25,0.321,Disruptive Defender,three-point range,at the rim,Balanced Player,"Jake LaRavia profiles as a balanced player. Their most common shot comes three-point range, and they make shots most consistently at the rim. On defense, they profile as a Disruptive Defender.","Creates defensive pressure with steals, blocks, and activity. This player can force mistakes and break up possessions.",69.0,Jake LaRavia,24.0,LAL,PF,82.0,43.0,2061.0,0.0,5.0,56.0,39.0,1.0,0.5,-3.0,43.0,26.0,97.0,10.0,69.0,9.0,343.0,14.0,28.0,,5.7942857142857145,348.7942857142857,-0.397936079461992,0.465,343.0,0.1735464017933598,1.0,0.2076546709469823,0.4654590207522915,0.4853862212943633,0.207250755287009,0.146110868097162,0.3075707190994374,Wing,82.0,24.95219512195122,8.21951219512195,3.975609756097561,1.7682926829268293,1.2682926829268293,0.4634146341463415,1.0609756097560976,-0.06097560975609756,240.0,523.0,78.0,243.0,116.0,152.0,0.4588910133843212,0.32098765432098764,0.7631578947368421,-5.337999999999999,0.06834,0.53736,0.14116,0.14894,0.17244,0.29558,0.16832,LAL,https://cdn.nba.com/headshots/nba/latest/1040x760/1631222.png
1631223,David Roddy,73,12.83917808219178,4.657534246575342,2.0,0.3720547945205479,0.4394016297117684,-13.595890410958903,0.0883561643835616,0.4467843661562079,0.071902489015399,0.215390534326172,4.237116087201145,0.0913075683534399,david roddy,,,,,,,,,,,,,,,,,,Rim Protector,Not enough shooting data,Not enough shooting data,Balanced Player,"David Roddy profiles as a balanced player. Their most common shot comes Not enough shooting data, and they make shots most consistently Not enough shooting data. On defense, they profile as a Rim Protector.",Protects the basket with shot blocking and interior presence. This player is most valuable defensively near the rim.,,,,,,,,,,,,,,,,,,,,,,0.0,,,,4.0,4.0,0.0646171602978516,0.0,0.0,0.215390534326172,0.0,0.001844981389792,0.5504456320883763,0.0,0.0,0.1936761785280221,0.1577170184308131,Wing,11.0,14.362,3.6363636363636362,1.8181818181818181,0.36363636363636365,0.36363636363636365,0.09090909090909091,0.18181818181818182,0.45454545454545453,15.0,30.0,3.0,11.0,7.0,7.0,0.5,0.2727272727272727,1.0,,,,,,,,,,https://cdn.nba.com/headshots/nba/latest/1040x760/1631223.png
1631230,Dominick Barlow,129,18.455116279069767,4.682170542635659,2.511627906976744,0.4882015503875969,0.5377272442306436,-3.475968992248062,0.1220155038759689,0.3199416360665443,0.0558539997879548,0.2387407183128708,4.962367330406415,0.1242052969414769,dominick barlow,Dominick Barlow,PHI,PF,71.0,1689.0,0.539,7.7,0.489,0.248,0.04,0.018,0.206,0.744,0.465,0.125,0.143,0.256,Rim Protector,at the rim,at the rim,Rim-Dominant Big,"Dominick Barlow profiles as a rim-dominant big. They take a large share of their shots at the rim, finish best at the rim, and their defensive profile as a Rim Protector suggests they impact the game around the basket.",Protects the basket with shot blocking and interior presence. This player is most valuable defensively near the rim.,137.0,Dominick Barlow,22.0,PHI,PF,71.0,59.0,1689.0,0.0,0.0,0.0,89.0,11.0,0.9,1.9,25.0,15.0,86.0,9.0,74.0,2.0,219.0,23.0,26.0,,5.023255813953488,224.02325581395348,0.3566222154938612,0.206,219.0,0.2387407183128708,11.0,0.1331781265450914,0.6040967969726605,0.2150313152400835,0.1323262839879154,0.2202189381150227,0.271804669357508,Wing,72.0,23.5987323943662,7.569444444444445,4.722222222222222,1.2083333333333333,0.875,0.7361111111111112,0.7777777777777778,0.375,215.0,399.0,21.0,82.0,94.0,131.0,0.5388471177944862,0.25609756097560976,0.7175572519083969,1.565853658536585,0.08160975609756098,0.6319024390243903,0.1332439024390244,0.0921219512195122,0.23158536585365852,0.17765853658536584,0.21534146341463417,PHI,https://cdn.nba.com/headshots/nba/latest/1040x760/1631230.png
1631241,Javon Freeman-Liberty,22,17.863636363636363,5.636363636363637,2.5,0.3442727272727273,0.4257474567345579,-27.768181818181816,0.1145454545454545,0.4352044897412309,0.0791230983958502,0.1803962957851612,4.740833167867953,0.1119896932960415,javon freemanliberty,,,,,,,,,,,,,,,,,,Disruptive Defender,Not enough shooting data,Not enough shooting data,Balanced Player,"Javon Freeman-Liberty profiles as a balanced player. Their most common shot comes Not enough shooting data, and they make shots most consistently Not enough shooting data. On defense, they profile as a Disruptive Defender.","Creates defensive pressure with steals, blocks, and activity. This player can force mistakes and break up possessions.",,,,,,,,,,,,,,,,,,,,,,0.0,,,,5.0,5.0,0.0541188887355483,0.0,0.0,0.1803962957851612,0.0,0.0024418871335482,0.5485167459661444,0.0,0.0,0.1538973202092479,0.1534956733658802,Wing,,,,,,,,,,,,,,,,,,,,,,,,,,,,https://cdn.nba.com/headshots/nba/latest/1040x760/1631241.png
1631243,Mouhamed Gueye,113,15.35283185840708,4.176991150442478,1.823008849557522,0.3864778761061946,0.4729260284671966,1.075221238938053,0.1061946902654867,0.3280590822064365,0.0527913872341772,0.2410408401148938,4.305869701141896,0.0931594960358545,mouhamed gueye,Mouhamed Gueye,ATL,PF,77.0,1179.0,0.452,13.1,0.338,0.138,0.055,0.021,0.448,0.735,0.4,0.125,0.167,0.308,Rim Protector,three-point range,at the rim,Balanced Player,"Mouhamed Gueye profiles as a balanced player. Their most common shot comes three-point range, and they make shots most consistently at the rim. On defense, they profile as a Rim Protector.",Protects the basket with shot blocking and interior presence. This player is most valuable defensively near the rim.,237.0,Mouhamed Gueye,23.0,ATL,PF,77.0,8.0,1179.0,0.0,0.0,0.0,56.0,44.0,3.6,1.6,18.0,10.0,72.0,1.0,30.0,3.0,174.0,8.0,11.0,,3.646017699115044,177.64601769911505,0.3123122520344681,0.448,174.0,0.2410408401148938,44.0,0.1054952867347931,0.5959555640957818,0.4676409185803758,0.1051359516616314,0.2228335462074768,0.2941300932918299,Wing,81.0,15.123376623376624,4.222222222222222,3.3950617283950617,0.8518518518518519,0.7530864197530864,0.48148148148148145,0.4074074074074074,0.5308641975308642,131.0,290.0,40.0,130.0,40.0,62.0,0.4517241379310345,0.3076923076923077,0.6451612903225806,-3.3647058823529417,0.06345098039215687,0.44986274509803925,0.12205882352941176,0.08847058823529412,0.25080392156862746,0.21429411764705883,0.2628039215686275,ATL,https://cdn.nba.com/headshots/nba/latest/1040x760/1631243.png
1631245,Quenton Jackson,80,15.883500000000002,5.6375,2.65,0.38255,0.5069623752593156,-4.64125,0.119375,0.4715354479375202,0.1464557451969658,0.1501592121282957,5.182083021652987,0.1187058170962971,quenton jackson,Quenton Jackson,IND,PG,49.0,897.0,0.47,12.6,0.329,0.213,0.04,0.058,0.36,0.685,0.414,0.154,0.368,0.356,Disruptive Defender,three-point range,at the rim,On-Ball Creator,"Quenton Jackson profiles as an on-ball creator. They combine scoring volume with creation stats, meaning they likely generate offense for themselves and others. Defensively, they profile as a Disruptive Defender.","Creates defensive pressure with steals, blocks, and activity. This player can force mistakes and break up possessions.",305.0,Quenton Jackson,27.0,IND,PG,49.0,19.0,897.0,85.0,15.0,0.0,0.0,0.0,-3.6,5.4,31.0,18.0,37.0,3.0,52.0,22.0,346.0,13.0,25.0,,5.3,351.3,0.8550477636384888,0.36,346.0,0.1501592121282957,0.0,0.2091503461963373,0.6956743597244323,0.3757828810020877,0.2090634441087613,0.1195260431960394,0.3468051092904362,Guard,56.0,18.107142857142858,8.0,2.0357142857142856,2.5,0.5535714285714286,0.10714285714285714,1.1071428571428572,-1.125,154.0,328.0,42.0,118.0,98.0,119.0,0.4695121951219512,0.3559322033898305,0.8235294117647058,6.416666666666667,0.08587499999999999,0.5557916666666667,0.236,0.18683333333333332,0.12004166666666667,0.23841666666666664,0.08679166666666667,IND,https://cdn.nba.com/headshots/nba/latest/1040x760/1631245.png
1631246,Vince Williams Jr.,95,23.38936842105263,7.736842105263157,3.1789473684210527,0.3932631578947368,0.5192410114202608,-0.3336842105263156,0.1681052631578947,0.4504325345149841,0.1531913391484701,0.1943287666588085,6.0927986296065395,0.1421544902017737,vince williams jr,Vince Williams Jr.,2TM,SG,40.0,820.0,0.353,18.4,0.11,0.164,0.099,0.021,0.606,0.469,0.375,0.483,0.167,0.311,Rim Protector,three-point range,mid-range,On-Ball Creator,"Vince Williams Jr. profiles as an on-ball creator. They combine scoring volume with creation stats, meaning they likely generate offense for themselves and others. Defensively, they profile as a Rim Protector.",Protects the basket with shot blocking and interior presence. This player is most valuable defensively near the rim.,323.0,Vince Williams Jr.,25.0,2TM,SG,40.0,12.0,820.0,93.0,7.0,0.0,0.0,0.0,1.2,8.7,41.0,16.0,35.0,7.0,17.0,12.0,407.0,3.0,11.0,,6.3578947368421055,413.3578947368421,1.3632986299976424,0.606,407.0,0.1943287666588085,0.0,0.246193060010179,0.7890571643998902,0.6325678496868476,0.2459214501510574,0.1697347211077918,0.4321923096829563,Guard,48.0,20.31125,6.25,3.2291666666666665,3.4583333333333335,0.6041666666666666,0.3333333333333333,1.4583333333333333,0.125,103.0,292.0,55.0,177.0,39.0,50.0,0.3527397260273973,0.3107344632768362,0.78,-0.24999999999999958,0.07761764705882353,0.4684705882352941,0.19158823529411764,0.3080588235294118,0.18711764705882353,0.22329411764705884,0.17252941176470588,MEM,https://cdn.nba.com/headshots/nba/latest/1040x760/1631246.png
1631247,Luke Travers,24,7.757083333333334,2.3333333333333335,0.5833333333333334,0.191125,0.2286076415247013,-0.0166666666666674,0.0429166666666666,0.3469585742912303,0.0788175847929293,0.263536693434418,2.2276567398232316,0.0322850360490236,luke travers,,,,,,,,,,,,,,,,,,Rim Protector,Not enough shooting data,Not enough shooting data,Balanced Player,"Luke Travers profiles as a balanced player. Their most common shot comes Not enough shooting data, and they make shots most consistently Not enough shooting data. On defense, they profile as a Rim Protector.",Protects the basket with shot blocking and interior presence. This player is most valuable defensively near the rim.,,,,,,,,,,,,,,,,,,,,,,0.0,,,,1.1666666666666667,1.1666666666666667,0.0790610080303254,0.0,0.0,0.263536693434418,0.0,0.0001537484491493,0.553099453460538,0.0,0.0,0.2484051659730724,0.1631768793421014,Wing,19.0,8.388333333333334,1.4736842105263157,1.263157894736842,0.47368421052631576,0.3684210526315789,0.21052631578947367,0.15789473684210525,-1.6842105263157894,9.0,36.0,1.0,16.0,9.0,9.0,0.25,0.0625,1.0,-19.058333333333334,0.06425,0.32216666666666666,0.14341666666666666,0.12591666666666668,0.19116666666666668,0.24308333333333332,0.09025,CLE,https://cdn.nba.com/headshots/nba/latest/1040x760/1631247.png
1631248,Baylor Scheierman,108,16.587407407407408,4.101851851851852,1.7592592592592593,0.3379999999999999,0.4640216470073388,1.2037037037037035,0.0955555555555555,0.2803113489062073,0.0783119714460311,0.1875913317775921,4.001761712908505,0.0933832944391276,baylor scheierman,Baylor Scheierman,BOS,SG,77.0,1429.0,0.453,20.8,0.066,0.093,0.084,0.027,0.73,0.773,0.452,0.607,0.667,0.399,Disruptive Defender,three-point range,mid-range,Elite 3PT Threat,Baylor Scheierman profiles as an elite 3PT threat. They consistently take shots from three-point range and are most efficient mid-range. Their defensive profile is Disruptive Defender.,"Creates defensive pressure with steals, blocks, and activity. This player can force mistakes and break up possessions.",184.0,Baylor Scheierman,25.0,BOS,SG,77.0,20.0,1429.0,5.0,53.0,41.0,1.0,0.0,7.0,-1.3,23.0,12.0,47.0,3.0,11.0,31.0,299.0,1.0,4.0,,3.5185185185185186,302.51851851851853,-0.1387226004667223,0.73,299.0,0.1875913317775921,0.0,0.1800323997111019,0.5130852684981361,0.7620041753653445,0.1806646525679758,0.1620761041826717,0.3488589789888411,Guard,82.0,18.358571428571427,5.2073170731707314,3.2804878048780486,1.4146341463414633,0.5121951219512195,0.07317073170731707,0.5609756097560976,2.426829268292683,151.0,333.0,97.0,243.0,28.0,31.0,0.45345345345345345,0.3991769547325103,0.9032258064516129,8.22127659574468,-0.008276595744680851,0.4387234042553192,0.09263829787234043,0.14412765957446808,0.19142553191489362,0.18253191489361703,0.030127659574468082,BOS,https://cdn.nba.com/headshots/nba/latest/1040x760/1631248.png
1631250,Pete Nance,67,13.05955223880597,3.4328358208955225,1.7014925373134329,0.3537761194029851,0.442504094568743,-1.5432835820895527,0.0737313432835821,0.3383161783812263,0.0425913222382931,0.1378287018357225,3.705637177782114,0.0863986415078423,pete nance,Pete Nance,MIL,PF,47.0,737.0,0.515,17.1,0.211,0.155,0.015,0.005,0.613,0.878,0.467,0.0,0.0,0.42,Disruptive Defender,three-point range,at the rim,Elite 3PT Threat,Pete Nance profiles as an elite 3PT threat. They consistently take shots from three-point range and are most efficient at the rim. Their defensive profile is Disruptive Defender.,"Creates defensive pressure with steals, blocks, and activity. This player can force mistakes and break up possessions.",335.0,Pete Nance,25.0,MIL,PF,47.0,6.0,737.0,0.0,1.0,38.0,44.0,17.0,-5.9,0.6,17.0,3.0,29.0,4.0,4.0,0.0,123.0,1.0,7.0,,3.4029850746268657,126.40298507462688,0.1313486105507167,0.613,123.0,0.1378287018357225,17.0,0.0749080262337472,0.5627064473611825,0.639874739039666,0.0743202416918429,0.1055096324274031,0.284604020601669,Wing,61.0,15.180416666666666,4.163934426229508,2.0491803278688523,0.7868852459016393,0.22950819672131148,0.22950819672131148,0.4262295081967213,-1.278688524590164,100.0,194.0,50.0,119.0,4.0,11.0,0.5154639175257731,0.42016806722689076,0.36363636363636365,19.015,0.13355,0.56725,0.17985,0.10115,0.2185,0.1075,0.1,MIL,https://cdn.nba.com/headshots/nba/latest/1040x760/1631250.png
1631255,Karlo Matkovic,103,16.16611650485437,4.456310679611651,2.6407766990291264,0.5759514563106796,0.6516245484482068,-8.015533980582525,0.1220388349514563,0.3529252301385265,0.0584669516749392,0.2841390757153543,5.415578474553712,0.1314946955128856,karlo matkovic,Karlo MatkoviÄ,NOP,PF,62.0,912.0,0.604,10.8,0.447,0.157,0.013,0.0,0.383,0.848,0.405,0.0,,0.422,Rim Protector,at the rim,at the rim,Rim-Dominant Big,"Karlo Matkovic profiles as a rim-dominant big. They take a large share of their shots at the rim, finish best at the rim, and their defensive profile as a Rim Protector suggests they impact the game around the basket.",Protects the basket with shot blocking and interior presence. This player is most valuable defensively near the rim.,297.0,Karlo MatkoviÄ,24.0,NOP,PF,62.0,2.0,912.0,0.0,0.0,1.0,65.0,34.0,-2.8,2.2,15.0,6.0,69.0,10.0,17.0,3.0,124.0,4.0,10.0,,5.281553398058253,129.28155339805826,0.4152417227146063,0.383,124.0,0.2841390757153543,34.0,0.0766262601997982,0.6148671750581515,0.3997912317327766,0.0749244712990936,0.2718244281131,0.279010872545593,Wing,66.0,14.513709677419355,5.333333333333333,3.4696969696969697,0.7575757575757576,0.3787878787878788,0.8181818181818182,0.5151515151515151,-1.4090909090909092,142.0,235.0,38.0,90.0,30.0,41.0,0.6042553191489362,0.4222222222222222,0.7317073170731707,-13.758536585365855,0.11292682926829269,0.6585853658536585,0.13407317073170733,0.10517073170731708,0.27607317073170734,0.1126829268292683,0.39999999999999997,NOP,https://cdn.nba.com/headshots/nba/latest/1040x760/1631255.png
1631260,AJ Green,185,23.355675675675677,6.389189189189189,2.718918918918919,0.4074972972972973,0.5933364995068688,1.1259459459459462,0.1198378378378378,0.3215039572794382,0.0609261538343874,0.0991443406602495,5.1722066022686715,0.1346157089147318,aj green,A.J. Green,MIL,SG,78.0,2270.0,0.424,24.1,0.026,0.019,0.032,0.026,0.896,0.563,0.5,0.5,0.313,0.419,Disruptive Defender,three-point range,three-point range,Elite 3PT Threat,AJ Green profiles as an elite 3PT threat. They consistently take shots from three-point range and are most efficient three-point range. Their defensive profile is Disruptive Defender.,"Creates defensive pressure with steals, blocks, and activity. This player can force mistakes and break up possessions.",41.0,A.J. Green,26.0,MIL,SG,78.0,68.0,2270.0,17.0,61.0,22.0,0.0,0.0,-3.7,6.6,38.0,23.0,114.0,4.0,13.0,16.0,384.0,3.0,12.0,,5.437837837837838,389.43783783783783,1.0197433021980746,0.896,384.0,0.0991443406602495,0.0,0.2319150406561871,0.7259344779577794,0.9352818371607516,0.23202416918429,0.0615361160284667,0.4438979398473081,Guard,78.0,28.902051282051282,10.371794871794872,2.730769230769231,1.9487179487179487,0.5,0.10256410256410256,0.9615384615384616,-1.8974358974358974,262.0,618.0,232.0,554.0,53.0,62.0,0.42394822006472493,0.4187725631768953,0.8548387096774194,-2.35,0.05502173913043479,0.6341086956521739,0.1287391304347826,0.1233913043478261,0.10163043478260869,0.10104347826086955,0.025565217391304348,MIL,https://cdn.nba.com/headshots/nba/latest/1040x760/1631260.png
1631288,Jamal Cain,91,11.385054945054945,3.648351648351648,1.6703296703296704,0.3424285714285714,0.472336595857054,-13.069230769230767,0.0741758241758241,0.3798574470906914,0.0546140997421886,0.1437521793349152,3.873977429005292,0.0834795366005462,jamal cain,Jamal Cain,ORL,SF,40.0,486.0,0.487,14.8,0.224,0.184,0.079,0.033,0.48,0.618,0.607,0.417,0.6,0.384,Disruptive Defender,three-point range,at the rim,Perimeter Shooter,"Jamal Cain is a perimeter shooter. Their shot profile is built around three-point range, with their best efficiency coming at the rim. Defensively, they profile as a Disruptive Defender.","Creates defensive pressure with steals, blocks, and activity. This player can force mistakes and break up possessions.",387.0,Jamal Cain,26.0,ORL,SF,40.0,1.0,486.0,0.0,46.0,49.0,4.0,0.0,4.5,4.5,9.0,8.0,28.0,0.0,20.0,6.0,75.0,3.0,8.0,,3.340659340659341,78.34065934065934,0.7181256538004746,0.48,75.0,0.1437521793349152,0.0,0.0462193479448582,0.6705171559003672,0.5010438413361169,0.0453172205438066,0.1122430028911922,0.2770296266969526,Wing,57.0,11.668048780487805,3.7719298245614037,1.368421052631579,0.5087719298245614,0.19298245614035087,0.07017543859649122,0.3333333333333333,0.7719298245614035,74.0,152.0,28.0,73.0,39.0,46.0,0.4868421052631579,0.3835616438356164,0.8478260869565217,-36.205263157894734,-0.0017368421052631551,0.44026315789473686,0.14263157894736841,0.08257894736842104,0.13063157894736843,0.0701578947368421,0.05263157894736842,ORL,https://cdn.nba.com/headshots/nba/latest/1040x760/1631288.png
1631303,Justin Minaya,47,9.106382978723405,1.8936170212765957,0.5957446808510638,0.200531914893617,0.2479338841897681,-14.044680851063829,0.0368085106382978,0.3147207623151056,0.0643652788075516,0.169968064848314,2.133881475071856,0.0356339759705398,justin minaya,,,,,,,,,,,,,,,,,,Disruptive Defender,Not enough shooting data,Not enough shooting data,Balanced Player,"Justin Minaya profiles as a balanced player. Their most common shot comes Not enough shooting data, and they make shots most consistently Not enough shooting data. On defense, they profile as a Disruptive Defender.","Creates defensive pressure with steals, blocks, and activity. This player can force mistakes and break up possessions.",,,,,,,,,,,,,,,,,,,,,,0.0,,,,1.1914893617021276,1.1914893617021276,0.0509904194544942,0.0,0.0,0.169968064848314,0.0,0.0001685652583915,0.5479419407761432,0.0,0.0,0.1420432797086621,0.1512572392682586,Wing,,,,,,,,,,,,,,,,,,,,,,,,,,,,https://cdn.nba.com/headshots/nba/latest/1040x760/1631303.png
1631306,Cole Swider,24,9.0125,3.5833333333333335,1.25,0.2344166666666666,0.3305718232633555,7.087499999999999,0.0479166666666666,0.5841461839754228,0.0577845739918445,0.0984990807029963,3.3162578377409124,0.0475928690885209,cole swider,,,,,,,,,,,,,,,,,,Disruptive Defender,Not enough shooting data,Not enough shooting data,Volume Shot Creator,"Cole Swider profiles as a balanced player. Their most common shot comes Not enough shooting data, and they make shots most consistently Not enough shooting data. On defense, they profile as a Disruptive Defender.","Creates defensive pressure with steals, blocks, and activity. This player can force mistakes and break up possessions.",,,,,,,,,,,,,,,,,,,,,,0.0,,,,2.5,2.5,0.0295497242108989,0.0,0.0,0.0984990807029963,0.0,0.0009496227741576,0.5440025628260743,0.0,0.0,0.0608026323040452,0.1424607530465861,Wing,,,,,,,,,,,,,,,,,,,,,,,,,,,,https://cdn.nba.com/headshots/nba/latest/1040x760/1631306.png
1631311,Lester Quinones,45,11.480444444444444,4.444444444444445,1.7333333333333334,0.3170666666666666,0.4382654077284264,2.7244444444444444,0.0786666666666666,0.5002408826326262,0.1418751654664065,0.2184048176880605,4.101944655117198,0.0768427026142854,lester quinones,,,,,,,,,,,,,,,,,,Rim Protector,Not enough shooting data,Not enough shooting data,On-Ball Creator,"Lester Quinones profiles as an on-ball creator. They combine scoring volume with creation stats, meaning they likely generate offense for themselves and others. Defensively, they profile as a Rim Protector.",Protects the basket with shot blocking and interior presence. This player is most valuable defensively near the rim.,,,,,,,,,,,,,,,,,,,,,,0.0,,,,3.466666666666667,3.466666666666667,0.0655214453064181,0.0,0.0,0.2184048176880605,0.0,0.0015266316597887,0.5506117797054592,0.0,0.0,0.1971025925831437,0.1579738568485946,Wing,,,,,,,,,,,,,,,,,,,,,,,,,,,,https://cdn.nba.com/headshots/nba/latest/1040x760/1631311.png
1631321,Sidy Cissoko,104,15.732019230769232,3.7596153846153846,1.5480769230769231,0.3168461538461538,0.3974246080584798,-3.7942307692307695,0.0765384615384615,0.2983303311306359,0.117496819495087,0.1637199908531734,3.4788383325905574,0.0811153448491906,sidy cissoko,Sidy Cissoko,POR,SF,75.0,1435.0,0.398,16.3,0.216,0.159,0.015,0.018,0.593,0.736,0.377,0.0,0.167,0.298,Disruptive Defender,three-point range,at the rim,Balanced Player,"Sidy Cissoko profiles as a balanced player. Their most common shot comes three-point range, and they make shots most consistently at the rim. On defense, they profile as a Disruptive Defender.","Creates defensive pressure with steals, blocks, and activity. This player can force mistakes and break up possessions.",182.0,Sidy Cissoko,21.0,POR,SF,75.0,26.0,1435.0,13.0,38.0,36.0,12.0,0.0,-1.4,-1.6,30.0,25.0,84.0,8.0,36.0,50.0,279.0,9.0,27.0,,3.0961538461538463,282.09615384615387,-0.1908840027440479,0.593,279.0,0.1637199908531734,0.0,0.1678421729370827,0.5035014618332215,0.6189979123173278,0.1685800604229607,0.1349409319914331,0.316214020722177,Guard,76.0,18.926000000000002,5.0394736842105265,2.1842105263157894,1.4473684210526316,0.6842105263157895,0.32894736842105265,0.9210526315789473,-0.7894736842105263,133.0,334.0,59.0,198.0,58.0,88.0,0.39820359281437123,0.29797979797979796,0.6590909090909091,-1.648936170212766,0.03168085106382979,0.4990425531914893,0.12051063829787233,0.14340425531914894,0.11938297872340425,0.17595744680851064,0.128,POR,https://cdn.nba.com/headshots/nba/latest/1040x760/1631321.png
1631323,Simone Fontecchio,180,18.607833333333332,6.572222222222222,2.7888888888888888,0.3875944444444444,0.5334790354539833,-0.7638888888888888,0.126,0.4361105328895486,0.0709862668300744,0.1841192283055854,5.338769283252159,0.1276954586934928,simone fontecchio,Simone Fontecchio,MIA,SF,70.0,1173.0,0.412,18.9,0.151,0.127,0.013,0.013,0.696,0.634,0.383,0.167,0.333,0.375,Disruptive Defender,three-point range,at the rim,Elite 3PT Threat,Simone Fontecchio profiles as an elite 3PT threat. They consistently take shots from three-point range and are most efficient at the rim. Their defensive profile is Disruptive Defender.,"Creates defensive pressure with steals, blocks, and activity. This player can force mistakes and break up possessions.",242.0,Simone Fontecchio,30.0,MIA,SF,70.0,9.0,1173.0,0.0,0.0,24.0,73.0,3.0,4.2,2.3,22.0,12.0,58.0,5.0,39.0,1.0,248.0,8.0,20.0,,5.5777777777777775,253.57777777777775,0.4002357684916756,0.696,248.0,0.1841192283055854,3.0,0.1508193904592683,0.6121100757890306,0.7265135699373695,0.1498489425981873,0.1581292741375139,0.3531301322951405,Wing,81.0,16.536142857142856,7.37037037037037,2.6049382716049383,1.2469135802469136,0.4567901234567901,0.1111111111111111,0.6049382716049383,1.123456790123457,194.0,471.0,123.0,328.0,86.0,102.0,0.4118895966029724,0.375,0.8431372549019608,0.3960000000000001,0.11512,0.52276,0.19341999999999998,0.15539999999999998,0.19472,0.12884,0.09832,MIA,https://cdn.nba.com/headshots/nba/latest/1040x760/1631323.png
1631342,Daeqwon Plowden,38,23.90421052631579,8.0,3.5789473684210527,0.4115,0.5466064960450371,-10.505263157894737,0.141578947368421,0.3958636279571811,0.0422491882008689,0.1208916791262275,5.807862533523158,0.1631041097001828,daeqwon plowden,Daeqwon Plowden,SAC,SG,32.0,844.0,0.43,18.5,0.136,0.172,0.025,0.0,0.667,0.921,0.396,0.571,,0.333,Disruptive Defender,three-point range,at the rim,Balanced Player,"Daeqwon Plowden profiles as a balanced player. Their most common shot comes three-point range, and they make shots most consistently at the rim. On defense, they profile as a Disruptive Defender.","Creates defensive pressure with steals, blocks, and activity. This player can force mistakes and break up possessions.",318.0,Daeqwon Plowden,27.0,SAC,SG,32.0,7.0,844.0,6.0,38.0,46.0,10.0,0.0,-11.8,-2.1,11.0,10.0,46.0,2.0,22.0,6.0,100.0,8.0,12.0,,7.157894736842105,107.15789473684212,-0.2787324962621317,0.667,100.0,0.1208916791262275,0.0,0.0634205212720156,0.4873607343810514,0.6962421711899792,0.0604229607250755,0.0862568795517177,0.2663127018102453,Wing,40.0,26.1821875,8.6,2.425,1.025,0.575,0.175,0.65,-5.125,120.0,279.0,62.0,186.0,42.0,49.0,0.43010752688172044,0.3333333333333333,0.8571428571428571,-0.875,0.030500000000000003,0.33325000000000005,0.1375,0.05,0.16,0.0,0.03575,SAC,https://cdn.nba.com/headshots/nba/latest/1040x760/1631342.png
1631367,Jacob Gilyard,21,18.0,4.238095238095238,1.619047619047619,0.3113809523809523,0.4452587532188016,-10.6,0.0995238095238095,0.2585415687192671,0.2018500877635439,0.0675898392397301,3.912383206618748,0.0884046901905371,jacob gilyard,,,,,,,,,,,,,,,,,,Disruptive Defender,Not enough shooting data,Not enough shooting data,Balanced Player,"Jacob Gilyard profiles as a balanced player. Their most common shot comes Not enough shooting data, and they make shots most consistently Not enough shooting data. On defense, they profile as a Disruptive Defender.","Creates defensive pressure with steals, blocks, and activity. This player can force mistakes and break up possessions.",,,,,,,,,,,,,,,,,,,,,,0.0,,,,3.238095238095238,3.238095238095238,0.020276951771919,0.0,0.0,0.0675898392397301,0.0,0.0013901960612158,0.5422988421739636,0.0,0.0,0.0256672960838523,0.1386975185763624,Wing,,,,,,,,,,,,,,,,,,,,,,,,,,,,https://cdn.nba.com/headshots/nba/latest/1040x760/1631367.png
1631466,Nate Williams,52,9.232115384615383,3.6346153846153846,1.75,0.3406923076923077,0.435090533116433,-17.807692307692307,0.0594230769230769,0.4548671327143233,0.068954060332255,0.1813077526162483,3.718852018624099,0.0804047946133355,nate williams,,,,,,,,,,,,,,,,,,Disruptive Defender,Not enough shooting data,Not enough shooting data,Balanced Player,"Nate Williams profiles as a balanced player. Their most common shot comes Not enough shooting data, and they make shots most consistently Not enough shooting data. On defense, they profile as a Disruptive Defender.","Creates defensive pressure with steals, blocks, and activity. This player can force mistakes and break up possessions.",,,,,,,,,,,,,,,,,,,,,,0.0,,,,3.5,3.5,0.0543923257848745,0.0,0.0,0.1813077526162483,0.0,0.0015465285179139,0.5485669855628836,0.0,0.0,0.1549333968224025,0.1532536974801267,Wing,16.0,16.85,7.0,1.875,0.875,0.3125,0.0,0.9375,-4.9375,43.0,88.0,13.0,30.0,13.0,15.0,0.48863636363636365,0.43333333333333335,0.8666666666666667,,,,,,,,,,https://cdn.nba.com/headshots/nba/latest/1040x760/1631466.png
1641705,Victor Wembanyama,153,30.251960784313727,17.516339869281047,8.601307189542483,0.4908888888888889,0.6022263033321823,8.642483660130718,0.4062091503267974,0.7722998282071251,0.1200976516001425,0.3712959589813501,12.454873337652623,0.3453879281834304,victor wembanyama,Victor Wembanyama,SAS,C,64.0,1866.0,0.512,12.8,0.328,0.148,0.119,0.081,0.324,0.78,0.425,0.391,0.42,0.349,Rim Protector,at the rim,at the rim,Three-Level Scorer,"Victor Wembanyama profiles as a three-level scorer. They have a balanced shot diet that includes rim attempts, mid-range looks, and threes. Their most common shot comes at the rim, while their most reliable area is at the rim. Defensively, they profile as a Rim Protector.",Protects the basket with shot blocking and interior presence. This player is most valuable defensively near the rim.,103.0,Victor Wembanyama,22.0,SAS,C,64.0,55.0,1866.0,0.0,0.0,0.0,0.0,100.0,16.4,16.0,50.0,66.0,81.0,28.0,182.0,12.0,484.0,35.0,33.0,"MVP-3,DPOY-1,AS,NBA1,DEF1",17.202614379084967,501.202614379085,2.511388787694405,0.324,484.0,0.3712959589813501,100.0,0.2986280777232912,1.0,0.3382045929018789,0.2924471299093655,0.3708979172213401,0.4865164247376689,Big,64.0,28.92796875,25.0,11.5,3.109375,1.03125,3.078125,2.421875,10.65625,553.0,1080.0,122.0,350.0,372.0,450.0,0.5120370370370371,0.3485714285714286,0.8266666666666667,13.764864864864863,0.20424324324324325,0.6250270270270271,0.3198648648648649,0.16789189189189188,0.39194594594594595,0.22191891891891893,0.6407297297297297,SAS,https://cdn.nba.com/headshots/nba/latest/1040x760/1641705.png
1641706,Brandon Miller,139,31.55791366906475,16.345323741007196,7.0215827338129495,0.4316187050359712,0.5604290557405828,-1.7294964028776978,0.2702877697841727,0.6388399209181687,0.0984612749620606,0.1497651580593263,9.470837512655208,0.2881526072090004,brandon miller,Brandon Miller,CHO,SF,65.0,1968.0,0.435,17.3,0.122,0.199,0.124,0.045,0.511,0.748,0.423,0.395,0.34,0.383,Disruptive Defender,three-point range,at the rim,Elite 3PT Threat,Brandon Miller profiles as an elite 3PT threat. They consistently take shots from three-point range and are most efficient at the rim. Their defensive profile is Disruptive Defender.,"Creates defensive pressure with steals, blocks, and activity. This player can force mistakes and break up possessions.",85.0,Brandon Miller,23.0,CHO,SF,65.0,65.0,1968.0,0.0,3.0,87.0,10.0,0.0,8.2,7.1,81.0,47.0,89.0,29.0,93.0,8.0,553.0,18.0,31.0,,14.0431654676259,567.043165467626,1.109929547417798,0.511,553.0,0.1497651580593263,0.0,0.3379286808401181,0.7425047291451431,0.5334029227557412,0.3341389728096677,0.1190781117183735,0.4461298014884983,Wing,65.0,30.08323076923077,20.16923076923077,4.907692307692308,3.3384615384615386,1.0153846153846153,0.676923076923077,2.5076923076923077,5.723076923076923,454.0,1044.0,204.0,533.0,199.0,223.0,0.43486590038314177,0.3827392120075047,0.8923766816143498,5.642857142857143,0.10642857142857143,0.5646857142857142,0.28354285714285715,0.20297142857142858,0.1528857142857143,0.2501142857142857,0.3033142857142857,CHA,https://cdn.nba.com/headshots/nba/latest/1040x760/1641706.png
1641707,Taylor Hendricks,91,20.307692307692307,6.131868131868132,2.791208791208791,0.454989010989011,0.5797508257349135,-12.78021978021978,0.1346153846153846,0.3925840813075135,0.050172459476522,0.2097421033569325,5.520574485973613,0.1323705902966282,taylor hendricks,Taylor Hendricks,2TM,PF,59.0,1118.0,0.459,14.7,0.234,0.214,0.028,0.006,0.518,0.687,0.474,0.6,0.5,0.342,Rim Protector,three-point range,at the rim,Efficient Role Finisher,"Taylor Hendricks profiles as a balanced player. Their most common shot comes three-point range, and they make shots most consistently at the rim. On defense, they profile as a Rim Protector.",Protects the basket with shot blocking and interior presence. This player is most valuable defensively near the rim.,259.0,Taylor Hendricks,22.0,2TM,PF,59.0,17.0,1118.0,0.0,0.0,14.0,28.0,58.0,-9.7,-3.2,21.0,12.0,51.0,8.0,39.0,2.0,138.0,18.0,23.0,,5.582417582417582,143.58241758241758,-0.4170773689929202,0.518,138.0,0.2097421033569325,58.0,0.0851625281721203,0.4619421210875501,0.5407098121085595,0.0833836858006042,0.1872554605865405,0.2577209279957341,Big,72.0,18.764237288135593,6.083333333333333,3.0694444444444446,0.7638888888888888,0.6944444444444444,0.4166666666666667,0.6944444444444444,-3.5694444444444446,163.0,355.0,63.0,184.0,49.0,72.0,0.4591549295774648,0.3423913043478261,0.6805555555555556,-21.75294117647059,0.06385294117647058,0.5511470588235294,0.14420588235294116,0.09352941176470589,0.24417647058823527,0.1566470588235294,0.17647058823529413,MEM,https://cdn.nba.com/headshots/nba/latest/1040x760/1641707.png
1641708,Amen Thompson,198,31.946818181818184,10.77777777777778,5.873737373737374,0.5417676767676768,0.5931658607951333,5.585858585858586,0.2713131313131313,0.454446252925641,0.1305595025540368,0.2494744191681812,8.813895138741731,0.2546657467462059,amen thompson,Amen Thompson,HOU,PG,79.0,2953.0,0.534,7.8,0.383,0.333,0.112,0.06,0.111,0.76,0.486,0.325,0.333,0.216,Rim Protector,at the rim,at the rim,Rim-Dominant Big,"Amen Thompson profiles as a rim-dominant big. They take a large share of their shots at the rim, finish best at the rim, and their defensive profile as a Rim Protector suggests they impact the game around the basket.",Protects the basket with shot blocking and interior presence. This player is most valuable defensively near the rim.,1.0,Amen Thompson,23.0,HOU,PG,79.0,79.0,2953.0,83.0,16.0,1.0,0.0,0.0,6.6,5.5,92.0,72.0,80.0,14.0,191.0,12.0,1040.0,51.0,68.0,DPOY-8,11.747474747474747,1051.7474747474748,0.8998423257504543,0.111,1040.0,0.2494744191681812,0.0,0.6272514670726652,0.7039046296975845,0.115866388308977,0.6283987915407855,0.2324202141924865,0.530338603073136,Guard,81.0,37.18392405063291,17.814814814814813,7.580246913580247,5.185185185185185,1.4691358024691359,0.5925925925925926,2.345679012345679,4.54320987654321,557.0,1044.0,25.0,116.0,304.0,390.0,0.5335249042145593,0.21551724137931033,0.7794871794871795,7.9879999999999995,0.12254,0.5615399999999999,0.20007999999999998,0.28468,0.2023,0.20724,0.13432,HOU,https://cdn.nba.com/headshots/nba/latest/1040x760/1641708.png
1641709,Ausar Thompson,163,24.250674846625767,7.699386503067485,4.049079754601227,0.5212024539877301,0.551453956375114,6.333128834355828,0.1886503067484662,0.4267658964693251,0.1017991709779554,0.2304132007927517,6.754826177401415,0.1804405585798979,ausar thompson,Ausar Thompson,DET,SF,73.0,1896.0,0.525,5.5,0.426,0.414,0.097,0.021,0.042,0.683,0.452,0.321,0.25,0.25,Rim Protector,at the rim,at the rim,Rim-Dominant Big,"Ausar Thompson profiles as a rim-dominant big. They take a large share of their shots at the rim, finish best at the rim, and their defensive profile as a Rim Protector suggests they impact the game around the basket.",Protects the basket with shot blocking and interior presence. This player is most valuable defensively near the rim.,98.0,Ausar Thompson,23.0,DET,SF,73.0,72.0,1896.0,0.0,3.0,80.0,17.0,0.0,12.2,7.5,52.0,38.0,72.0,7.0,89.0,15.0,538.0,16.0,42.0,"DPOY-3,DEF1",8.098159509202453,546.0981595092024,1.1941239602378255,0.042,538.0,0.2304132007927517,0.0,0.3254264864805262,0.75797407888469,0.0438413361169102,0.3250755287009063,0.2107528330248458,0.3798231509034948,Wing,73.0,25.75013698630137,9.876712328767123,5.726027397260274,3.1232876712328768,2.0,0.9452054794520548,1.5068493150684932,5.438356164383562,303.0,577.0,6.0,24.0,109.0,191.0,0.5251299826689775,0.25,0.5706806282722513,8.593617021276597,0.09974468085106382,0.5464468085106383,0.17953191489361703,0.17991489361702126,0.24751063829787232,0.39474468085106384,0.26304255319148934,DET,https://cdn.nba.com/headshots/nba/latest/1040x760/1641709.png
1641710,Anthony Black,180,23.738222222222223,8.38888888888889,3.65,0.3960111111111111,0.4939792374667496,-4.37,0.1598888888888888,0.4667412083677445,0.1200477178873311,0.1212084034668102,6.091253462469071,0.1593840196839581,anthony black,Anthony Black,ORL,PG,64.0,1910.0,0.447,13.3,0.258,0.237,0.071,0.045,0.389,0.729,0.388,0.382,0.229,0.333,Disruptive Defender,three-point range,at the rim,Balanced Player,"Anthony Black profiles as a balanced player. Their most common shot comes three-point range, and they make shots most consistently at the rim. On defense, they profile as a Disruptive Defender.","Creates defensive pressure with steals, blocks, and activity. This player can force mistakes and break up possessions.",95.0,Anthony Black,22.0,ORL,PG,64.0,40.0,1910.0,49.0,50.0,1.0,0.0,0.0,0.5,-0.1,70.0,44.0,89.0,5.0,115.0,16.0,554.0,32.0,54.0,,7.3,561.3,0.021362521040043,0.389,554.0,0.1212084034668102,0.0,0.3345005523851496,0.5424982978161214,0.4060542797494781,0.3347432024169184,0.0866169083220361,0.3724689484444073,Guard,64.0,29.669687500000002,14.984375,3.8125,3.6875,1.421875,0.703125,2.0625,-0.21875,345.0,772.0,100.0,300.0,169.0,231.0,0.44689119170984454,0.3333333333333333,0.7316017316017316,-1.7580000000000005,0.08837999999999999,0.54522,0.21874,0.23672,0.14888,0.27972,0.26034,ORL,https://cdn.nba.com/headshots/nba/latest/1040x760/1641710.png
1641711,Gradey Dick,171,21.30701754385965,8.23391812865497,3.47953216374269,0.3887953216374268,0.5002730177962315,-4.874853801169591,0.1347368421052631,0.4752608474218507,0.053423403826228,0.1263089299949264,5.690229637121284,0.1520909910607671,gradey dick,Gradey Dick,TOR,SG,76.0,1067.0,0.419,15.5,0.24,0.13,0.081,0.065,0.484,0.717,0.36,0.355,0.4,0.301,Disruptive Defender,three-point range,at the rim,Balanced Player,"Gradey Dick profiles as a balanced player. Their most common shot comes three-point range, and they make shots most consistently at the rim. On defense, they profile as a Disruptive Defender.","Creates defensive pressure with steals, blocks, and activity. This player can force mistakes and break up possessions.",269.0,Gradey Dick,22.0,TOR,SG,76.0,1.0,1067.0,0.0,44.0,52.0,4.0,0.0,4.5,2.1,23.0,15.0,64.0,2.0,36.0,4.0,121.0,7.0,22.0,,6.95906432748538,127.95906432748538,0.3528926789984779,0.484,121.0,0.1263089299949264,0.0,0.0758368588775184,0.6034115554883257,0.5052192066805845,0.0731117824773413,0.0924148090786223,0.2735231725807728,Wing,82.0,13.843026315789473,5.548780487804878,1.7926829268292683,0.6219512195121951,0.5487804878048781,0.08536585365853659,0.524390243902439,1.5,161.0,384.0,56.0,186.0,77.0,88.0,0.4192708333333333,0.3010752688172043,0.875,-0.4094339622641508,0.048792452830188675,0.4743207547169811,0.1578867924528302,0.07273584905660377,0.15466037735849056,0.2128679245283019,0.07075471698113207,TOR,https://cdn.nba.com/headshots/nba/latest/1040x760/1641711.png
1641712,Rayan Rupert,147,14.233197278911566,4.1020408163265305,1.5918367346938775,0.2833197278911565,0.3676395434325832,-12.4312925170068,0.0761904761904761,0.3541818661872774,0.0740988149581284,0.1572634022659016,3.5112823626723046,0.0781148043439204,rayan rupert,Rayan Rupert,2TM,SG,64.0,1072.0,0.393,14.1,0.201,0.265,0.07,0.029,0.435,0.587,0.361,0.455,0.222,0.324,Disruptive Defender,three-point range,at the rim,Balanced Player,"Rayan Rupert profiles as a balanced player. Their most common shot comes three-point range, and they make shots most consistently at the rim. On defense, they profile as a Disruptive Defender.","Creates defensive pressure with steals, blocks, and activity. This player can force mistakes and break up possessions.",268.0,Rayan Rupert,21.0,2TM,SG,64.0,8.0,1072.0,4.0,37.0,38.0,20.0,1.0,-13.8,-12.5,24.0,20.0,63.0,5.0,23.0,4.0,170.0,1.0,27.0,,3.183673469387755,173.18367346938774,-1.8278209793202296,0.435,170.0,0.1572634022659016,1.0,0.1028316878334513,0.2027409987086413,0.454070981210856,0.1027190332326284,0.1276015603307322,0.1829606313485053,Wing,73.0,16.56203125,4.5479452054794525,2.5753424657534247,0.9315068493150684,0.7534246575342466,0.1232876712328767,0.7534246575342466,-4.36986301369863,123.0,313.0,44.0,136.0,42.0,54.0,0.3929712460063898,0.3235294117647059,0.7777777777777778,-9.534090909090908,-0.0006136363636363626,0.3180454545454545,0.11731818181818182,0.1292727272727273,0.18445454545454545,0.21152272727272728,0.022727272727272728,POR,https://cdn.nba.com/headshots/nba/latest/1040x760/1641712.png
1641713,GG Jackson,128,21.99453125,9.890625,4.4296875,0.4295078125,0.5365726189027006,-8.040625,0.174765625,0.5658501634496095,0.0590698689058315,0.1983455581274531,6.913293183607321,0.1862454782983975,gg jackson,,,,,,,,,,,,,,,,,,Rim Protector,Not enough shooting data,Not enough shooting data,Balanced Player,"GG Jackson profiles as a balanced player. Their most common shot comes Not enough shooting data, and they make shots most consistently Not enough shooting data. On defense, they profile as a Rim Protector.",Protects the basket with shot blocking and interior presence. This player is most valuable defensively near the rim.,,,,,,,,,,,,,,,,,,,,,,0.0,,,,8.859375,8.859375,0.0595036674382359,0.0,0.0,0.1983455581274531,0.0,0.0047455702383575,0.5495061112011036,0.0,0.0,0.1743007121219989,0.1567048271078188,Wing,74.0,21.226727272727274,9.27027027027027,3.175675675675676,1.0945945945945945,0.4189189189189189,0.5945945945945946,1.1486486486486487,-1.1486486486486487,255.0,514.0,64.0,193.0,112.0,151.0,0.4961089494163424,0.3316062176165803,0.7417218543046358,-2.186666666666667,0.09443333333333334,0.5303,0.1970333333333333,0.09203333333333334,0.20913333333333334,0.2089,0.2553,MEM,https://cdn.nba.com/headshots/nba/latest/1040x760/1641713.png
1641715,Cam Whitmore,111,17.483243243243244,9.01801801801802,4.054054054054054,0.4167567567567567,0.5116193040313449,-8.9,0.1504504504504504,0.6203974591804576,0.0500115037826215,0.1820174006603916,6.451328506130626,0.1663812412924915,cam whitmore,,,,,,,,,,,,,,,,,,Disruptive Defender,Not enough shooting data,Not enough shooting data,Volume Shot Creator,"Cam Whitmore profiles as a balanced player. Their most common shot comes Not enough shooting data, and they make shots most consistently Not enough shooting data. On defense, they profile as a Disruptive Defender.","Creates defensive pressure with steals, blocks, and activity. This player can force mistakes and break up possessions.",,,,,,,,,,,,,,,,,,,,,,0.0,,,,8.108108108108109,8.108108108108109,0.0546052201981174,0.0,0.0,0.1820174006603916,0.0,0.0042971347154933,0.5486061014379844,0.0,0.0,0.1557400721547171,0.1544443864611651,Wing,26.0,16.705238095238094,7.423076923076923,2.230769230769231,0.5769230769230769,0.5769230769230769,0.3076923076923077,0.6923076923076923,-5.846153846153846,77.0,169.0,16.0,56.0,23.0,31.0,0.4556213017751479,0.2857142857142857,0.7419354838709677,-21.833333333333332,0.06395238095238095,0.46742857142857147,0.21957142857142856,0.08023809523809525,0.173,0.26895238095238094,0.17061904761904761,WAS,https://cdn.nba.com/headshots/nba/latest/1040x760/1641715.png
1641716,Jarace Walker,175,19.166742857142857,6.714285714285714,2.914285714285714,0.4106,0.5262650549084356,-10.018857142857142,0.1367428571428571,0.4382444088149035,0.1013878069523918,0.1865127605586489,5.5264268394979705,0.1324099204501207,jarace walker,Jarace Walker,IND,PF,76.0,1953.0,0.419,16.1,0.166,0.207,0.086,0.055,0.486,0.615,0.368,0.429,0.4,0.374,Disruptive Defender,three-point range,at the rim,Perimeter Shooter,"Jarace Walker is a perimeter shooter. Their shot profile is built around three-point range, with their best efficiency coming at the rim. Defensively, they profile as a Disruptive Defender.","Creates defensive pressure with steals, blocks, and activity. This player can force mistakes and break up possessions.",88.0,Jarace Walker,22.0,IND,PF,76.0,41.0,1953.0,0.0,2.0,58.0,40.0,0.0,-10.6,-5.8,69.0,53.0,74.0,8.0,81.0,1.0,448.0,15.0,30.0,,5.828571428571428,453.8285714285714,-0.8140461718324054,0.486,448.0,0.1865127605586489,0.0,0.2703502393811744,0.389005580037732,0.5073068893528184,0.2706948640483383,0.160850064311715,0.3246420170008308,Wing,80.0,25.516184210526315,11.05,4.8875,2.4,0.7875,0.325,1.7375,-5.7375,307.0,733.0,133.0,356.0,137.0,183.0,0.41882673942701226,0.37359550561797755,0.7486338797814208,-12.203846153846154,0.08001923076923076,0.5437884615384616,0.18917307692307692,0.1404423076923077,0.21515384615384617,0.18059615384615385,0.11032692307692307,IND,https://cdn.nba.com/headshots/nba/latest/1040x760/1641716.png
1641717,Cason Wallace,196,24.936989795918365,6.9438775510204085,3.1581632653061225,0.44625,0.5535619619749311,8.525,0.1462755102040816,0.3198903588608269,0.088013083864037,0.1193828789403946,5.599956399564814,0.151196052786032,cason wallace,Cason Wallace,OKC,SG,77.0,2046.0,0.432,14.5,0.274,0.175,0.039,0.019,0.493,0.656,0.324,0.348,0.455,0.351,Disruptive Defender,three-point range,at the rim,Perimeter Shooter,"Cason Wallace is a perimeter shooter. Their shot profile is built around three-point range, with their best efficiency coming at the rim. Defensively, they profile as a Disruptive Defender.","Creates defensive pressure with steals, blocks, and activity. This player can force mistakes and break up possessions.",71.0,Cason Wallace,22.0,OKC,SG,77.0,58.0,2046.0,19.0,67.0,13.0,0.0,0.0,13.0,3.7,44.0,21.0,77.0,3.0,28.0,4.0,496.0,3.0,40.0,"DPOY-7,DEF2",6.316326530612245,502.31632653061223,0.5908148636821184,0.493,496.0,0.1193828789403946,0.0,0.2992928589034289,0.6471258752679017,0.5146137787056367,0.2996978851963746,0.0845417872586465,0.3971146464296946,Guard,79.0,26.385064935064936,8.354430379746836,3.0126582278481013,2.5316455696202533,1.8987341772151898,0.35443037974683544,0.9240506329113924,6.734177215189874,252.0,584.0,101.0,288.0,55.0,68.0,0.4315068493150685,0.3506944444444444,0.8088235294117647,13.959183673469388,0.06428571428571428,0.5356734693877552,0.1300204081632653,0.14522448979591837,0.12165306122448981,0.3149387755102041,0.08851020408163265,OKC,https://cdn.nba.com/headshots/nba/latest/1040x760/1641717.png
1641718,Keyonte George,168,30.66220238095238,13.958333333333334,5.8273809523809526,0.4056428571428571,0.5502976070071705,-10.640476190476187,0.25125,0.6119350877108418,0.1748261356035848,0.112818329088018,8.683096329776529,0.2407867442552966,keyonte george,Keyonte George,UTA,PG,54.0,1786.0,0.456,15.6,0.101,0.276,0.117,0.096,0.41,0.753,0.502,0.417,0.424,0.371,Disruptive Defender,three-point range,at the rim,Perimeter Shooter,"Keyonte George is a perimeter shooter. Their shot profile is built around three-point range, with their best efficiency coming at the rim. Defensively, they profile as a Disruptive Defender.","Creates defensive pressure with steals, blocks, and activity. This player can force mistakes and break up possessions.",116.0,Keyonte George,22.0,UTA,PG,54.0,54.0,1786.0,100.0,0.0,0.0,0.0,0.0,-8.8,-1.3,74.0,54.0,45.0,17.0,170.0,17.0,778.0,36.0,57.0,,11.654761904761903,789.6547619047619,-0.1611545012735946,0.41,778.0,0.112818329088018,0.0,0.4708068213801927,0.5089637726971488,0.4279749478079331,0.4700906344410876,0.0770796932285623,0.4344769466645192,Guard,58.0,32.284727272727274,21.982758620689655,3.4310344827586206,5.724137931034483,1.0,0.2413793103448276,2.8620689655172415,-5.775862068965517,402.0,881.0,134.0,361.0,337.0,378.0,0.45629965947786605,0.37119113573407203,0.8915343915343915,-10.293617021276596,0.11897872340425532,0.5983191489361702,0.27097872340425533,0.3111914893617021,0.13117021276595744,0.2021063829787234,0.14004255319148937,UTA,https://cdn.nba.com/headshots/nba/latest/1040x760/1641718.png
1641720,Jalen Hood-Schifino,29,12.103793103448275,4.103448275862069,1.4137931034482758,0.2614827586206896,0.360338447810441,-24.63793103448276,0.0648275862068965,0.4689414567679277,0.0972721382582695,0.1052490709166366,3.4861396362775237,0.0629912332252626,jalen hoodschifino,,,,,,,,,,,,,,,,,,Disruptive Defender,Not enough shooting data,Not enough shooting data,Balanced Player,"Jalen Hood-Schifino profiles as a balanced player. Their most common shot comes Not enough shooting data, and they make shots most consistently Not enough shooting data. On defense, they profile as a Disruptive Defender.","Creates defensive pressure with steals, blocks, and activity. This player can force mistakes and break up possessions.",,,,,,,,,,,,,,,,,,,,,,0.0,,,,2.8275862068965516,2.8275862068965516,0.0315747212749909,0.0,0.0,0.1052490709166366,0.0,0.0011451608626295,0.544374622999152,0.0,0.0,0.06847552120108,0.1433992722149478,Wing,,,,,,,,,,,,,,,,,,,,,,,,,,,,https://cdn.nba.com/headshots/nba/latest/1040x760/1641720.png
1641721,Maxwell Lewis,50,7.2602,2.4,0.96,0.20366,0.2647479310374345,-26.356,0.04,0.3302019538143393,0.0545719141825443,0.0987114967286908,2.390647700740982,0.0501062063340023,maxwell lewis,,,,,,,,,,,,,,,,,,Disruptive Defender,Not enough shooting data,Not enough shooting data,Balanced Player,"Maxwell Lewis profiles as a balanced player. Their most common shot comes Not enough shooting data, and they make shots most consistently Not enough shooting data. On defense, they profile as a Disruptive Defender.","Creates defensive pressure with steals, blocks, and activity. This player can force mistakes and break up possessions.",,,,,,,,,,,,,,,,,,,,,,0.0,,,,1.92,1.92,0.0296134490186072,0.0,0.0,0.0987114967286908,0.0,0.000603417442779,0.5440142712198323,0.0,0.0,0.0610440911082091,0.1423493438928905,Wing,,,,,,,,,,,,,,,,,,,,,,,,,,,,https://cdn.nba.com/headshots/nba/latest/1040x760/1641721.png
1641722,Jordan Hawkins,146,16.990890410958905,6.97945205479452,2.6027397260273974,0.3361095890410959,0.4543997300725359,-7.6808219178082195,0.1041780821917808,0.525336394043926,0.0492219077396653,0.1250500921093206,4.887502115291761,0.1112847090353695,jordan hawkins,Jordan Hawkins,NOP,SG,51.0,692.0,0.366,18.9,0.105,0.066,0.109,0.195,0.525,0.63,0.176,0.357,0.34,0.348,Disruptive Defender,three-point range,at the rim,Mid-Range Shot Creator,"Jordan Hawkins profiles as a mid-range shot creator. They regularly look for shots from three-point range, while making shots most consistently at the rim. On the defensive side, they profile as a Disruptive Defender.","Creates defensive pressure with steals, blocks, and activity. This player can force mistakes and break up possessions.",346.0,Jordan Hawkins,23.0,NOP,SG,51.0,1.0,692.0,2.0,91.0,7.0,1.0,0.0,-10.2,-6.9,15.0,13.0,21.0,1.0,10.0,1.0,100.0,1.0,12.0,,5.205479452054795,105.2054794520548,-0.9974849723672036,0.525,100.0,0.1250500921093206,0.0,0.0622551133743285,0.3553016932092608,0.5480167014613779,0.0604229607250755,0.0909838554135172,0.2110706554851126,Guard,82.0,13.380196078431373,3.1463414634146343,1.0731707317073171,0.5121951219512195,0.15853658536585366,0.12195121951219512,0.4146341463414634,-1.6219512195121952,94.0,257.0,47.0,135.0,23.0,27.0,0.3657587548638132,0.34814814814814815,0.8518518518518519,-12.234285714285715,0.0304,0.37525714285714284,0.17802857142857142,0.09517142857142857,0.13814285714285715,0.050542857142857146,0.062371428571428564,NOP,https://cdn.nba.com/headshots/nba/latest/1040x760/1641722.png
1641723,Kobe Bufkin,41,10.265121951219513,4.536585365853658,1.6341463414634143,0.3615365853658536,0.4387654718657832,-30.82926829268293,0.0724390243902439,0.6236963672736879,0.1334170097629458,0.1682641824674295,4.222225735510579,0.0646522658199795,kobe bufkin,,,,,,,,,,,,,,,,,,Disruptive Defender,Not enough shooting data,Not enough shooting data,Volume Shot Creator,"Kobe Bufkin profiles as a balanced player. Their most common shot comes Not enough shooting data, and they make shots most consistently Not enough shooting data. On defense, they profile as a Disruptive Defender.","Creates defensive pressure with steals, blocks, and activity. This player can force mistakes and break up possessions.",,,,,,,,,,,,,,,,,,,,,,0.0,,,,3.268292682926829,3.268292682926829,0.0504792547402288,0.0,0.0,0.1682641824674295,0.0,0.0014082210894825,0.5478480225994538,0.0,0.0,0.1401064324261693,0.1515359373282734,Wing,38.0,7.230625,1.2105263157894737,0.34210526315789475,0.2631578947368421,0.05263157894736842,0.07894736842105263,0.13157894736842105,-1.7894736842105263,15.0,50.0,5.0,26.0,11.0,12.0,0.3,0.19230769230769232,0.9166666666666666,-8.125,0.0515,0.50175,0.093,0.0875,0.20425,0.0625,0.1665,LAL,https://cdn.nba.com/headshots/nba/latest/1040x760/1641723.png
1641724,Jett Howard,124,11.301747311827958,4.25,1.6774193548387095,0.347494623655914,0.4759087327324816,-8.432258064516128,0.0670967741935483,0.4762250916638102,0.0666325870107483,0.116433400155586,3.9737247686218393,0.0775325291281111,jett howard,Jett Howard,ORL,SF,55.0,695.0,0.418,17.0,0.167,0.187,0.04,0.028,0.578,0.667,0.362,0.4,0.286,0.372,Disruptive Defender,three-point range,at the rim,Elite 3PT Threat,Jett Howard profiles as an elite 3PT threat. They consistently take shots from three-point range and are most efficient at the rim. Their defensive profile is Disruptive Defender.,"Creates defensive pressure with steals, blocks, and activity. This player can force mistakes and break up possessions.",345.0,Jett Howard,22.0,ORL,SF,55.0,0.0,695.0,0.0,22.0,42.0,33.0,3.0,-6.3,-8.2,7.0,7.0,45.0,0.0,15.0,2.0,105.0,2.0,19.0,,3.3548387096774195,108.35483870967742,-1.195069979953324,0.578,105.0,0.116433400155586,3.0,0.0641349840043554,0.3189986716278374,0.6033402922755741,0.0634441087613293,0.0811890382466159,0.2103680200508321,Wing,75.0,12.42909090909091,4.013333333333334,1.16,0.6,0.13333333333333333,0.14666666666666667,0.2,-0.9333333333333333,105.0,251.0,54.0,145.0,37.0,39.0,0.41832669322709165,0.3724137931034483,0.9487179487179487,-5.27741935483871,0.03025806451612903,0.4653225806451613,0.17674193548387096,0.10503225806451613,0.10116129032258064,0.046,0.06719354838709678,ORL,https://cdn.nba.com/headshots/nba/latest/1040x760/1641724.png
1641725,Trey Alexander,33,6.7251515151515155,2.363636363636364,0.9696969696969696,0.2517878787878788,0.3041746795847077,-9.16969696969697,0.0378787878787878,0.3132686414130572,0.0895063393978243,0.1113042256662147,2.446637079155995,0.0530732141184048,trey alexander,,,,,,,,,,,,,,,,,,Disruptive Defender,Not enough shooting data,Not enough shooting data,Balanced Player,"Trey Alexander profiles as a balanced player. Their most common shot comes Not enough shooting data, and they make shots most consistently Not enough shooting data. On defense, they profile as a Disruptive Defender.","Creates defensive pressure with steals, blocks, and activity. This player can force mistakes and break up possessions.",,,,,,,,,,,,,,,,,,,,,,0.0,,,,1.9393939393939392,1.9393939393939392,0.0333912676998644,0.0,0.0,0.1113042256662147,0.0,0.0006149937965973,0.5447083837681066,0.0,0.0,0.0753585726096553,0.1439589507216311,Wing,22.0,12.132222222222222,2.1363636363636362,0.5,0.4090909090909091,0.2727272727272727,0.09090909090909091,0.13636363636363635,-0.8181818181818182,19.0,37.0,6.0,12.0,3.0,5.0,0.5135135135135135,0.5,0.6,-21.04,0.034800000000000005,0.4084,0.0862,0.30460000000000004,0.06000000000000001,0.0666,0.2,NOP,https://cdn.nba.com/headshots/nba/latest/1040x760/1641725.png
1641726,Dereck Lively II,71,21.619718309859156,5.0,3.6056338028169015,0.7116197183098592,0.7043822019682849,5.602816901408451,0.1787323943661971,0.311264846363641,0.0807868884604709,0.2987111879022778,6.678634045111009,0.1755949507223173,dereck lively ii,,,,,,,,,,,,,,,,,,Rim Protector,Not enough shooting data,Not enough shooting data,Efficient Role Finisher,"Dereck Lively II profiles as a balanced player. Their most common shot comes Not enough shooting data, and they make shots most consistently Not enough shooting data. On defense, they profile as a Rim Protector.",Protects the basket with shot blocking and interior presence. This player is most valuable defensively near the rim.,,,,,,,,,,,,,,,,,,,,,,0.0,,,,7.211267605633803,7.211267605633803,0.0896133563706833,0.0,0.0,0.2987111879022778,0.0,0.0037618054683332,0.5550382753084848,0.0,0.0,0.2883889258777704,0.1691031836022315,Wing,9.0,12.663333333333334,3.3333333333333335,4.111111111111111,1.4444444444444444,0.4444444444444444,1.2222222222222223,1.1111111111111112,1.5555555555555556,11.0,18.0,0.0,0.0,8.0,10.0,0.6111111111111112,,0.8,3.114285714285716,0.088,0.6831428571428572,0.117,0.22128571428571428,0.31871428571428567,0.14042857142857143,0.5214285714285715,DAL,https://cdn.nba.com/headshots/nba/latest/1040x760/1641726.png
1641727,Dariq Whitehead,26,16.29769230769231,7.269230769230769,2.923076923076923,0.295,0.4100123012920879,-4.18846153846154,0.1046153846153846,0.9305462245220224,0.0328324181223556,0.2626305608071866,5.6834370452280005,0.0959556235249614,dariq whitehead,,,,,,,,,,,,,,,,,,Rim Protector,Not enough shooting data,Not enough shooting data,Volume Shot Creator,"Dariq Whitehead profiles as a balanced player. Their most common shot comes Not enough shooting data, and they make shots most consistently Not enough shooting data. On defense, they profile as a Rim Protector.",Protects the basket with shot blocking and interior presence. This player is most valuable defensively near the rim.,,,,,,,,,,,,,,,,,,,,,,0.0,,,,5.846153846153846,5.846153846153846,0.0787891682421559,0.0,0.0,0.2626305608071866,0.0,0.0029469612244189,0.5530495073344773,0.0,0.0,0.2473751415204925,0.1641786754754361,Wing,6.0,30.281666666666666,16.333333333333332,4.0,1.5,0.6666666666666666,0.0,1.6666666666666667,-16.5,37.0,93.0,19.0,60.0,5.0,7.0,0.3978494623655914,0.31666666666666665,0.7142857142857143,,,,,,,,,,https://cdn.nba.com/headshots/nba/latest/1040x760/1641727.png
1641729,Brice Sensabaugh,175,21.18771428571429,9.491428571428573,4.268571428571429,0.4172457142857143,0.5506764741181234,-9.810285714285714,0.1611428571428571,0.5568915675057009,0.080705838798922,0.1484912022993453,6.676955414508628,0.1807769866243548,brice sensabaugh,Brice Sensabaugh,UTA,SF,75.0,1762.0,0.46,17.0,0.111,0.196,0.137,0.041,0.516,0.716,0.583,0.402,0.543,0.367,Disruptive Defender,three-point range,at the rim,Perimeter Shooter,"Brice Sensabaugh is a perimeter shooter. Their shot profile is built around three-point range, with their best efficiency coming at the rim. Defensively, they profile as a Disruptive Defender.","Creates defensive pressure with steals, blocks, and activity. This player can force mistakes and break up possessions.",120.0,Brice Sensabaugh,22.0,UTA,SF,75.0,22.0,1762.0,0.0,24.0,56.0,20.0,1.0,-9.7,-2.9,66.0,34.0,86.0,10.0,99.0,12.0,337.0,26.0,49.0,,8.537142857142857,345.53714285714284,-0.3904526393101964,0.516,337.0,0.1484912022993453,1.0,0.2057104636673191,0.4668339807892544,0.5386221294363257,0.2036253776435045,0.1176299731734733,0.3119115351613878,Wing,79.0,22.998947368421053,14.126582278481013,2.9240506329113924,1.8101265822784811,0.6835443037974683,0.1518987341772152,1.5696202531645569,-4.7974683544303796,394.0,857.0,162.0,442.0,166.0,201.0,0.4597432905484247,0.3665158371040724,0.8258706467661692,-8.965306122448979,0.07153061224489796,0.5493469387755102,0.2160408163265306,0.11338775510204081,0.1660204081632653,0.20151020408163267,0.051000000000000004,UTA,https://cdn.nba.com/headshots/nba/latest/1040x760/1641729.png
1641730,Noah Clowney,133,23.553383458646618,8.172932330827068,3.210526315789474,0.377390977443609,0.5134118141342002,-9.477443609022556,0.1536842105263158,0.4395602728707177,0.0538137067549589,0.1765129117838811,5.848303356565088,0.1439479350199422,noah clowney,Noah Clowney,BRK,PF,66.0,1780.0,0.396,17.7,0.124,0.201,0.041,0.013,0.621,0.679,0.433,0.462,0.125,0.329,Disruptive Defender,three-point range,at the rim,Balanced Player,"Noah Clowney profiles as a balanced player. Their most common shot comes three-point range, and they make shots most consistently at the rim. On defense, they profile as a Disruptive Defender.","Creates defensive pressure with steals, blocks, and activity. This player can force mistakes and break up possessions.",117.0,Noah Clowney,21.0,BRK,PF,66.0,60.0,1780.0,0.0,0.0,15.0,81.0,4.0,-8.9,2.7,37.0,41.0,84.0,14.0,96.0,15.0,271.0,14.0,39.0,,6.421052631578948,277.42105263157896,0.4579538735351643,0.621,271.0,0.1765129117838811,4.0,0.1650515781694611,0.6227148359306591,0.6482254697286013,0.1637462235649547,0.1494829769223299,0.3502560807584678,Wing,68.0,26.3644776119403,11.897058823529411,4.014705882352941,1.588235294117647,0.7352941176470589,0.6617647058823529,1.5,-4.838235294117647,250.0,631.0,129.0,392.0,180.0,224.0,0.39619651347068147,0.32908163265306123,0.8035714285714286,-7.017777777777778,0.06268888888888889,0.5239555555555555,0.20175555555555558,0.1224,0.1788,0.16984444444444444,0.21224444444444446,BKN,https://cdn.nba.com/headshots/nba/latest/1040x760/1641730.png
1641731,Bilal Coulibaly,147,29.14326530612245,9.564625850340136,3.9659863945578233,0.4070204081632653,0.5048402393678572,-13.582312925170068,0.1886394557823129,0.4361939341250169,0.0938439991369146,0.1570715055004237,6.604595661183538,0.1747073523079206,bilal coulibaly,Bilal Coulibaly,WAS,SG,56.0,1468.0,0.425,12.8,0.287,0.242,0.055,0.039,0.377,0.677,0.321,0.333,0.381,0.319,Disruptive Defender,three-point range,at the rim,Balanced Player,"Bilal Coulibaly profiles as a balanced player. Their most common shot comes three-point range, and they make shots most consistently at the rim. On defense, they profile as a Disruptive Defender.","Creates defensive pressure with steals, blocks, and activity. This player can force mistakes and break up possessions.",172.0,Bilal Coulibaly,21.0,WAS,SG,56.0,56.0,1468.0,2.0,41.0,50.0,7.0,0.0,-13.2,-2.6,44.0,27.0,72.0,4.0,88.0,5.0,354.0,16.0,31.0,,7.931972789115647,361.93197278911566,-0.3428785483498729,0.377,354.0,0.1570715055004237,0.0,0.2154966318216206,0.4755749438407979,0.3935281837160752,0.2138972809667673,0.1273834263017026,0.2982496869731059,Wing,62.0,26.024285714285714,10.596774193548388,3.9193548387096775,2.338709677419355,1.2096774193548387,0.8709677419354839,1.3064516129032258,-6.67741935483871,230.0,541.0,65.0,204.0,132.0,177.0,0.42513863216266173,0.31862745098039214,0.7457627118644068,-12.86774193548387,0.06951612903225805,0.5175806451612904,0.17061290322580644,0.1832258064516129,0.1897741935483871,0.2802903225806452,0.21267741935483872,WAS,https://cdn.nba.com/headshots/nba/latest/1040x760/1641731.png
1641732,Colby Jones,57,10.377368421052632,2.824561403508772,1.1403508771929824,0.3137017543859649,0.3556110457934858,-10.403508771929824,0.0626315789473684,0.3642934213801584,0.0861673512379836,0.2018158988840311,3.1340164713688448,0.0585651591674486,colby jones,,,,,,,,,,,,,,,,,,Rim Protector,Not enough shooting data,Not enough shooting data,Balanced Player,"Colby Jones profiles as a balanced player. Their most common shot comes Not enough shooting data, and they make shots most consistently Not enough shooting data. On defense, they profile as a Rim Protector.",Protects the basket with shot blocking and interior presence. This player is most valuable defensively near the rim.,,,,,,,,,,,,,,,,,,,,,,0.0,,,,2.280701754385965,2.280701754385965,0.0605447696652093,0.0,0.0,0.2018158988840311,0.0,0.0008187223917549,0.5496973967499215,0.0,0.0,0.1782455384428232,0.1555763919884646,Wing,5.0,6.49,0.4,0.8,0.4,0.0,0.0,0.0,2.4,1.0,3.0,0.0,2.0,0.0,0.0,0.3333333333333333,0.0,,80.0,0.256,0.333,0.158,0.5,0.333,0.0,0.0,DET,https://cdn.nba.com/headshots/nba/latest/1040x760/1641732.png
1641733,Nick Smith Jr.,124,17.854435483870965,7.419354838709677,2.911290322580645,0.3714516129032258,0.4776517969024978,-6.571774193548387,0.1052419354838709,0.534770665215361,0.0986544653626762,0.0893049798698656,5.100077366299506,0.1241186728820303,nick smith jr,,,,,,,,,,,,,,,,,,Disruptive Defender,Not enough shooting data,Not enough shooting data,Volume Shot Creator,"Nick Smith Jr. profiles as a balanced player. Their most common shot comes Not enough shooting data, and they make shots most consistently Not enough shooting data. On defense, they profile as a Disruptive Defender.","Creates defensive pressure with steals, blocks, and activity. This player can force mistakes and break up possessions.",,,,,,,,,,,,,,,,,,,,,,0.0,,,,5.82258064516129,5.82258064516129,0.0267914939609597,0.0,0.0,0.0893049798698656,0.0,0.0029328902453477,0.5434957830176598,0.0,0.0,0.0503514594922403,0.142082247801778,Wing,37.0,12.310666666666666,5.0,0.6216216216216216,0.8378378378378378,0.24324324324324326,0.05405405405405406,0.5675675675675675,-0.08108108108108109,70.0,161.0,34.0,86.0,11.0,15.0,0.43478260869565216,0.3953488372093023,0.7333333333333333,2.6916666666666664,0.066,0.48141666666666666,0.22895833333333335,0.16737500000000002,0.046250000000000006,0.08304166666666667,0.034708333333333334,LAL,https://cdn.nba.com/headshots/nba/latest/1040x760/1641733.png
1641736,Reece Beekman,36,12.810555555555556,2.9722222222222223,0.9722222222222222,0.2507222222222222,0.3227599943969579,-3.3000000000000007,0.0580555555555555,0.2839324217224803,0.1722182076118421,0.0801528332154472,2.7472559377469454,0.0557993824591596,reece beekman,,,,,,,,,,,,,,,,,,Disruptive Defender,Not enough shooting data,Not enough shooting data,Balanced Player,"Reece Beekman profiles as a balanced player. Their most common shot comes Not enough shooting data, and they make shots most consistently Not enough shooting data. On defense, they profile as a Disruptive Defender.","Creates defensive pressure with steals, blocks, and activity. This player can force mistakes and break up possessions.",,,,,,,,,,,,,,,,,,,,,,0.0,,,,1.9444444444444444,1.9444444444444444,0.0240458499646341,0.0,0.0,0.0801528332154472,0.0,0.0006180084720708,0.5429913157280044,0.0,0.0,0.0399479770832118,0.1399898300291506,Wing,,,,,,,,,,,,,,,,,,,,,,,,,,,,https://cdn.nba.com/headshots/nba/latest/1040x760/1641736.png
1641737,Adem Bona,129,16.366201550387597,3.193798449612403,2.062015503875969,0.552077519379845,0.6066377849972474,-1.5767441860465117,0.1071317829457364,0.2802405263528977,0.0270337232072515,0.2569324842079141,4.709076578240174,0.1110046808659612,adem bona,Adem Bona,PHI,C,71.0,1234.0,0.595,2.7,0.755,0.209,0.009,0.0,0.027,0.669,0.391,0.0,,0.333,Rim Protector,at the rim,at the rim,Rim-Dominant Big,"Adem Bona profiles as a rim-dominant big. They take a large share of their shots at the rim, finish best at the rim, and their defensive profile as a Rim Protector suggests they impact the game around the basket.",Protects the basket with shot blocking and interior presence. This player is most valuable defensively near the rim.,225.0,Adem Bona,22.0,PHI,C,71.0,18.0,1234.0,0.0,0.0,0.0,4.0,96.0,0.2,0.6,9.0,16.0,70.0,20.0,48.0,5.0,81.0,7.0,26.0,,4.124031007751938,85.12403100775194,0.1670797452623742,0.027,81.0,0.2569324842079141,96.0,0.0502683814549792,0.5692714604176548,0.0281837160751565,0.0489425981873111,0.2408979901040858,0.1956368339268185,Big,76.0,17.16225352112676,4.526315789473684,4.0394736842105265,0.42105263157894735,0.39473684210526316,1.0789473684210527,0.7368421052631579,-0.10526315789473684,131.0,220.0,2.0,6.0,80.0,113.0,0.5954545454545455,0.3333333333333333,0.7079646017699115,-4.830952380952381,0.05247619047619048,0.5522619047619047,0.09976190476190477,0.02647619047619048,0.2815238095238095,0.08416666666666667,0.44557142857142856,PHI,https://cdn.nba.com/headshots/nba/latest/1040x760/1641737.png
1641738,Kobe Brown,123,11.040162601626015,3.073170731707317,1.4146341463414631,0.3408211382113821,0.4171121779678354,-17.404065040650405,0.0678861788617886,0.3636537808653737,0.0830255814795917,0.2042628642175216,3.492058729780595,0.0720739991092067,kobe brown,Kobe Brown,2TM,PF,61.0,963.0,0.469,15.0,0.303,0.148,0.026,0.011,0.513,0.683,0.425,0.286,0.0,0.374,Rim Protector,three-point range,at the rim,Elite 3PT Threat,Kobe Brown profiles as an elite 3PT threat. They consistently take shots from three-point range and are most efficient at the rim. Their defensive profile is Rim Protector.,Protects the basket with shot blocking and interior presence. This player is most valuable defensively near the rim.,289.0,Kobe Brown,26.0,2TM,PF,61.0,10.0,963.0,0.0,0.0,25.0,71.0,4.0,-11.6,-7.3,32.0,16.0,39.0,3.0,23.0,7.0,195.0,3.0,23.0,,2.8292682926829267,197.82926829268297,-1.0337211407347435,0.513,195.0,0.2042628642175216,4.0,0.1175427849417654,0.34864388845805,0.535490605427975,0.1178247734138972,0.1810270673850174,0.2443868609853064,Wing,79.0,15.564426229508197,4.468354430379747,2.3417721518987342,1.0126582278481013,0.2911392405063291,0.1518987341772152,0.6708860759493671,-2.7721518987341773,127.0,271.0,52.0,139.0,47.0,59.0,0.46863468634686345,0.37410071942446044,0.7966101694915254,-3.076470588235294,0.07350000000000001,0.42108823529411765,0.16244117647058823,0.2261764705882353,0.20641176470588235,0.10832352941176471,0.024499999999999997,LAC,https://cdn.nba.com/headshots/nba/latest/1040x760/1641738.png
1641739,Toumani Camara,199,31.11150753768844,9.28140703517588,4.1959798994974875,0.4514472361809045,0.5681016745574207,-1.1894472361809043,0.1926633165829145,0.3686798632109497,0.0704222146014348,0.1747576622655813,6.800207463662,0.1908913985594065,toumani camara,Toumani Camara,POR,PF,82.0,2731.0,0.44,18.1,0.175,0.135,0.02,0.006,0.664,0.724,0.433,0.278,0.6,0.37,Disruptive Defender,three-point range,at the rim,Elite 3PT Threat,Toumani Camara profiles as an elite 3PT threat. They consistently take shots from three-point range and are most efficient at the rim. Their defensive profile is Disruptive Defender.,"Creates defensive pressure with steals, blocks, and activity. This player can force mistakes and break up possessions.",4.0,Toumani Camara,25.0,POR,PF,82.0,82.0,2731.0,0.0,0.0,2.0,84.0,14.0,0.8,3.9,92.0,38.0,111.0,8.0,57.0,106.0,508.0,12.0,44.0,,8.391959798994975,516.391959798995,0.6374272986796744,0.664,508.0,0.1747576622655813,14.0,0.3076946852483332,0.6556901497255243,0.6931106471816284,0.3069486404833836,0.1474877392828334,0.4364106465845803,Wing,82.0,33.116341463414635,13.414634146341463,5.134146341463414,2.451219512195122,1.146341463414634,0.4268292682926829,1.7560975609756098,0.3902439024390244,392.0,891.0,219.0,592.0,97.0,137.0,0.4399551066217733,0.36993243243243246,0.708029197080292,-1.571153846153846,0.06253846153846154,0.5543846153846154,0.15667307692307691,0.15161538461538462,0.16165384615384618,0.1776923076923077,0.13126923076923078,POR,https://cdn.nba.com/headshots/nba/latest/1040x760/1641739.png
1641740,Jaylen Clark,108,12.842962962962964,3.2222222222222223,1.4351851851851851,0.3850277777777777,0.4893534746616679,1.4101851851851852,0.0687962962962963,0.3298751204936034,0.0464370238725763,0.1296723479408973,3.66206992423147,0.0778059424963194,jaylen clark,Jaylen Clark,MIN,SG,68.0,888.0,0.434,13.1,0.285,0.206,0.066,0.0,0.443,0.662,0.447,0.133,,0.327,Disruptive Defender,three-point range,at the rim,Balanced Player,"Jaylen Clark profiles as a balanced player. Their most common shot comes three-point range, and they make shots most consistently at the rim. On defense, they profile as a Disruptive Defender.","Creates defensive pressure with steals, blocks, and activity. This player can force mistakes and break up possessions.",306.0,Jaylen Clark,24.0,MIN,SG,68.0,1.0,888.0,11.0,64.0,25.0,0.0,0.0,6.2,3.4,8.0,9.0,38.0,3.0,34.0,3.0,101.0,10.0,12.0,,2.8703703703703702,103.87037037037037,0.5489017043822692,0.443,101.0,0.1296723479408973,0.0,0.06145817909493,0.6394250160519268,0.4624217118997912,0.0610271903323262,0.0962380934682169,0.2695293108159766,Guard,80.0,12.832941176470587,3.4375,1.5,0.5375,0.5875,0.1125,0.2875,0.9125,99.0,228.0,33.0,101.0,44.0,67.0,0.4342105263157895,0.32673267326732675,0.6567164179104478,-1.48,0.031139999999999998,0.45816,0.12102,0.07919999999999999,0.14006,0.22,0.08832000000000001,MIN,https://cdn.nba.com/headshots/nba/latest/1040x760/1641740.png
1641741,Ricky Council IV,105,14.398095238095236,5.476190476190476,2.2,0.3645142857142857,0.473679048906319,-8.17142857142857,0.1023809523809523,0.4996167730343562,0.1016328459387181,0.1477026315532892,4.725984978501955,0.0972466124253882,ricky council iv,,,,,,,,,,,,,,,,,,Disruptive Defender,Not enough shooting data,Not enough shooting data,Balanced Player,"Ricky Council IV profiles as a balanced player. Their most common shot comes Not enough shooting data, and they make shots most consistently Not enough shooting data. On defense, they profile as a Disruptive Defender.","Creates defensive pressure with steals, blocks, and activity. This player can force mistakes and break up possessions.",,,,,,,,,,,,,,,,,,,,,,0.0,,,,4.4,4.4,0.0443107894659867,0.0,0.0,0.1477026315532892,0.0,0.0020837436872945,0.5467146677426716,0.0,0.0,0.1167335843594994,0.1491855228465356,Wing,,,,,,,,,,,,,,,,,,,,,,,,,,,,https://cdn.nba.com/headshots/nba/latest/1040x760/1641741.png
1641744,Zach Edey,77,21.844935064935065,6.896103896103896,4.064935064935065,0.6067532467532467,0.6430086440602166,3.651948051948051,0.2002597402597402,0.424610803223461,0.0467337409496163,0.3851543347512446,7.2048709152509485,0.1846022787841147,zach edey,,,,,,,,,,,,,,,,,,Rim Protector,Not enough shooting data,Not enough shooting data,High-Impact Balanced Player,"Zach Edey profiles as a balanced player. Their most common shot comes Not enough shooting data, and they make shots most consistently Not enough shooting data. On defense, they profile as a Rim Protector.",Protects the basket with shot blocking and interior presence. This player is most valuable defensively near the rim.,,,,,,,,,,,,,,,,,,,,,,0.0,,,,8.12987012987013,8.12987012987013,0.1155463004253734,0.0,0.0,0.3851543347512446,0.0,0.0043101245912788,0.5598030306873913,0.0,0.0,0.3866510922942287,0.1803399167377822,Wing,13.0,25.55545454545455,11.538461538461538,9.384615384615385,0.9230769230769231,0.5384615384615384,1.6153846153846154,2.0,8.692307692307692,62.0,98.0,1.0,5.0,25.0,32.0,0.6326530612244898,0.2,0.78125,16.181818181818183,0.15845454545454546,0.6978181818181818,0.19172727272727272,0.08063636363636363,0.3583636363636364,0.15690909090909091,0.4833636363636364,MEM,https://cdn.nba.com/headshots/nba/latest/1040x760/1641744.png
1641745,Adam Flagler,39,5.363589743589744,2.641025641025641,0.6666666666666666,0.210076923076923,0.2846949386934977,-7.353846153846154,0.0302564102564102,0.4266349431061438,0.0373463264279365,0.1220333183983595,2.3945341894722683,0.0324887991782572,adam flagler,,,,,,,,,,,,,,,,,,Disruptive Defender,Not enough shooting data,Not enough shooting data,Balanced Player,"Adam Flagler profiles as a balanced player. Their most common shot comes Not enough shooting data, and they make shots most consistently Not enough shooting data. On defense, they profile as a Disruptive Defender.","Creates defensive pressure with steals, blocks, and activity. This player can force mistakes and break up possessions.",,,,,,,,,,,,,,,,,,,,,,0.0,,,,1.3333333333333333,1.3333333333333333,0.0366099955195078,0.0,0.0,0.1220333183983595,0.0,0.0002532327397753,0.5452997724920223,0.0,0.0,0.0875546105140322,0.1451816972703189,Wing,,,,,,,,,,,,,,,,,,,,,,,,,,,,https://cdn.nba.com/headshots/nba/latest/1040x760/1641745.png
1641747,DaRon Holmes II,25,8.180399999999999,2.44,1.24,0.42628,0.6431582235303468,0.8320000000000004,0.0556,0.4872048418408835,0.0345413988489975,0.2008091021698598,4.171884354272807,0.0651024497191656,daron holmes ii,,,,,,,,,,,,,,,,,,Rim Protector,Not enough shooting data,Not enough shooting data,Balanced Player,"DaRon Holmes II profiles as a balanced player. Their most common shot comes Not enough shooting data, and they make shots most consistently Not enough shooting data. On defense, they profile as a Rim Protector.",Protects the basket with shot blocking and interior presence. This player is most valuable defensively near the rim.,,,,,,,,,,,,,,,,,,,,,,0.0,,,,2.48,2.48,0.0602427306509579,0.0,0.0,0.2008091021698598,0.0,0.0009376846592825,0.5496419020087628,0.0,0.0,0.1771010865124892,0.1554956580171526,Wing,52.0,8.180399999999999,1.7884615384615385,0.6730769230769231,0.3076923076923077,0.019230769230769232,0.11538461538461539,0.23076923076923078,-0.3076923076923077,31.0,61.0,20.0,45.0,11.0,14.0,0.5081967213114754,0.4444444444444444,0.7857142857142857,-9.457142857142856,0.15307142857142855,0.7153571428571429,0.1382142857142857,0.08392857142857142,0.13807142857142857,0.0,0.10714285714285714,DEN,https://cdn.nba.com/headshots/nba/latest/1040x760/1641747.png
1641748,Andre Jackson Jr.,145,11.449103448275862,2.537931034482759,1.089655172413793,0.328151724137931,0.3893919058678227,-1.462068965517242,0.0592413793103448,0.2969996392404155,0.0955234818972264,0.1958177494284522,3.032174996084299,0.062185717444395,andre jackson jr,,,,,,,,,,,,,,,,,,Rim Protector,Not enough shooting data,Not enough shooting data,Balanced Player,"Andre Jackson Jr. profiles as a balanced player. Their most common shot comes Not enough shooting data, and they make shots most consistently Not enough shooting data. On defense, they profile as a Rim Protector.",Protects the basket with shot blocking and interior presence. This player is most valuable defensively near the rim.,,,,,,,,,,,,,,,,,,,,,,0.0,,,,2.179310344827586,2.179310344827586,0.0587453248285356,0.0,0.0,0.1958177494284522,0.0,0.000758201277022,0.5493667781187893,0.0,0.0,0.171427286430033,0.1547877036835094,Wing,81.0,8.309583333333334,1.3950617283950617,0.8888888888888888,0.5308641975308642,0.2345679012345679,0.04938271604938271,0.38271604938271603,-0.8765432098765432,39.0,119.0,15.0,60.0,20.0,32.0,0.3277310924369748,0.25,0.625,-6.629166666666666,0.001708333333333331,0.2982916666666667,0.16216666666666668,0.24470833333333333,0.13254166666666667,0.15775,0.05554166666666666,MIL,https://cdn.nba.com/headshots/nba/latest/1040x760/1641748.png
1641750,Ryan Kalkbrenner,69,21.23333333333333,4.217391304347826,3.1739130434782608,0.7421884057971014,0.7580358608017647,1.8434782608695652,0.1482608695652174,0.2769832047416347,0.0381313942138065,0.254683598832624,6.162856600584215,0.1622050134671042,ryan kalkbrenner,Ryan Kalkbrenner,CHO,C,69.0,1479.0,0.753,2.5,0.763,0.21,0.003,0.007,0.017,0.82,0.59,0.0,0.5,0.0,Rim Protector,at the rim,at the rim,Rim-Dominant Big,"Ryan Kalkbrenner profiles as a rim-dominant big. They take a large share of their shots at the rim, finish best at the rim, and their defensive profile as a Rim Protector suggests they impact the game around the basket.",Protects the basket with shot blocking and interior presence. This player is most valuable defensively near the rim.,166.0,Ryan Kalkbrenner,24.0,CHO,C,69.0,31.0,1479.0,0.0,0.0,0.0,0.0,100.0,-0.1,-7.8,15.0,15.0,61.0,24.0,54.0,1.0,140.0,13.0,27.0,,6.3478260869565215,146.34782608695653,-1.0935949203502129,0.017,140.0,0.254683598832624,100.0,0.086813216392312,0.3376430582832486,0.0177453027139874,0.0845921450151057,0.2383416237864134,0.154091223414987,Big,70.0,21.23333333333333,7.442857142857143,5.385714285714286,0.7714285714285715,0.45714285714285713,1.4428571428571428,0.8857142857142857,0.6571428571428571,219.0,291.0,0.0,5.0,83.0,116.0,0.7525773195876289,0.0,0.7155172413793104,-5.5975,0.10925,0.74635,0.11652499999999999,0.055275,0.26875,0.16292500000000001,0.45105000000000006,CHA,https://cdn.nba.com/headshots/nba/latest/1040x760/1641750.png
1641752,Bobi Klintman,20,5.453,1.85,0.75,0.23095,0.2549349881579199,3.86,0.0375,0.360356274299401,0.0918914956702223,0.2869431641330174,2.310517513072562,0.0391758739397601,bobi klintman,,,,,,,,,,,,,,,,,,Rim Protector,Not enough shooting data,Not enough shooting data,Balanced Player,"Bobi Klintman profiles as a balanced player. Their most common shot comes Not enough shooting data, and they make shots most consistently Not enough shooting data. On defense, they profile as a Rim Protector.",Protects the basket with shot blocking and interior presence. This player is most valuable defensively near the rim.,,,,,,,,,,,,,,,,,,,,,,0.0,,,,1.5,1.5,0.0860829492399052,0.0,0.0,0.2869431641330174,0.0,0.0003527170304014,0.5543896205961378,0.0,0.0,0.2750119081249544,0.1662396827736904,Wing,30.0,5.702500000000001,0.7333333333333333,0.6333333333333333,0.2,0.1,0.0,0.2,-0.16666666666666666,9.0,27.0,4.0,13.0,0.0,3.0,0.3333333333333333,0.3076923076923077,0.0,-19.2,-0.014749999999999996,0.313125,0.142875,0.09425,0.19937500000000002,0.083375,0.0,DET,https://cdn.nba.com/headshots/nba/latest/1040x760/1641752.png
1641753,Chris Livingston,38,4.719736842105263,1.3421052631578947,0.5263157894736842,0.2122894736842105,0.2680299462654189,-22.139473684210525,0.0302631578947368,0.4624641854214282,0.0538559500807403,0.4707445415766945,2.367176104375955,0.0237755503838312,chris livingston,,,,,,,,,,,,,,,,,,Rim Protector,Not enough shooting data,Not enough shooting data,Balanced Player,"Chris Livingston profiles as a balanced player. Their most common shot comes Not enough shooting data, and they make shots most consistently Not enough shooting data. On defense, they profile as a Rim Protector.",Protects the basket with shot blocking and interior presence. This player is most valuable defensively near the rim.,,,,,,,,,,,,,,,,,,,,,,0.0,,,,1.0526315789473684,1.0526315789473684,0.1412233624730083,0.0,0.0,0.4707445415766945,0.0,8.568025029994003e-05,0.5645207719221688,0.0,0.0,0.4839436996699858,0.1895588350476607,Wing,6.0,5.62,1.5,0.5,0.16666666666666666,0.16666666666666666,0.0,0.0,1.3333333333333333,4.0,7.0,0.0,3.0,1.0,1.0,0.5714285714285714,0.0,1.0,4.899999999999999,-0.023000000000000003,0.381,0.18900000000000003,0.030333333333333334,0.09100000000000001,0.111,0.0,CLE,https://cdn.nba.com/headshots/nba/latest/1040x760/1641753.png
1641755,Kevin McCullar Jr.,25,7.1556,2.16,0.88,0.25728,0.319442190976047,-17.668,0.0452,0.3975898918031438,0.1225600641872732,0.1648500350747234,2.7395063565344286,0.0444002446366253,kevin mccullar jr,,,,,,,,,,,,,,,,,,Disruptive Defender,Not enough shooting data,Not enough shooting data,Balanced Player,"Kevin McCullar Jr. profiles as a balanced player. Their most common shot comes Not enough shooting data, and they make shots most consistently Not enough shooting data. On defense, they profile as a Disruptive Defender.","Creates defensive pressure with steals, blocks, and activity. This player can force mistakes and break up possessions.",,,,,,,,,,,,,,,,,,,,,,0.0,,,,1.76,1.76,0.049455010522417,0.0,0.0,0.1648500350747234,0.0,0.000507912523778,0.5476598344347843,0.0,0.0,0.1362254825591017,0.1507406718741174,Wing,33.0,7.170952380952381,1.5151515151515151,0.8484848484848485,0.6060606060606061,0.2727272727272727,0.0,0.36363636363636365,-1.4545454545454546,20.0,47.0,8.0,24.0,2.0,5.0,0.425531914893617,0.3333333333333333,0.4,-22.228571428571428,0.0815,0.3885714285714285,0.16,0.2949285714285715,0.21214285714285713,0.09999999999999999,0.0,NYK,https://cdn.nba.com/headshots/nba/latest/1040x760/1641755.png
1641757,Jordan Miller,102,17.08107843137255,5.284313725490196,2.676470588235294,0.4268725490196078,0.5194625573125811,-6.655882352941178,0.1138235294117647,0.4230345087620205,0.1014858897345279,0.1271443196117744,5.048574336520607,0.1234522280966739,jordan miller,Jordan Miller,LAC,SF,60.0,1325.0,0.531,10.6,0.293,0.326,0.1,0.005,0.276,0.735,0.538,0.4,1.0,0.345,Disruptive Defender,short paint / floater range,at the rim,Balanced Player,"Jordan Miller profiles as a balanced player. Their most common shot comes short paint / floater range, and they make shots most consistently at the rim. On defense, they profile as a Disruptive Defender.","Creates defensive pressure with steals, blocks, and activity. This player can force mistakes and break up possessions.",209.0,Jordan Miller,26.0,LAC,SF,60.0,1.0,1325.0,9.0,41.0,41.0,8.0,1.0,0.2,-1.6,25.0,27.0,33.0,4.0,86.0,2.0,341.0,9.0,46.0,,5.352941176470588,346.3529411764706,-0.2018567041164676,0.276,341.0,0.1271443196117744,1.0,0.2061974183698725,0.5014854069736145,0.2881002087682672,0.2060422960725075,0.0933644181169966,0.2810060218255432,Guard,62.0,21.8945,9.64516129032258,2.935483870967742,2.193548387096774,0.7258064516129032,0.1774193548387097,1.0161290322580645,-0.20967741935483872,212.0,399.0,38.0,110.0,136.0,175.0,0.531328320802005,0.34545454545454546,0.7771428571428571,0.443333333333333,0.10926666666666666,0.5933333333333334,0.1802666666666667,0.18696666666666667,0.1853,0.1719,0.08333333333333333,LAC,https://cdn.nba.com/headshots/nba/latest/1040x760/1641757.png
1641763,Julian Phillips,148,11.883445945945946,3.1554054054054053,1.391891891891892,0.3806216216216216,0.4872102198658728,-2.8236486486486485,0.0633783783783783,0.3071711411572885,0.0324469393862401,0.1269347573609921,3.5138107797500338,0.0774592415360694,julian phillips,,,,,,,,,,,,,,,,,,Disruptive Defender,Not enough shooting data,Not enough shooting data,Balanced Player,"Julian Phillips profiles as a balanced player. Their most common shot comes Not enough shooting data, and they make shots most consistently Not enough shooting data. On defense, they profile as a Disruptive Defender.","Creates defensive pressure with steals, blocks, and activity. This player can force mistakes and break up possessions.",,,,,,,,,,,,,,,,,,,,,,0.0,,,,2.783783783783784,2.783783783783784,0.0380804272082976,0.0,0.0,0.1269347573609921,0.0,0.001119014944683,0.5455699403250188,0.0,0.0,0.0931262032727712,0.146152711386405,Wing,77.0,8.696250000000001,1.8181818181818181,0.6363636363636364,0.12987012987012986,0.2857142857142857,0.09090909090909091,0.14285714285714285,-0.2857142857142857,51.0,121.0,20.0,65.0,18.0,23.0,0.4214876033057851,0.3076923076923077,0.782608695652174,0.9057142857142857,0.027657142857142856,0.36231428571428576,0.10577142857142857,0.04711428571428571,0.12331428571428571,0.15914285714285714,0.0984,CHI,https://cdn.nba.com/headshots/nba/latest/1040x760/1641763.png
1641764,Brandin Podziemski,194,27.628144329896905,9.783505154639176,4.402061855670103,0.4298969072164949,0.5366882242225905,1.7128865979381445,0.2084020618556701,0.4256426201689601,0.1307944124842391,0.1910800057740304,7.128102490325279,0.1943866179394921,brandin podziemski,Brandin Podziemski,GSW,SG,82.0,2333.0,0.455,16.5,0.15,0.174,0.13,0.069,0.476,0.7,0.556,0.398,0.35,0.371,Rim Protector,three-point range,at the rim,Perimeter Shooter,"Brandin Podziemski is a perimeter shooter. Their shot profile is built around three-point range, with their best efficiency coming at the rim. Defensively, they profile as a Rim Protector.",Protects the basket with shot blocking and interior presence. This player is most valuable defensively near the rim.,33.0,Brandin Podziemski,22.0,GSW,SG,82.0,43.0,2333.0,10.0,49.0,37.0,4.0,0.0,-0.9,-0.8,72.0,31.0,51.0,12.0,104.0,40.0,789.0,19.0,27.0,,8.804123711340207,797.8041237113403,-0.0626759982677908,0.476,789.0,0.1910800057740304,0.0,0.4756712222504871,0.5270575909660664,0.4968684759916492,0.4767371601208459,0.1660417703726097,0.4608410510898044,Guard,82.0,28.23451219512195,13.817073170731707,5.109756097560975,3.707317073170732,1.0731707317073171,0.18292682926829268,1.5975609756097562,0.18292682926829268,394.0,866.0,153.0,412.0,192.0,241.0,0.45496535796766746,0.3713592233009709,0.7966804979253111,-0.009615384615384274,0.10486538461538462,0.5577884615384615,0.18298076923076925,0.22651923076923078,0.197,0.2256346153846154,0.07946153846153846,GSW,https://cdn.nba.com/headshots/nba/latest/1040x760/1641764.png
1641765,Olivier-Maxence Prosper,125,13.49744,4.616,2.272,0.3804479999999999,0.464688687367073,-10.5504,0.10192,0.4123942314646961,0.0536051140739869,0.2610800930579739,4.542854525030611,0.1056197425351883,oliviermaxence prosper,Olivier-Maxence Prosper,MEM,PF,53.0,984.0,0.549,12.6,0.357,0.183,0.026,0.011,0.423,0.776,0.516,0.111,0.25,0.405,Rim Protector,three-point range,at the rim,Rim-Dominant Big,"Olivier-Maxence Prosper profiles as a rim-dominant big. They take a large share of their shots three-point range, finish best at the rim, and their defensive profile as a Rim Protector suggests they impact the game around the basket.",Protects the basket with shot blocking and interior presence. This player is most valuable defensively near the rim.,281.0,Olivier-Maxence Prosper,23.0,MEM,PF,53.0,24.0,984.0,0.0,2.0,19.0,63.0,16.0,-9.1,-4.3,19.0,20.0,50.0,6.0,56.0,3.0,123.0,16.0,14.0,,4.544,127.544,-0.5666759720826078,0.423,123.0,0.2610800930579739,16.0,0.075589104596414,0.4344558184431118,0.441544885177453,0.0743202416918429,0.2456126846277248,0.2370746218579183,Wing,66.0,18.357735849056603,8.030303030303031,2.8333333333333335,0.7727272727272727,0.6060606060606061,0.19696969696969696,0.7121212121212122,-3.1666666666666665,192.0,350.0,60.0,148.0,86.0,114.0,0.5485714285714286,0.40540540540540543,0.7543859649122807,-4.662962962962963,0.06288888888888888,0.5282592592592592,0.17055555555555557,0.054851851851851846,0.2512962962962963,0.07962962962962962,0.08640740740740742,MEM,https://cdn.nba.com/headshots/nba/latest/1040x760/1641765.png
1641767,Ben Sheppard,172,19.14779069767442,5.0523255813953485,2.11046511627907,0.3959011627906976,0.518729574532002,-6.421511627906977,0.1017441860465116,0.2998796796869936,0.0713757610869576,0.1341454609379836,4.420773664365342,0.1084480668659427,ben sheppard,Ben Sheppard,IND,SG,65.0,1390.0,0.434,17.2,0.202,0.121,0.049,0.028,0.599,0.667,0.426,0.474,0.273,0.362,Disruptive Defender,three-point range,at the rim,Perimeter Shooter,"Ben Sheppard is a perimeter shooter. Their shot profile is built around three-point range, with their best efficiency coming at the rim. Defensively, they profile as a Disruptive Defender.","Creates defensive pressure with steals, blocks, and activity. This player can force mistakes and break up possessions.",193.0,Ben Sheppard,24.0,IND,SG,65.0,20.0,1390.0,11.0,69.0,20.0,0.0,0.0,-8.6,-1.3,25.0,12.0,81.0,3.0,22.0,7.0,274.0,5.0,25.0,,4.22093023255814,278.22093023255815,-0.1547563617186049,0.599,274.0,0.1341454609379836,0.0,0.1655290297037876,0.5101393264559253,0.6252609603340292,0.1655589123867069,0.1013227969958115,0.3142237584838525,Guard,70.0,21.20430769230769,6.557142857142857,2.7857142857142856,1.6285714285714286,0.5571428571428572,0.08571428571428572,0.5857142857142857,-3.8285714285714287,168.0,387.0,84.0,232.0,39.0,51.0,0.43410852713178294,0.3620689655172414,0.7647058823529411,-10.717073170731707,0.06039024390243902,0.545780487804878,0.12290243902439024,0.16778048780487806,0.14709756097560975,0.19558536585365854,0.06707317073170732,IND,https://cdn.nba.com/headshots/nba/latest/1040x760/1641767.png
1641771,Jalen Slawson,20,16.0965,4.0,1.8,0.29185,0.3476876850135609,-0.7250000000000005,0.1065,0.2383647030395456,0.0897523733191039,0.1829830807778806,3.747292461119774,0.0935346586450719,jalen slawson,,,,,,,,,,,,,,,,,,Disruptive Defender,Not enough shooting data,Not enough shooting data,Balanced Player,"Jalen Slawson profiles as a balanced player. Their most common shot comes Not enough shooting data, and they make shots most consistently Not enough shooting data. On defense, they profile as a Disruptive Defender.","Creates defensive pressure with steals, blocks, and activity. This player can force mistakes and break up possessions.",,,,,,,,,,,,,,,,,,,,,,0.0,,,,3.6,3.6,0.0548949242333642,0.0,0.0,0.1829830807778806,0.0,0.0016062190922895,0.5486593298279937,0.0,0.0,0.156837785783486,0.1534910986722628,Wing,14.0,21.995,6.785714285714286,4.071428571428571,2.5714285714285716,1.4285714285714286,1.0,1.2142857142857142,-1.8571428571428572,34.0,77.0,15.0,40.0,12.0,17.0,0.44155844155844154,0.375,0.7058823529411765,,,,,,,,,,https://cdn.nba.com/headshots/nba/latest/1040x760/1641771.png
1641772,Nae'Qwan Tomlin,69,15.24391304347826,5.0144927536231885,2.36231884057971,0.4330434782608695,0.4938235260460609,-1.5043478260869567,0.1039130434782608,0.4076741190792891,0.0434340728533943,0.2035735544170443,4.682326062673573,0.11069321424572,naeqwan tomlin,Nae'Qwan Tomlin,CLE,PF,64.0,1004.0,0.478,10.4,0.503,0.121,0.01,0.0,0.366,0.684,0.395,0.0,,0.235,Rim Protector,at the rim,at the rim,Balanced Player,"Nae'Qwan Tomlin profiles as a balanced player. Their most common shot comes at the rim, and they make shots most consistently at the rim. On defense, they profile as a Rim Protector.",Protects the basket with shot blocking and interior presence. This player is most valuable defensively near the rim.,279.0,Nae'Qwan Tomlin,25.0,CLE,PF,64.0,3.0,1004.0,0.0,0.0,17.0,75.0,8.0,4.3,0.2,14.0,6.0,57.0,6.0,25.0,2.0,131.0,3.0,25.0,,4.72463768115942,135.7246376811594,0.0910720663251133,0.366,131.0,0.2035735544170443,8.0,0.0804721742158869,0.5553062894640307,0.3820459290187891,0.0791540785498489,0.1802435110616302,0.2542620903663287,Wing,77.0,15.45921875,4.857142857142857,2.4155844155844157,0.6883116883116883,0.5324675324675324,0.44155844155844154,0.37662337662337664,0.7792207792207793,150.0,314.0,27.0,115.0,47.0,61.0,0.47770700636942676,0.23478260869565218,0.7704918032786885,2.74390243902439,0.07421951219512196,0.5264146341463414,0.15395121951219512,0.10851219512195122,0.17160975609756096,0.2179756097560976,0.25578048780487805,CLE,https://cdn.nba.com/headshots/nba/latest/1040x760/1641772.png
1641774,Tristan Vukcevic,93,13.962688172043013,6.612903225806452,3.150537634408602,0.468741935483871,0.5703286176840967,-12.505376344086022,0.1332258064516129,0.6113626409996231,0.0809598717617628,0.2382780211767947,6.03478640386874,0.1322412341744704,tristan vukcevic,Tristan Vukcevic,WAS,C,49.0,671.0,0.479,16.2,0.17,0.17,0.142,0.063,0.454,0.796,0.648,0.422,0.25,0.347,Rim Protector,three-point range,at the rim,Balanced Player,"Tristan Vukcevic profiles as a balanced player. Their most common shot comes three-point range, and they make shots most consistently at the rim. On defense, they profile as a Rim Protector.",Protects the basket with shot blocking and interior presence. This player is most valuable defensively near the rim.,349.0,Tristan Vukcevic,22.0,WAS,C,49.0,12.0,671.0,0.0,0.0,0.0,0.0,100.0,-15.6,-4.9,26.0,19.0,37.0,11.0,49.0,2.0,124.0,10.0,14.0,,6.301075268817204,130.3010752688172,-0.6635165936469616,0.454,124.0,0.2382780211767947,100.0,0.0772348186603393,0.4166629341673305,0.4739039665970773,0.0749244712990936,0.2196929782831234,0.2356070009537517,Big,66.0,13.514285714285716,6.681818181818182,2.227272727272727,0.8333333333333334,0.3484848484848485,0.48484848484848486,0.9393939393939394,-3.4242424242424243,152.0,317.0,50.0,144.0,87.0,111.0,0.4794952681388013,0.3472222222222222,0.7837837837837838,-12.025806451612903,0.10558064516129033,0.5544193548387097,0.23780645161290323,0.1777741935483871,0.24106451612903226,0.13435483870967743,0.30583870967741933,WAS,https://cdn.nba.com/headshots/nba/latest/1040x760/1641774.png
1641775,Jordan Walsh,129,12.95937984496124,2.8294573643410854,1.3333333333333333,0.3497441860465116,0.4456899272540709,5.382170542635659,0.073953488372093,0.3284629104380376,0.0459509028266249,0.1927849363515056,3.56996459488635,0.0721316352072936,jordan walsh,Jordan Walsh,BOS,PF,68.0,1212.0,0.509,13.3,0.337,0.172,0.022,0.0,0.468,0.789,0.348,0.167,,0.384,Rim Protector,three-point range,at the rim,Perimeter Shooter,"Jordan Walsh is a perimeter shooter. Their shot profile is built around three-point range, with their best efficiency coming at the rim. Defensively, they profile as a Rim Protector.",Protects the basket with shot blocking and interior presence. This player is most valuable defensively near the rim.,229.0,Jordan Walsh,21.0,BOS,PF,68.0,25.0,1212.0,0.0,3.0,31.0,64.0,2.0,5.7,-3.1,16.0,9.0,64.0,4.0,28.0,6.0,140.0,10.0,17.0,,2.6666666666666665,142.66666666666666,-0.4071645190945482,0.468,140.0,0.1927849363515056,2.0,0.0846159111906585,0.4637634455300798,0.488517745302714,0.0845921450151057,0.1679798091673459,0.2483220830724356,Wing,81.0,17.61161764705882,4.493827160493828,3.3580246913580245,0.6666666666666666,0.6049382716049383,0.38271604938271603,0.43209876543209874,1.1728395061728396,136.0,267.0,48.0,125.0,44.0,57.0,0.5093632958801498,0.384,0.7719298245614035,3.1000000000000005,0.014891304347826085,0.5097826086956522,0.1073913043478261,0.08830434782608697,0.2222608695652174,0.24523913043478263,0.16882608695652174,BOS,https://cdn.nba.com/headshots/nba/latest/1040x760/1641775.png
1641778,Leaky Black,34,19.595588235294116,4.323529411764706,1.7647058823529411,0.3681764705882353,0.4768604897992822,-7.970588235294118,0.1008823529411764,0.2819587427669972,0.0584359814918836,0.1745658186613019,4.125381307873018,0.0939697002249322,leaky black,,,,,,,,,,,,,,,,,,Disruptive Defender,Not enough shooting data,Not enough shooting data,Balanced Player,"Leaky Black profiles as a balanced player. Their most common shot comes Not enough shooting data, and they make shots most consistently Not enough shooting data. On defense, they profile as a Disruptive Defender.","Creates defensive pressure with steals, blocks, and activity. This player can force mistakes and break up possessions.",,,,,,,,,,,,,,,,,,,,,,0.0,,,,3.5294117647058822,3.5294117647058822,0.0523697455983905,0.0,0.0,0.1745658186613019,0.0,0.0015640845692008,0.5481953694516355,0.0,0.0,0.1472696656835165,0.1524014427589408,Wing,15.0,28.683333333333334,7.066666666666666,5.0,1.4666666666666666,1.2,0.5333333333333333,0.9333333333333333,-6.8,40.0,103.0,19.0,55.0,7.0,8.0,0.3883495145631068,0.34545454545454546,0.875,,,,,,,,,,https://cdn.nba.com/headshots/nba/latest/1040x760/1641778.png
1641783,Tristan da Silva,151,23.166401766004416,7.304635761589404,3.165562913907285,0.4047852412488174,0.511700212091736,-2.647019867549669,0.1377483443708609,0.3703556170204249,0.0649948853564535,0.1477764691779266,5.449984055746521,0.146621751002434,tristan da silva,Tristan Da Silva,ORL,SF,77.0,1899.0,0.45,15.9,0.16,0.227,0.071,0.024,0.518,0.727,0.475,0.341,0.333,0.374,Disruptive Defender,three-point range,at the rim,Elite 3PT Threat,Tristan da Silva profiles as an elite 3PT threat. They consistently take shots from three-point range and are most efficient at the rim. Their defensive profile is Disruptive Defender.,"Creates defensive pressure with steals, blocks, and activity. This player can force mistakes and break up possessions.",96.0,Tristan Da Silva,24.0,ORL,SF,77.0,34.0,1899.0,0.0,4.0,83.0,13.0,0.0,2.4,3.6,42.0,14.0,61.0,3.0,39.0,4.0,285.0,7.0,23.0,,6.33112582781457,291.33112582781456,0.584332940753378,0.518,285.0,0.1477764691779266,0.0,0.173354580756364,0.6459349276811087,0.5407098121085595,0.1722054380664652,0.1168175175019681,0.34083433159595,Wing,79.0,24.452987012987016,9.645569620253164,3.5949367088607596,1.5696202531645569,0.8607594936708861,0.31645569620253167,0.8734177215189873,1.3037974683544304,279.0,620.0,120.0,321.0,84.0,95.0,0.45,0.37383177570093457,0.8842105263157894,-3.4377777777777774,0.07417777777777777,0.4882,0.16273333333333334,0.10442222222222222,0.15940000000000001,0.23451111111111114,0.09277777777777778,ORL,https://cdn.nba.com/headshots/nba/latest/1040x760/1641783.png
1641787,Tosan Evbuomwan,50,20.5082,5.84,2.6,0.39828,0.4988501542183078,-10.342,0.1235999999999999,0.3341162914837438,0.060035967150994,0.166431841156207,4.928783045622411,0.1254459228863285,tosan evbuomwan,,,,,,,,,,,,,,,,,,Disruptive Defender,Not enough shooting data,Not enough shooting data,Balanced Player,"Tosan Evbuomwan profiles as a balanced player. Their most common shot comes Not enough shooting data, and they make shots most consistently Not enough shooting data. On defense, they profile as a Disruptive Defender.","Creates defensive pressure with steals, blocks, and activity. This player can force mistakes and break up possessions.",,,,,,,,,,,,,,,,,,,,,,0.0,,,,5.2,5.2,0.0499295523468621,0.0,0.0,0.166431841156207,0.0,0.0025612682822995,0.5477470237529647,0.0,0.0,0.1380235625467365,0.1517636195058346,Wing,15.0,1.406,0.0,0.13333333333333333,0.0,0.0,0.0,0.0,-0.5333333333333333,0.0,1.0,0.0,0.0,0.0,0.0,0.0,,,-36.660000000000004,-0.0043999999999999985,0.0,0.0334,0.0,0.1066,0.0,0.0,NYK,https://cdn.nba.com/headshots/nba/latest/1040x760/1641787.png
1641790,PJ Hall,38,7.172105263157896,2.1842105263157894,1.1578947368421053,0.3688684210526315,0.4591934461575198,-1.631578947368421,0.0602631578947368,0.4173972887845187,0.0624676968286545,0.3565560316956538,3.5215854423573862,0.0595872112566412,pj hall,,,,,,,,,,,,,,,,,,Rim Protector,Not enough shooting data,Not enough shooting data,Balanced Player,"PJ Hall profiles as a balanced player. Their most common shot comes Not enough shooting data, and they make shots most consistently Not enough shooting data. On defense, they profile as a Rim Protector.",Protects the basket with shot blocking and interior presence. This player is most valuable defensively near the rim.,,,,,,,,,,,,,,,,,,,,,,0.0,,,,2.3157894736842106,2.3157894736842106,0.1069668095086961,0.0,0.0,0.3565560316956538,0.0,0.0008396664529394,0.5582266892042451,0.0,0.0,0.3541426596825999,0.175306804850497,Wing,26.0,11.033157894736842,3.3076923076923075,2.8846153846153846,0.38461538461538464,0.11538461538461539,0.38461538461538464,0.6153846153846154,-1.1153846153846154,30.0,59.0,3.0,5.0,23.0,29.0,0.5084745762711864,0.6,0.7931034482758621,3.7533333333333334,0.2954666666666667,0.4593333333333333,0.15180000000000002,0.12346666666666666,0.3184666666666667,0.03333333333333333,0.3,CHA,https://cdn.nba.com/headshots/nba/latest/1040x760/1641790.png
1641794,Dillon Jones,61,9.457868852459017,2.3278688524590163,0.8688524590163934,0.2046229508196721,0.2661347758945135,3.1278688524590166,0.0539344262295082,0.3692886250338217,0.11093993401335,0.2081923551900214,2.6500963318495447,0.0438519586690575,dillon jones,,,,,,,,,,,,,,,,,,Rim Protector,Not enough shooting data,Not enough shooting data,Balanced Player,"Dillon Jones profiles as a balanced player. Their most common shot comes Not enough shooting data, and they make shots most consistently Not enough shooting data. On defense, they profile as a Rim Protector.",Protects the basket with shot blocking and interior presence. This player is most valuable defensively near the rim.,,,,,,,,,,,,,,,,,,,,,,0.0,,,,1.7377049180327868,1.7377049180327868,0.0624577065570064,0.0,0.0,0.2081923551900214,0.0,0.0004946044612942,0.5500488676945807,0.0,0.0,0.1854938216616331,0.1562594408743262,Wing,17.0,5.432857142857143,0.5294117647058824,0.4117647058823529,0.23529411764705882,0.17647058823529413,0.0,0.0,0.47058823529411764,2.0,9.0,1.0,5.0,4.0,4.0,0.2222222222222222,0.2,1.0,-22.5,0.3016666666666667,0.5,0.15566666666666665,0.05566666666666667,0.111,0.3333333333333333,0.0,NYK,https://cdn.nba.com/headshots/nba/latest/1040x760/1641794.png
1641796,Pelle Larsson,125,20.85336,6.096,2.928,0.421768,0.5293285839686848,-0.2455999999999999,0.13336,0.3762505779898527,0.1028188022540463,0.1172806336777285,5.36568690788576,0.1371794641518639,pelle larsson,Pelle Larsson,MIA,SG,70.0,1849.0,0.496,11.5,0.317,0.297,0.038,0.005,0.343,0.729,0.482,0.286,0.0,0.323,Disruptive Defender,three-point range,at the rim,Balanced Player,"Pelle Larsson profiles as a balanced player. Their most common shot comes three-point range, and they make shots most consistently at the rim. On defense, they profile as a Disruptive Defender.","Creates defensive pressure with steals, blocks, and activity. This player can force mistakes and break up possessions.",106.0,Pelle Larsson,24.0,MIA,SG,70.0,54.0,1849.0,1.0,28.0,68.0,3.0,0.0,2.7,0.4,62.0,27.0,76.0,7.0,112.0,38.0,563.0,26.0,35.0,,5.856,568.856,0.0951841901033185,0.343,563.0,0.1172806336777285,0.0,0.3390107721849718,0.5560618251197438,0.3580375782881002,0.3401812688821752,0.0821521105592404,0.3705587398412813,Wing,77.0,26.19842857142857,10.38961038961039,3.168831168831169,3.064935064935065,0.6363636363636364,0.2077922077922078,1.3116883116883118,1.0389610389610389,277.0,559.0,62.0,192.0,184.0,231.0,0.49552772808586765,0.3229166666666667,0.7965367965367965,0.8400000000000003,0.08033333333333334,0.5760444444444445,0.15566666666666668,0.2072,0.1428,0.09866666666666668,0.06737777777777777,MIA,https://cdn.nba.com/headshots/nba/latest/1040x760/1641796.png
1641809,Drew Peterson,33,8.031818181818181,1.878787878787879,0.6666666666666666,0.2974545454545454,0.419263813921239,11.506060606060606,0.0412121212121212,0.2723153165482131,0.0595892513522888,0.1885820797899651,2.653937226375295,0.0476423610956807,drew peterson,,,,,,,,,,,,,,,,,,Rim Protector,Not enough shooting data,Not enough shooting data,Balanced Player,"Drew Peterson profiles as a balanced player. Their most common shot comes Not enough shooting data, and they make shots most consistently Not enough shooting data. On defense, they profile as a Rim Protector.",Protects the basket with shot blocking and interior presence. This player is most valuable defensively near the rim.,,,,,,,,,,,,,,,,,,,,,,0.0,,,,1.3333333333333333,1.3333333333333333,0.0565746239369895,0.0,0.0,0.1885820797899651,0.0,0.0002532327397753,0.5489679472445477,0.0,0.0,0.1632023131375431,0.1536635112208013,Wing,7.0,10.56,0.7142857142857143,1.2857142857142858,0.2857142857142857,0.42857142857142855,0.14285714285714285,0.0,-1.4285714285714286,2.0,16.0,0.0,12.0,1.0,2.0,0.125,0.0,0.5,-4.0,0.002666666666666669,0.077,0.10483333333333333,0.08883333333333333,0.21133333333333335,0.1665,0.08333333333333333,CHA,https://cdn.nba.com/headshots/nba/latest/1040x760/1641809.png
1641810,Antonio Reeves,53,12.83943396226415,4.716981132075472,2.169811320754717,0.4127169811320754,0.5364477314123496,-1.0867924528301882,0.0783018867924528,0.4896949636668444,0.067555056600813,0.0981235405437724,4.522695385721681,0.0989810184269709,antonio reeves,,,,,,,,,,,,,,,,,,Disruptive Defender,Not enough shooting data,Not enough shooting data,Balanced Player,"Antonio Reeves profiles as a balanced player. Their most common shot comes Not enough shooting data, and they make shots most consistently Not enough shooting data. On defense, they profile as a Disruptive Defender.","Creates defensive pressure with steals, blocks, and activity. This player can force mistakes and break up possessions.",,,,,,,,,,,,,,,,,,,,,,0.0,,,,4.339622641509434,4.339622641509434,0.0294370621631317,0.0,0.0,0.0981235405437724,0.0,0.0020477040952186,0.5439818630128573,0.0,0.0,0.060375746067636,0.1428521219980654,Wing,15.0,6.5409999999999995,1.8,0.5333333333333333,0.2,0.06666666666666667,0.0,0.06666666666666667,1.9333333333333333,10.0,20.0,7.0,13.0,0.0,0.0,0.5,0.5384615384615384,,24.442857142857147,0.06714285714285714,0.2975714285714286,0.09785714285714285,0.08571428571428572,0.06742857142857142,0.07142857142857142,0.0,CHA,https://cdn.nba.com/headshots/nba/latest/1040x760/1641810.png
1641816,Hunter Tyson,82,6.9574390243902435,2.292682926829268,0.8048780487804879,0.2669512195121951,0.3752853583834461,-15.258536585365857,0.0430487804878048,0.4029541534628122,0.06311682704975,0.2171664144852018,2.859203406466207,0.0430344191682844,hunter tyson,,,,,,,,,,,,,,,,,,Rim Protector,Not enough shooting data,Not enough shooting data,Balanced Player,"Hunter Tyson profiles as a balanced player. Their most common shot comes Not enough shooting data, and they make shots most consistently Not enough shooting data. On defense, they profile as a Rim Protector.",Protects the basket with shot blocking and interior presence. This player is most valuable defensively near the rim.,,,,,,,,,,,,,,,,,,,,,,0.0,,,,1.6097560975609757,1.6097560975609757,0.0651499243455605,0.0,0.0,0.2171664144852018,0.0,0.0004182310754478,0.5505435187901967,0.0,0.0,0.1956948675517704,0.1573726588829053,Wing,52.0,7.520952380952381,0.8846153846153846,0.6923076923076923,0.3269230769230769,0.038461538461538464,0.019230769230769232,0.09615384615384616,-0.46153846153846156,14.0,52.0,7.0,33.0,11.0,13.0,0.2692307692307692,0.21212121212121213,0.8461538461538461,-10.19047619047619,0.18466666666666667,0.25152380952380954,0.15466666666666665,0.16547619047619047,0.3108095238095238,0.05952380952380952,0.047619047619047616,DEN,https://cdn.nba.com/headshots/nba/latest/1040x760/1641816.png
1641824,Matas Buzelis,157,23.73605095541401,9.668789808917197,4.445859872611465,0.4344012738853504,0.5568220617763217,-6.281528662420382,0.1875796178343949,0.4957750584286657,0.057672762152417,0.198307273015918,7.031761525116232,0.192282355023719,matas buzelis,Matas Buzelis,CHI,PF,77.0,2248.0,0.463,14.5,0.319,0.145,0.013,0.008,0.514,0.661,0.45,0.231,0.5,0.349,Rim Protector,three-point range,at the rim,Balanced Player,"Matas Buzelis profiles as a balanced player. Their most common shot comes three-point range, and they make shots most consistently at the rim. On defense, they profile as a Rim Protector.",Protects the basket with shot blocking and interior presence. This player is most valuable defensively near the rim.,46.0,Matas Buzelis,21.0,CHI,PF,77.0,77.0,2248.0,0.0,0.0,12.0,80.0,8.0,-5.8,-1.9,60.0,85.0,111.0,5.0,112.0,6.0,385.0,21.0,57.0,,8.89171974522293,393.891719745223,-0.2255078180952245,0.514,385.0,0.198307273015918,8.0,0.2345735883487173,0.4971399006435288,0.5365344467640919,0.2326283987915408,0.1742571924430183,0.3392831366384388,Wing,78.0,28.984155844155847,16.05128205128205,5.743589743589744,2.0256410256410255,0.7051282051282052,1.4871794871794872,2.0384615384615383,-3.923076923076923,446.0,963.0,173.0,495.0,187.0,238.0,0.46313603322949115,0.34949494949494947,0.7857142857142857,-3.0942307692307693,0.0850576923076923,0.5895384615384616,0.21098076923076922,0.11690384615384615,0.1976153846153846,0.13975,0.40978846153846155,CHI,https://cdn.nba.com/headshots/nba/latest/1040x760/1641824.png
1641842,Ronald Holland II,159,17.51805031446541,6.037735849056604,2.7169811320754715,0.4480188679245283,0.5265245120177328,-0.2125786163522013,0.1188050314465408,0.4519706755340573,0.0657818903098365,0.1919531400936262,5.216533755045841,0.1234545980104373,ronald holland ii,,,,,,,,,,,,,,,,,,Rim Protector,Not enough shooting data,Not enough shooting data,Balanced Player,"Ronald Holland II profiles as a balanced player. Their most common shot comes Not enough shooting data, and they make shots most consistently Not enough shooting data. On defense, they profile as a Rim Protector.",Protects the basket with shot blocking and interior presence. This player is most valuable defensively near the rim.,,,,,,,,,,,,,,,,,,,,,,0.0,,,,5.433962264150943,5.433962264150943,0.0575859420280878,0.0,0.0,0.1919531400936262,0.0,0.0027009217015934,0.5491537604443211,0.0,0.0,0.1670342847932837,0.155072237271046,Wing,78.0,19.701666666666668,8.205128205128204,4.038461538461538,1.2179487179487178,1.1794871794871795,0.34615384615384615,1.2307692307692308,1.705128205128205,235.0,544.0,50.0,198.0,120.0,149.0,0.4319852941176471,0.25252525252525254,0.8053691275167785,7.838775510204082,0.08863265306122449,0.4893673469387755,0.1806938775510204,0.15518367346938775,0.22691836734693877,0.33532653061224493,0.11412244897959183,DET,https://cdn.nba.com/headshots/nba/latest/1040x760/1641842.png
1641854,Craig Porter Jr.,145,13.14448275862069,3.393103448275862,1.6344827586206896,0.3791586206896551,0.4571353402786179,-9.803448275862069,0.0877241379310345,0.3404811137534499,0.1439662382144982,0.1560816528283575,3.940299282825512,0.0840577723439191,craig porter jr,Craig Porter Jr.,CLE,PG,64.0,1148.0,0.45,12.9,0.264,0.205,0.155,0.016,0.36,0.721,0.321,0.35,0.75,0.355,Disruptive Defender,three-point range,at the rim,Balanced Player,"Craig Porter Jr. profiles as a balanced player. Their most common shot comes three-point range, and they make shots most consistently at the rim. On defense, they profile as a Disruptive Defender.","Creates defensive pressure with steals, blocks, and activity. This player can force mistakes and break up possessions.",251.0,Craig Porter Jr.,25.0,CLE,PG,64.0,3.0,1148.0,86.0,14.0,0.0,0.0,0.0,4.6,0.7,46.0,10.0,39.0,0.0,14.0,4.0,490.0,3.0,18.0,,3.268965517241379,493.2689655172414,0.1518244958485072,0.36,490.0,0.1560816528283575,0.0,0.2938924371487115,0.566468557224404,0.3757828810020877,0.29607250755287,0.1262582351033733,0.3577746205815231,Guard,72.0,17.71578125,4.013888888888889,3.0555555555555554,2.8472222222222223,0.7916666666666666,0.5277777777777778,0.8194444444444444,1.4305555555555556,116.0,258.0,33.0,93.0,24.0,40.0,0.4496124031007752,0.3548387096774194,0.6,-4.42608695652174,0.08167391304347826,0.5015,0.12258695652173913,0.26860869565217393,0.1902391304347826,0.24293478260869567,0.18532608695652175,CLE,https://cdn.nba.com/headshots/nba/latest/1040x760/1641854.png
1641871,Duop Reath,126,12.669523809523808,4.785714285714286,2.1666666666666665,0.3935555555555555,0.4968146440821144,-12.942857142857145,0.0923015873015873,0.4405259544118929,0.0486360282250942,0.1835362013359554,4.514352983927272,0.1006421343080967,duop reath,,,,,,,,,,,,,,,,,,Disruptive Defender,Not enough shooting data,Not enough shooting data,Balanced Player,"Duop Reath profiles as a balanced player. Their most common shot comes Not enough shooting data, and they make shots most consistently Not enough shooting data. On defense, they profile as a Disruptive Defender.","Creates defensive pressure with steals, blocks, and activity. This player can force mistakes and break up possessions.",,,,,,,,,,,,,,,,,,,,,,0.0,,,,4.333333333333333,4.333333333333333,0.0550608604007866,0.0,0.0,0.1835362013359554,0.0,0.0020439499710441,0.54868981789154,0.0,0.0,0.1574665322637693,0.1537366876876796,Wing,49.0,7.63969696969697,1.9183673469387754,0.7755102040816326,0.20408163265306123,0.10204081632653061,0.16326530612244897,0.14285714285714285,-0.7959183673469388,33.0,74.0,23.0,55.0,5.0,6.0,0.44594594594594594,0.41818181818181815,0.8333333333333334,-14.2125,0.005156250000000003,0.48181250000000003,0.1195625,0.066625,0.16215625,0.09896875,0.10675,POR,https://cdn.nba.com/headshots/nba/latest/1040x760/1641871.png
1641890,Tyler Smith,35,7.985714285714286,2.857142857142857,1.2857142857142858,0.3628285714285714,0.4526219294670072,13.61142857142857,0.054,0.5366832626382357,0.0167196094618738,0.202778646919088,3.691232313677493,0.0566827104416526,tyler smith,,,,,,,,,,,,,,,,,,Rim Protector,Not enough shooting data,Not enough shooting data,Volume Shot Creator,"Tyler Smith profiles as a balanced player. Their most common shot comes Not enough shooting data, and they make shots most consistently Not enough shooting data. On defense, they profile as a Rim Protector.",Protects the basket with shot blocking and interior presence. This player is most valuable defensively near the rim.,,,,,,,,,,,,,,,,,,,,,,0.0,,,,2.5714285714285716,2.5714285714285716,0.0608335940757264,0.0,0.0,0.202778646919088,0.0,0.0009922588987116,0.5497504635232375,0.0,0.0,0.179339919097465,0.1557685113500405,Wing,15.0,12.503846153846155,3.7333333333333334,2.2,0.3333333333333333,0.4,0.0,0.4,-1.4666666666666666,21.0,50.0,10.0,35.0,4.0,6.0,0.42,0.2857142857142857,0.6666666666666666,,,,,,,,,,https://cdn.nba.com/headshots/nba/latest/1040x760/1641890.png
1641931,Onuralp Bitim,22,11.454545454545457,3.8181818181818183,1.4545454545454546,0.3309090909090909,0.4129076012299869,-9.568181818181818,0.0545454545454545,0.473016944810423,0.0947101449275362,0.0921102327624066,3.5120294205835343,0.0663222487896146,onuralp bitim,,,,,,,,,,,,,,,,,,Disruptive Defender,Not enough shooting data,Not enough shooting data,Balanced Player,"Onuralp Bitim profiles as a balanced player. Their most common shot comes Not enough shooting data, and they make shots most consistently Not enough shooting data. On defense, they profile as a Disruptive Defender.","Creates defensive pressure with steals, blocks, and activity. This player can force mistakes and break up possessions.",,,,,,,,,,,,,,,,,,,,,,0.0,,,,2.909090909090909,2.909090909090909,0.027633069828722,0.0,0.0,0.0921102327624066,0.0,0.0011938114875124,0.5436504088532078,0.0,0.0,0.0535402631928822,0.1417441531275951,Wing,,,,,,,,,,,,,,,,,,,,,,,,,,,,https://cdn.nba.com/headshots/nba/latest/1040x760/1641931.png
1641989,Elijah Harkless,36,18.769166666666667,5.444444444444445,1.8055555555555556,0.2636666666666667,0.4255356812237539,5.408333333333333,0.1072222222222222,0.3405987598501179,0.1142634390744197,0.1224614106039151,4.198082341149275,0.0898727765622538,elijah harkless,Elijah Harkless,UTA,SG,26.0,545.0,0.335,16.3,0.186,0.168,0.062,0.037,0.547,0.5,0.481,0.3,0.333,0.239,Disruptive Defender,three-point range,at the rim,Balanced Player,"Elijah Harkless profiles as a balanced player. Their most common shot comes three-point range, and they make shots most consistently at the rim. On defense, they profile as a Disruptive Defender.","Creates defensive pressure with steals, blocks, and activity. This player can force mistakes and break up possessions.",371.0,Elijah Harkless,25.0,UTA,SG,26.0,9.0,545.0,48.0,52.0,1.0,0.0,0.0,-3.0,5.9,11.0,11.0,25.0,3.0,28.0,20.0,180.0,5.0,10.0,,3.611111111111111,183.61111111111111,0.9217384231811746,0.547,180.0,0.1224614106039151,0.0,0.1090558852544561,0.7079276803697359,0.57098121085595,0.1087613293051359,0.0880412340241341,0.3259317121555359,Guard,45.0,20.757307692307695,3.9555555555555557,1.1777777777777778,1.6666666666666667,0.6888888888888889,0.13333333333333333,0.5777777777777777,-0.7333333333333333,54.0,161.0,21.0,88.0,49.0,64.0,0.33540372670807456,0.23863636363636365,0.765625,26.900000000000002,0.08485714285714285,0.6154285714285714,0.11485714285714287,0.13885714285714285,0.10471428571428573,0.21428571428571427,0.0,UTA,https://cdn.nba.com/headshots/nba/latest/1040x760/1641989.png
1641998,Trey Jemison III,76,13.47592105263158,2.8947368421052633,1.605263157894737,0.4269605263157894,0.4467527582914286,-1.6460526315789472,0.0767105263157894,0.307809328837221,0.0473803930810433,0.4260284583880629,3.668376932548728,0.0846410815333327,trey jemison iii,,,,,,,,,,,,,,,,,,Rim Protector,Not enough shooting data,Not enough shooting data,Balanced Player,"Trey Jemison III profiles as a balanced player. Their most common shot comes Not enough shooting data, and they make shots most consistently Not enough shooting data. On defense, they profile as a Rim Protector.",Protects the basket with shot blocking and interior presence. This player is most valuable defensively near the rim.,,,,,,,,,,,,,,,,,,,,,,0.0,,,,3.210526315789474,3.210526315789474,0.1278085375164188,0.0,0.0,0.4260284583880629,0.0,0.0013737400131423,0.5620560166967612,0.0,0.0,0.4331137684615521,0.1843748770256024,Wing,31.0,6.042307692307692,0.41935483870967744,0.5806451612903226,0.16129032258064516,0.03225806451612903,0.06451612903225806,0.3225806451612903,-0.9354838709677419,6.0,10.0,0.0,0.0,1.0,1.0,0.6,,1.0,-26.233333333333334,0.02744444444444444,0.28055555555555556,0.07522222222222223,0.027777777777777776,0.3691111111111111,0.05555555555555555,0.16666666666666666,NYK,https://cdn.nba.com/headshots/nba/latest/1040x760/1641998.png
1642066,Myron Gardner,45,8.913555555555556,2.7333333333333334,1.3111111111111111,0.4173333333333333,0.5511829613875855,4.9288888888888875,0.0755555555555555,0.400022047945054,0.1082546980652449,0.3855571395449199,4.045815202275087,0.0703804751745762,myron gardner,,,,,,,,,,,,,,,,,,Rim Protector,Not enough shooting data,Not enough shooting data,Balanced Player,"Myron Gardner profiles as a balanced player. Their most common shot comes Not enough shooting data, and they make shots most consistently Not enough shooting data. On defense, they profile as a Rim Protector.",Protects the basket with shot blocking and interior presence. This player is most valuable defensively near the rim.,,,,,,,,,,,,,,,,,,,,,,0.0,,,,2.6222222222222222,2.6222222222222222,0.1156671418634759,0.0,0.0,0.3855571395449199,0.0,0.0010225779206167,0.5598252333301372,0.0,0.0,0.3871089709475663,0.1790762365955376,Wing,63.0,8.913555555555556,2.5873015873015874,1.9365079365079365,0.6984126984126984,0.31746031746031744,0.12698412698412698,0.2698412698412698,1.2380952380952381,59.0,123.0,26.0,64.0,19.0,26.0,0.4796747967479675,0.40625,0.7307692307692307,5.208695652173913,0.1321304347826087,0.5512173913043478,0.13308695652173913,0.12860869565217392,0.2437826086956522,0.14008695652173914,0.06521739130434782,MIA,https://cdn.nba.com/headshots/nba/latest/1040x760/1642066.png
1642258,Zaccharie Risacher,142,23.37732394366197,9.26056338028169,4.232394366197183,0.452556338028169,0.5474425807741145,-1.5450704225352112,0.1626760563380281,0.4670775710420727,0.0497902993574948,0.1593692025627464,6.497961757645925,0.1851154621440982,zaccharie risacher,Zaccharie Risacher,ATL,SF,67.0,1503.0,0.455,15.0,0.297,0.112,0.047,0.063,0.481,0.635,0.467,0.36,0.324,0.368,Disruptive Defender,three-point range,at the rim,Perimeter Shooter,"Zaccharie Risacher is a perimeter shooter. Their shot profile is built around three-point range, with their best efficiency coming at the rim. Defensively, they profile as a Disruptive Defender.","Creates defensive pressure with steals, blocks, and activity. This player can force mistakes and break up possessions.",164.0,Zaccharie Risacher,20.0,ATL,SF,67.0,46.0,1503.0,0.0,2.0,90.0,8.0,0.0,-0.3,-4.4,22.0,22.0,82.0,6.0,44.0,1.0,184.0,11.0,30.0,,8.464788732394366,192.46478873239437,-0.6121892392311761,0.481,184.0,0.1593692025627464,0.0,0.1143406962799662,0.4260934981450224,0.5020876826722338,0.1111782477341389,0.129995278129668,0.2516901580354578,Wing,77.0,22.25,8.324675324675324,3.3376623376623376,0.987012987012987,0.7662337662337663,0.4675324675324675,0.7532467532467533,-0.2077922077922078,244.0,536.0,95.0,258.0,58.0,90.0,0.4552238805970149,0.3682170542635659,0.6444444444444445,0.21794871794871812,0.060948717948717944,0.5387179487179486,0.17566666666666667,0.08828205128205129,0.15787179487179487,0.21664102564102564,0.17594871794871794,ATL,https://cdn.nba.com/headshots/nba/latest/1040x760/1642258.png
1642259,Alex Sarr,114,26.95964912280702,12.894736842105264,5.5701754385964914,0.4244912280701755,0.5002072526720759,-14.355263157894736,0.2441228070175438,0.5854223480653787,0.094586573537767,0.2535081237375902,8.282869962918914,0.2301898545496968,alex sarr,Alex Sarr,WAS,C,48.0,1305.0,0.482,10.5,0.262,0.363,0.104,0.043,0.229,0.756,0.429,0.382,0.286,0.333,Rim Protector,short paint / floater range,at the rim,Volume Shot Creator,"Alex Sarr profiles as a balanced player. Their most common shot comes short paint / floater range, and they make shots most consistently at the rim. On defense, they profile as a Rim Protector.",Protects the basket with shot blocking and interior presence. This player is most valuable defensively near the rim.,215.0,Alex Sarr,20.0,WAS,C,48.0,48.0,1305.0,0.0,0.0,0.0,1.0,99.0,-11.9,-0.4,26.0,40.0,66.0,10.0,76.0,1.0,332.0,18.0,60.0,,11.140350877192985,343.140350877193,0.016052437121277,0.229,332.0,0.2535081237375902,99.0,0.2042798047678981,0.5415226565290763,0.2390396659707724,0.2006042296072507,0.237005430766874,0.2967095019724566,Big,57.0,26.983125,13.736842105263158,6.228070175438597,2.280701754385965,0.6842105263157895,1.6666666666666667,1.4385964912280702,-6.157894736842105,316.0,656.0,50.0,150.0,101.0,146.0,0.4817073170731707,0.3333333333333333,0.6917808219178082,-12.857499999999998,0.12435,0.5478,0.24932500000000002,0.185375,0.29245,0.173925,0.47430000000000005,WAS,https://cdn.nba.com/headshots/nba/latest/1040x760/1642259.png
1642261,Dalton Knecht,130,15.292076923076923,5.638461538461539,2.607692307692308,0.4223923076923077,0.5436087889331244,-8.276153846153846,0.0983076923076923,0.3989999635032014,0.0414318230034071,0.137992242272396,4.816133986113469,0.1231208494647428,dalton knecht,Dalton Knecht,LAL,SF,54.0,553.0,0.455,17.9,0.157,0.12,0.115,0.026,0.581,0.733,0.522,0.591,0.4,0.342,Disruptive Defender,three-point range,at the rim,Balanced Player,"Dalton Knecht profiles as a balanced player. Their most common shot comes three-point range, and they make shots most consistently at the rim. On defense, they profile as a Disruptive Defender.","Creates defensive pressure with steals, blocks, and activity. This player can force mistakes and break up possessions.",367.0,Dalton Knecht,24.0,LAL,SF,54.0,1.0,553.0,0.0,48.0,44.0,7.0,1.0,-7.5,-10.9,10.0,6.0,25.0,5.0,11.0,2.0,52.0,2.0,11.0,,5.2153846153846155,57.215384615384615,-1.593602327318281,0.581,52.0,0.137992242272396,1.0,0.033609550122913,0.245774854780401,0.6064718162839249,0.0314199395770392,0.1056955330822266,0.1795698534527808,Wing,81.0,10.04,2.814814814814815,0.9259259259259259,0.25925925925925924,0.13580246913580246,0.13580246913580246,0.2839506172839506,-1.0123456790123457,87.0,191.0,38.0,111.0,16.0,22.0,0.45549738219895286,0.34234234234234234,0.7272727272727273,-9.473170731707317,0.07243902439024391,0.5220243902439025,0.1684878048780488,0.0435609756097561,0.13941463414634148,0.049439024390243905,0.1008048780487805,LAL,https://cdn.nba.com/headshots/nba/latest/1040x760/1642261.png
1642262,Cody Williams,116,22.76155172413793,6.543103448275862,2.7586206896551726,0.3765258620689655,0.4507398363395865,-13.316379310344828,0.1137931034482758,0.3391212782835642,0.0650055610861257,0.115039711729788,4.702875858689336,0.1298213706393168,cody williams,Cody Williams,UTA,SG,67.0,1631.0,0.468,10.9,0.253,0.322,0.1,0.067,0.257,0.698,0.506,0.431,0.441,0.214,Disruptive Defender,short paint / floater range,at the rim,Balanced Player,"Cody Williams profiles as a balanced player. Their most common shot comes short paint / floater range, and they make shots most consistently at the rim. On defense, they profile as a Disruptive Defender.","Creates defensive pressure with steals, blocks, and activity. This player can force mistakes and break up possessions.",143.0,Cody Williams,21.0,UTA,SG,67.0,41.0,1631.0,3.0,46.0,43.0,9.0,0.0,-11.0,-5.0,28.0,31.0,62.0,8.0,55.0,5.0,333.0,10.0,44.0,,5.517241379310345,338.51724137931035,-0.7154880864810635,0.257,333.0,0.115039711729788,0.0,0.2015202441545979,0.4071140202642712,0.2682672233820459,0.2012084592145015,0.0796047964759209,0.2507080118042561,Wing,78.0,24.15417910447761,7.538461538461538,2.5384615384615383,1.7564102564102564,0.6538461538461539,0.3333333333333333,0.9358974358974359,-5.038461538461538,238.0,509.0,28.0,131.0,84.0,119.0,0.4675834970530452,0.21374045801526717,0.7058823529411765,-10.092105263157896,0.03134210526315789,0.4402105263157895,0.13510526315789476,0.06721052631578947,0.13663157894736844,0.12610526315789472,0.21489473684210528,UTA,https://cdn.nba.com/headshots/nba/latest/1040x760/1642262.png
1642263,Reed Sheppard,134,20.71373134328358,8.843283582089553,3.664179104477612,0.3827611940298507,0.5084464816091797,-0.1171641791044779,0.1548507462686567,0.4875458191765839,0.1191076326336316,0.1279611808309873,6.105654963777722,0.1591210925612509,reed sheppard,Reed Sheppard,HOU,SG,82.0,2147.0,0.43,19.9,0.074,0.124,0.126,0.068,0.609,0.643,0.47,0.412,0.484,0.394,Disruptive Defender,three-point range,short paint / floater range,Elite 3PT Threat,Reed Sheppard profiles as an elite 3PT threat. They consistently take shots from three-point range and are most efficient short paint / floater range. Their defensive profile is Disruptive Defender.,"Creates defensive pressure with steals, blocks, and activity. This player can force mistakes and break up possessions.",58.0,Reed Sheppard,21.0,HOU,SG,82.0,21.0,2147.0,29.0,64.0,8.0,0.0,0.0,3.2,-4.4,81.0,32.0,110.0,3.0,31.0,2.0,661.0,8.0,36.0,6MOY-6,7.328358208955224,668.3283582089553,-0.6216116457507038,0.609,661.0,0.1279611808309873,0.0,0.3983863941448763,0.4243622846718632,0.6356993736951984,0.3993957703927492,0.0942929654453543,0.4101689084640064,Guard,82.0,25.993048780487804,13.536585365853659,2.902439024390244,3.3780487804878048,1.4878048780487805,0.6585365853658537,1.5,3.4146341463414633,407.0,946.0,227.0,576.0,69.0,86.0,0.43023255813953487,0.3940972222222222,0.8023255813953488,3.0039999999999996,0.09288,0.5439200000000001,0.20679999999999998,0.23006000000000001,0.10028000000000001,0.31134,0.18858,HOU,https://cdn.nba.com/headshots/nba/latest/1040x760/1642263.png
1642264,Stephon Castle,147,27.9356462585034,12.054421768707485,5.394557823129252,0.4395442176870748,0.5337672840111954,2.1999999999999997,0.2419047619047619,0.604327464226382,0.1989100534095846,0.1542798503106839,8.326623447153018,0.223004389442757,stephon castle,Stephon Castle,SAS,PG,68.0,2038.0,0.471,11.5,0.31,0.262,0.109,0.021,0.299,0.68,0.425,0.382,0.412,0.332,Disruptive Defender,at the rim,at the rim,On-Ball Creator,"Stephon Castle profiles as an on-ball creator. They combine scoring volume with creation stats, meaning they likely generate offense for themselves and others. Defensively, they profile as a Disruptive Defender.","Creates defensive pressure with steals, blocks, and activity. This player can force mistakes and break up possessions.",73.0,Stephon Castle,21.0,SAS,PG,68.0,67.0,2038.0,48.0,52.0,0.0,0.0,0.0,9.3,2.8,115.0,71.0,87.0,11.0,199.0,26.0,1246.0,44.0,68.0,,10.789115646258503,1256.7891156462586,0.4662839550932052,0.299,1246.0,0.1542798503106839,0.0,0.7496420002343553,0.624245352513223,0.3121085594989561,0.7528700906344411,0.1242100794624111,0.5904424391565766,Guard,69.0,29.331449275362317,16.391304347826086,5.231884057971015,7.27536231884058,1.1304347826086956,0.2753623188405797,3.1449275362318843,5.913043478260869,384.0,816.0,81.0,244.0,282.0,384.0,0.47058823529411764,0.3319672131147541,0.734375,6.448780487804878,0.10617073170731707,0.5551707317073171,0.24958536585365854,0.4000487804878049,0.16631707317073172,0.2979512195121951,0.06887804878048781,SAS,https://cdn.nba.com/headshots/nba/latest/1040x760/1642264.png
1642265,Rob Dillingham,114,12.826842105263156,5.464912280701754,2.245614035087719,0.3334824561403509,0.3952863917845252,-7.388596491228069,0.0851754385964912,0.5425832043192039,0.1758834536000761,0.116504002590331,4.334622075220054,0.0933831370117134,rob dillingham,Rob Dillingham,2TM,PG,65.0,970.0,0.396,12.9,0.245,0.248,0.097,0.087,0.323,0.564,0.324,0.45,0.361,0.316,Disruptive Defender,three-point range,at the rim,On-Ball Creator,"Rob Dillingham profiles as an on-ball creator. They combine scoring volume with creation stats, meaning they likely generate offense for themselves and others. Defensively, they profile as a Disruptive Defender.","Creates defensive pressure with steals, blocks, and activity. This player can force mistakes and break up possessions.",286.0,Rob Dillingham,21.0,2TM,PG,65.0,0.0,970.0,65.0,34.0,1.0,0.0,0.0,-7.0,-5.4,69.0,22.0,71.0,3.0,26.0,5.0,344.0,6.0,36.0,,4.491228070175438,348.49122807017545,-0.7750487992229007,0.323,344.0,0.116504002590331,0.0,0.2074737740985237,0.396170711019872,0.337160751565762,0.2078549848942598,0.0812692938648484,0.2615187280051526,Guard,81.0,14.71953846153846,5.049382716049383,1.617283950617284,1.7654320987654322,0.5802469135802469,0.07407407407407407,1.2345679012345678,-1.8024691358024691,163.0,412.0,42.0,133.0,41.0,55.0,0.39563106796116504,0.3157894736842105,0.7454545454545455,-13.008571428571427,0.041914285714285716,0.3519428571428571,0.22094285714285714,0.32362857142857143,0.14405714285714286,0.19711428571428571,0.05,MIN,https://cdn.nba.com/headshots/nba/latest/1040x760/1642265.png
1642266,Ja'Kobe Walter,124,20.575000000000003,6.42741935483871,2.7338709677419355,0.3980564516129032,0.5325988908176781,-2.198387096774194,0.1254032258064516,0.3737995140767636,0.0631553433357439,0.131646181941453,5.183298926413013,0.1295337330699802,jakobe walter,Ja'Kobe Walter,TOR,SG,72.0,1474.0,0.446,17.9,0.205,0.092,0.035,0.002,0.666,0.59,0.459,0.286,0.0,0.409,Disruptive Defender,three-point range,at the rim,Elite 3PT Threat,Ja'Kobe Walter profiles as an elite 3PT threat. They consistently take shots from three-point range and are most efficient at the rim. Their defensive profile is Disruptive Defender.,"Creates defensive pressure with steals, blocks, and activity. This player can force mistakes and break up possessions.",168.0,Ja'Kobe Walter,21.0,TOR,SG,72.0,19.0,1474.0,12.0,81.0,8.0,0.0,0.0,1.1,-2.8,17.0,8.0,84.0,5.0,42.0,11.0,207.0,9.0,20.0,,5.467741935483871,212.46774193548387,-0.3805061454175641,0.666,207.0,0.131646181941453,0.0,0.1262805739389778,0.4686614867668339,0.6951983298538623,0.1250755287009063,0.0984818017563932,0.2943130837911089,Guard,74.0,20.268749999999997,7.3108108108108105,2.5,1.162162162162162,0.9864864864864865,0.1891891891891892,0.5,0.013513513513513514,180.0,404.0,110.0,269.0,71.0,90.0,0.44554455445544555,0.40892193308550184,0.7888888888888889,-8.220930232558139,0.03897674418604651,0.510860465116279,0.14218604651162792,0.09267441860465116,0.13827906976744186,0.21548837209302327,0.05813953488372093,TOR,https://cdn.nba.com/headshots/nba/latest/1040x760/1642266.png
1642267,Bub Carrington,163,28.662208588957053,9.104294478527608,3.748466257668712,0.4069263803680982,0.5276790210815527,-15.903680981595093,0.1744171779141104,0.4092271161811481,0.1592869948425724,0.1296133980682094,6.329712154502659,0.1684470426805286,bub carrington,Bub Carrington,WAS,PG,82.0,2271.0,0.424,20.1,0.053,0.109,0.116,0.163,0.559,0.615,0.259,0.488,0.479,0.408,Disruptive Defender,three-point range,mid-range,Elite 3PT Threat,Bub Carrington profiles as an elite 3PT threat. They consistently take shots from three-point range and are most efficient mid-range. Their defensive profile is Disruptive Defender.,"Creates defensive pressure with steals, blocks, and activity. This player can force mistakes and break up possessions.",40.0,Bub Carrington,20.0,WAS,PG,82.0,48.0,2271.0,87.0,13.0,0.0,0.0,0.0,-15.2,-8.6,142.0,33.0,107.0,7.0,34.0,6.0,886.0,7.0,20.0,,7.496932515337424,893.4969325153374,-1.2511159805795369,0.559,886.0,0.1296133980682094,0.0,0.5327908094617616,0.3087011333928119,0.5835073068893529,0.5353474320241692,0.0961710836194153,0.440969554730669,Guard,82.0,27.47329268292683,10.707317073170731,3.3658536585365852,4.646341463414634,0.6341463414634146,0.2073170731707317,2.3292682926829267,-9.097560975609756,314.0,741.0,169.0,414.0,81.0,111.0,0.42375168690958165,0.4082125603864734,0.7297297297297297,-16.392,0.066,0.55328,0.16746,0.3065,0.14676,0.14028000000000002,0.045,WAS,https://cdn.nba.com/headshots/nba/latest/1040x760/1642267.png
1642268,Isaiah Collier,129,25.60759689922481,8.217054263565892,3.736434108527132,0.4418062015503876,0.5070996074741011,-14.758914728682171,0.1814728682170542,0.4625612455952881,0.2547524716443463,0.1115109708619517,6.47626627485319,0.1636733644690365,isaiah collier,Isaiah Collier,UTA,PG,59.0,1517.0,0.495,10.0,0.21,0.445,0.111,0.041,0.194,0.796,0.489,0.421,0.286,0.27,Disruptive Defender,short paint / floater range,at the rim,On-Ball Creator,"Isaiah Collier profiles as an on-ball creator. They combine scoring volume with creation stats, meaning they likely generate offense for themselves and others. Defensively, they profile as a Disruptive Defender.","Creates defensive pressure with steals, blocks, and activity. This player can force mistakes and break up possessions.",161.0,Isaiah Collier,21.0,UTA,PG,59.0,19.0,1517.0,52.0,46.0,2.0,0.0,0.0,-13.7,-9.0,86.0,39.0,68.0,10.0,99.0,3.0,1033.0,20.0,54.0,,7.472868217054264,1040.4728682170542,-1.3165467087414144,0.194,1033.0,0.1115109708619517,0.0,0.6205215896760654,0.2966793045831863,0.2025052192066806,0.6241691842900302,0.0755935852343669,0.4227305218496646,Guard,74.0,25.52796610169492,9.297297297297296,2.027027027027027,5.716216216216216,0.8918918918918919,0.2702702702702703,2.0,-5.986486486486487,255.0,515.0,27.0,100.0,151.0,209.0,0.49514563106796117,0.27,0.722488038277512,-17.95909090909091,0.09090909090909091,0.564,0.17988636363636365,0.46952272727272726,0.12420454545454546,0.1800909090909091,0.10868181818181818,UTA,https://cdn.nba.com/headshots/nba/latest/1040x760/1642268.png
1642269,Devin Carter,74,14.593243243243244,5.662162162162162,2.27027027027027,0.3032297297297297,0.3859331443247327,-3.260810810810811,0.1102702702702702,0.4631245005363228,0.1268524705575511,0.177284715688003,4.532697082695492,0.0992963605683277,devin carter,Devin Carter,SAC,PG,38.0,700.0,0.414,13.6,0.205,0.329,0.062,0.014,0.39,0.7,0.479,0.167,0.0,0.263,Disruptive Defender,three-point range,at the rim,Balanced Player,"Devin Carter profiles as a balanced player. Their most common shot comes three-point range, and they make shots most consistently at the rim. On defense, they profile as a Disruptive Defender.","Creates defensive pressure with steals, blocks, and activity. This player can force mistakes and break up possessions.",344.0,Devin Carter,23.0,SAC,PG,38.0,12.0,700.0,95.0,5.0,0.0,0.0,0.0,-8.1,2.5,34.0,13.0,24.0,2.0,45.0,12.0,228.0,9.0,13.0,,4.54054054054054,232.54054054054055,0.4281854147064009,0.39,228.0,0.177284715688003,0.0,0.1382621427195985,0.6172453672877243,0.407098121085595,0.1377643504531722,0.1503603064323281,0.2994933827611598,Guard,72.0,18.187368421052632,4.708333333333333,1.7361111111111112,1.4027777777777777,0.4722222222222222,0.125,0.75,-1.5694444444444444,121.0,292.0,30.0,114.0,67.0,94.0,0.4143835616438356,0.2631578947368421,0.7127659574468085,-11.105882352941178,0.06452941176470588,0.3702352941176471,0.17305882352941176,0.24352941176470586,0.17394117647058827,0.298,0.14705882352941177,SAC,https://cdn.nba.com/headshots/nba/latest/1040x760/1642269.png
1642270,Donovan Clingan,144,23.530763888888888,7.069444444444445,3.7222222222222223,0.5196388888888889,0.5769907512736858,-1.3270833333333334,0.2207638888888888,0.3876078640166645,0.0676659324088256,0.4169410195962029,7.1204240929654965,0.1706199346694791,donovan clingan,Donovan Clingan,POR,C,77.0,2094.0,0.52,10.9,0.471,0.155,0.006,0.009,0.36,0.661,0.509,0.25,0.667,0.341,Rim Protector,at the rim,at the rim,Rim-Dominant Big,"Donovan Clingan profiles as a rim-dominant big. They take a large share of their shots at the rim, finish best at the rim, and their defensive profile as a Rim Protector suggests they impact the game around the basket.",Protects the basket with shot blocking and interior presence. This player is most valuable defensively near the rim.,65.0,Donovan Clingan,21.0,POR,C,77.0,77.0,2094.0,0.0,0.0,0.0,0.0,100.0,0.6,2.1,43.0,30.0,130.0,14.0,101.0,5.0,381.0,24.0,41.0,,7.444444444444445,388.44444444444446,0.4400823058788609,0.36,381.0,0.4169410195962029,100.0,0.2313220784338611,0.6194312269451046,0.3757828810020877,0.2302114803625377,0.4227838411577105,0.3690536024121585,Big,81.0,26.990000000000002,11.530864197530864,11.012345679012345,2.0,0.5432098765432098,1.6049382716049383,1.1728395061728396,0.1728395061728395,356.0,684.0,84.0,246.0,138.0,203.0,0.52046783625731,0.34146341463414637,0.6798029556650246,-2.939583333333333,0.12866666666666668,0.5956666666666667,0.14866666666666667,0.1361875,0.40970833333333334,0.08127083333333333,0.45,POR,https://cdn.nba.com/headshots/nba/latest/1040x760/1642270.png
1642271,Kyle Filipowski,148,22.115,7.864864864864865,3.885135135135135,0.4898648648648648,0.5793818781599775,-11.546621621621622,0.1911486486486486,0.4681942832297164,0.1025628367396721,0.2981546101374344,6.901561227966392,0.1720360256995894,kyle filipowski,Kyle Filipowski,UTA,C,77.0,1801.0,0.492,11.5,0.259,0.339,0.047,0.008,0.347,0.706,0.525,0.355,0.2,0.325,Rim Protector,three-point range,at the rim,Balanced Player,"Kyle Filipowski profiles as a balanced player. Their most common shot comes three-point range, and they make shots most consistently at the rim. On defense, they profile as a Rim Protector.",Protects the basket with shot blocking and interior presence. This player is most valuable defensively near the rim.,114.0,Kyle Filipowski,22.0,UTA,C,77.0,41.0,1801.0,0.0,0.0,0.0,16.0,84.0,-6.9,2.1,61.0,40.0,126.0,15.0,98.0,6.0,466.0,17.0,50.0,,7.77027027027027,473.77027027027026,0.4044463830412303,0.347,466.0,0.2981546101374344,84.0,0.2822535539600418,0.6128837075171207,0.3622129436325678,0.2815709969788519,0.2877562495009108,0.3773870146561583,Big,79.0,23.20194805194805,11.126582278481013,6.987341772151899,2.5063291139240507,0.9240506329113924,0.4936708860759494,1.5822784810126582,-3.240506329113924,323.0,657.0,74.0,228.0,159.0,212.0,0.4916286149162861,0.32456140350877194,0.75,-7.317647058823529,0.08766666666666667,0.5758431372549019,0.1798235294117647,0.14550980392156862,0.3254705882352941,0.18194117647058825,0.24015686274509804,UTA,https://cdn.nba.com/headshots/nba/latest/1040x760/1642271.png
1642272,Jared McCain,90,19.24988888888889,8.377777777777778,3.6666666666666665,0.410411111111111,0.5220662704399491,0.1077777777777775,0.135,0.5016243148417132,0.0852506660142049,0.1195412415189344,5.877780774336607,0.158793948713666,jared mccain,Jared McCain,2TM,SG,67.0,1160.0,0.425,17.3,0.16,0.144,0.108,0.052,0.535,0.571,0.377,0.5,0.36,0.385,Disruptive Defender,three-point range,at the rim,Elite 3PT Threat,Jared McCain profiles as an elite 3PT threat. They consistently take shots from three-point range and are most efficient at the rim. Their defensive profile is Disruptive Defender.,"Creates defensive pressure with steals, blocks, and activity. This player can force mistakes and break up possessions.",246.0,Jared McCain,21.0,2TM,SG,67.0,3.0,1160.0,14.0,67.0,19.0,0.0,0.0,4.8,-0.4,21.0,21.0,43.0,5.0,26.0,4.0,224.0,3.0,27.0,,7.333333333333333,231.33333333333337,-0.0241376275443196,0.535,224.0,0.1195412415189344,0.0,0.1375415538037126,0.5341383878401778,0.5584551148225471,0.1353474320241691,0.0847218021078722,0.2943264091181157,Guard,72.0,17.101641791044774,7.75,1.9027777777777777,1.25,0.4861111111111111,0.06944444444444445,0.7777777777777778,1.75,204.0,480.0,99.0,257.0,51.0,59.0,0.425,0.3852140077821012,0.864406779661017,1.1135135135135132,0.05002702702702703,0.47181081081081083,0.16537837837837838,0.19089189189189187,0.11645945945945946,0.1242972972972973,0.03154054054054054,PHI,https://cdn.nba.com/headshots/nba/latest/1040x760/1642272.png
1642273,Kyshawn George,116,27.33706896551724,9.68103448275862,3.931034482758621,0.3828448275862069,0.5051126963591134,-10.382758620689655,0.1896551724137931,0.4485744782892713,0.1207216411314346,0.1804999807260487,6.6331767008282965,0.1724718436813123,kyshawn george,Kyshawn George,WAS,SF,48.0,1391.0,0.438,16.5,0.135,0.199,0.137,0.078,0.451,0.731,0.357,0.494,0.378,0.381,Disruptive Defender,three-point range,at the rim,Perimeter Shooter,"Kyshawn George is a perimeter shooter. Their shot profile is built around three-point range, with their best efficiency coming at the rim. Defensively, they profile as a Disruptive Defender.","Creates defensive pressure with steals, blocks, and activity. This player can force mistakes and break up possessions.",192.0,Kyshawn George,22.0,WAS,SF,48.0,48.0,1391.0,0.0,1.0,47.0,49.0,3.0,-11.9,-0.4,64.0,47.0,87.0,9.0,56.0,12.0,510.0,13.0,36.0,,7.862068965517241,517.8620689655172,-0.0058500057821853,0.451,510.0,0.1804999807260487,3.0,0.308572201853779,0.5374984399798337,0.4707724425887265,0.3081570996978852,0.1540151815700121,0.3746365852515687,Wing,54.0,28.787291666666665,13.148148148148149,4.537037037037037,3.962962962962963,0.8888888888888888,0.7962962962962963,2.314814814814815,-6.574074074074074,253.0,577.0,99.0,260.0,105.0,131.0,0.43847487001733104,0.38076923076923075,0.8015267175572519,-11.424390243902439,0.08726829268292682,0.5512926829268293,0.21553658536585366,0.28912195121951223,0.19880487804878047,0.21217073170731707,0.26834146341463416,WAS,https://cdn.nba.com/headshots/nba/latest/1040x760/1642273.png
1642274,Yves Missi,138,23.153623188405795,5.601449275362318,3.0434782608695654,0.5352898550724638,0.5481575041199527,-9.757246376811594,0.1664492753623188,0.3259545008241158,0.055773745604458,0.3027390825610113,5.85833803574722,0.1459126078129294,yves missi,Yves Missi,NOP,C,66.0,1297.0,0.544,2.8,0.656,0.303,0.031,0.007,0.003,0.637,0.404,0.111,0.0,0.0,Rim Protector,at the rim,at the rim,Interior Paint Scorer,"Yves Missi is mostly an interior paint scorer. Their shot diet leans toward at the rim, and they are most reliable at the rim. On defense, they profile as a Rim Protector.",Protects the basket with shot blocking and interior presence. This player is most valuable defensively near the rim.,216.0,Yves Missi,21.0,NOP,C,66.0,14.0,1297.0,0.0,0.0,0.0,0.0,100.0,-1.2,4.9,21.0,14.0,70.0,11.0,46.0,3.0,207.0,14.0,26.0,,6.086956521739131,213.08695652173913,0.8258217247683034,0.003,207.0,0.3027390825610113,100.0,0.1266501866821312,0.6903045518994059,0.0031315240083507,0.1250755287009063,0.2929675381760472,0.2655102479366519,Big,69.0,19.451666666666664,5.463768115942029,5.579710144927536,1.2173913043478262,0.2898550724637681,1.463768115942029,0.782608695652174,-0.5942028985507246,160.0,294.0,0.0,1.0,57.0,102.0,0.54421768707483,0.0,0.5588235294117647,-3.38695652173913,0.08986956521739131,0.5293043478260869,0.11880434782608695,0.12710869565217392,0.28828260869565214,0.09699999999999999,0.4572608695652174,NOP,https://cdn.nba.com/headshots/nba/latest/1040x760/1642274.png
1642275,Tidjane Salaun,96,18.585208333333338,5.197916666666667,2.0104166666666665,0.3757708333333333,0.4939681217173914,-3.0437499999999997,0.1122916666666666,0.3628012317836144,0.0540038898071741,0.2330273290532668,4.595527662052736,0.0992922774966651,tidjane salaun,Tidjane SalaÃ¼n,CHO,PF,37.0,575.0,0.503,15.1,0.27,0.208,0.0,0.0,0.522,0.744,0.364,,,0.434,Rim Protector,three-point range,at the rim,Elite 3PT Threat,Tidjane Salaun profiles as an elite 3PT threat. They consistently take shots from three-point range and are most efficient at the rim. Their defensive profile is Rim Protector.,Protects the basket with shot blocking and interior presence. This player is most valuable defensively near the rim.,364.0,Tidjane SalaÃ¼n,20.0,CHO,PF,37.0,0.0,575.0,0.0,0.0,0.0,84.0,16.0,0.6,-4.8,10.0,8.0,25.0,4.0,17.0,3.0,71.0,3.0,9.0,,4.020833333333333,75.02083333333333,-0.6500918012840199,0.522,71.0,0.2330273290532668,16.0,0.0442377247328139,0.419129520741039,0.5448851774530272,0.0429003021148036,0.2137243804005736,0.2298727149478771,Wing,45.0,15.352432432432431,4.933333333333334,3.311111111111111,0.6,0.35555555555555557,0.15555555555555556,0.5777777777777777,-0.08888888888888889,80.0,159.0,36.0,83.0,26.0,40.0,0.5031446540880503,0.43373493975903615,0.65,10.858064516129032,0.099,0.5476129032258065,0.13887096774193547,0.10551612903225806,0.2655483870967742,0.16074193548387095,0.1397741935483871,CHA,https://cdn.nba.com/headshots/nba/latest/1040x760/1642275.png
1642276,Kel'el Ware,141,21.984326241134752,7.8936170212765955,4.26241134751773,0.5260780141843973,0.5875130966802402,-3.121276595744681,0.2030496453900709,0.4341928341839253,0.0389315327821833,0.3713679288286232,7.16851361089084,0.1899901298380555,kelel ware,Kel'el Ware,MIA,C,77.0,1704.0,0.53,10.9,0.441,0.171,0.017,0.012,0.359,0.713,0.36,0.455,0.375,0.395,Rim Protector,at the rim,at the rim,Rim-Dominant Big,"Kel'el Ware profiles as a rim-dominant big. They take a large share of their shots at the rim, finish best at the rim, and their defensive profile as a Rim Protector suggests they impact the game around the basket.",Protects the basket with shot blocking and interior presence. This player is most valuable defensively near the rim.,132.0,Kel'el Ware,21.0,MIA,C,77.0,34.0,1704.0,0.0,0.0,0.0,0.0,100.0,-1.0,-6.2,28.0,18.0,86.0,11.0,45.0,2.0,139.0,10.0,26.0,,8.52482269503546,147.52482269503545,-0.818589621351413,0.359,139.0,0.3713679288286232,100.0,0.0875157724280559,0.3881707953141455,0.3747390396659708,0.0839879154078549,0.370979727212849,0.2337566280117247,Big,79.0,21.925974025974025,10.772151898734178,8.784810126582279,0.7088607594936709,0.7468354430379747,1.0632911392405062,0.7848101265822784,-0.8354430379746836,344.0,649.0,92.0,233.0,71.0,96.0,0.5300462249614792,0.3948497854077253,0.7395833333333334,-7.169387755102041,0.13206122448979593,0.604265306122449,0.1786326530612245,0.04485714285714286,0.4083877551020408,0.19844897959183674,0.40671428571428575,MIA,https://cdn.nba.com/headshots/nba/latest/1040x760/1642276.png
1642277,Johnny Furphy,85,11.820352941176472,2.835294117647059,1.2352941176470589,0.2978470588235294,0.392030007113358,-5.517647058823529,0.0684705882352941,0.2606368920285239,0.0402352294593323,0.1929006359267184,3.156775570103004,0.0706335994431242,johnny furphy,Johnny Furphy,IND,SG,35.0,643.0,0.47,13.6,0.302,0.208,0.0,0.013,0.477,0.711,0.484,,0.0,0.324,Rim Protector,three-point range,at the rim,Balanced Player,"Johnny Furphy profiles as a balanced player. Their most common shot comes three-point range, and they make shots most consistently at the rim. On defense, they profile as a Rim Protector.",Protects the basket with shot blocking and interior presence. This player is most valuable defensively near the rim.,355.0,Johnny Furphy,21.0,IND,SG,35.0,21.0,643.0,0.0,49.0,46.0,5.0,0.0,-3.3,5.4,11.0,8.0,41.0,6.0,16.0,3.0,94.0,5.0,17.0,,2.4705882352941178,96.47058823529412,0.8678701907780156,0.477,94.0,0.1929006359267184,0.0,0.0570412066359581,0.6980302715158144,0.4979123173277662,0.056797583081571,0.1681113278744765,0.2945017892281065,Wing,36.0,17.651111111111113,5.0,4.25,1.1388888888888888,0.5555555555555556,0.19444444444444445,0.8055555555555556,-1.6111111111111112,70.0,149.0,23.0,71.0,17.0,35.0,0.4697986577181208,0.323943661971831,0.4857142857142857,-8.299999999999999,0.05261764705882353,0.5018529411764705,0.12320588235294118,0.08144117647058824,0.2663529411764706,0.19211764705882353,0.08335294117647059,IND,https://cdn.nba.com/headshots/nba/latest/1040x760/1642277.png
1642278,Tyler Kolek,103,9.74378640776699,3.203883495145631,1.3106796116504855,0.336378640776699,0.4294695681397419,-1.0262135922330096,0.0668932038834951,0.4231193536556602,0.2179500673591312,0.1061189106404438,3.596783334060643,0.0643540792172329,tyler kolek,Tyler Kolek,NYK,PG,62.0,727.0,0.435,15.6,0.173,0.218,0.133,0.016,0.46,0.651,0.389,0.394,0.5,0.386,Disruptive Defender,three-point range,at the rim,Perimeter Shooter,"Tyler Kolek is a perimeter shooter. Their shot profile is built around three-point range, with their best efficiency coming at the rim. Defensively, they profile as a Disruptive Defender.","Creates defensive pressure with steals, blocks, and activity. This player can force mistakes and break up possessions.",339.0,Tyler Kolek,24.0,NYK,PG,62.0,1.0,727.0,80.0,20.0,0.0,0.0,0.0,6.7,-0.2,40.0,12.0,34.0,2.0,7.0,6.0,406.0,2.0,16.0,,2.621359223300971,408.621359223301,0.0018356731921331,0.46,406.0,0.1061189106404438,0.0,0.2433657947566409,0.5389105581009465,0.4801670146137787,0.2453172205438066,0.0694642905692953,0.33557716073127,Guard,79.0,11.546935483870968,3.4683544303797467,1.240506329113924,2.151898734177215,0.27848101265822783,0.05063291139240506,0.6962025316455697,1.3417721518987342,108.0,248.0,44.0,114.0,14.0,20.0,0.43548387096774194,0.38596491228070173,0.7,-6.017777777777777,0.07744444444444444,0.46413333333333334,0.17577777777777778,0.3615777777777778,0.12406666666666667,0.1376,0.017400000000000002,NYK,https://cdn.nba.com/headshots/nba/latest/1040x760/1642278.png
1642281,Jaylon Tyson,113,19.536725663716815,7.247787610619469,3.4867256637168142,0.4032300884955752,0.4918833142056406,-3.9371681415929207,0.1448672566371681,0.4346412858632646,0.0942347579228879,0.1959888243533938,5.738295346201857,0.1547599879904569,jaylon tyson,Jaylon Tyson,CLE,SG,66.0,1777.0,0.493,13.5,0.279,0.216,0.051,0.009,0.445,0.594,0.49,0.412,0.167,0.446,Rim Protector,three-point range,at the rim,Perimeter Shooter,"Jaylon Tyson is a perimeter shooter. Their shot profile is built around three-point range, with their best efficiency coming at the rim. Defensively, they profile as a Rim Protector.",Protects the basket with shot blocking and interior presence. This player is most valuable defensively near the rim.,118.0,Jaylon Tyson,23.0,CLE,SG,66.0,42.0,1777.0,0.0,23.0,55.0,23.0,0.0,3.6,-1.1,54.0,30.0,71.0,9.0,53.0,7.0,367.0,18.0,40.0,,6.9734513274336285,373.9734513274336,-0.1062033526939818,0.445,367.0,0.1959888243533938,0.0,0.2226842595244602,0.5190601497309183,0.464509394572025,0.2217522658610272,0.1716217517330335,0.3278525521877235,Wing,66.0,26.722727272727273,13.212121212121213,5.121212121212121,2.227272727272727,0.8181818181818182,0.42424242424242425,1.5,1.6666666666666667,330.0,670.0,133.0,298.0,79.0,107.0,0.4925373134328358,0.4463087248322148,0.7383177570093458,4.129787234042553,0.0916808510638298,0.6301063829787233,0.1812127659574468,0.13951063829787236,0.2032553191489362,0.18544680851063833,0.11597872340425533,CLE,https://cdn.nba.com/headshots/nba/latest/1040x760/1642281.png
1642285,Cam Spencer,97,20.082474226804123,6.577319587628866,3.061855670103093,0.4261752577319587,0.5961439810024004,-2.3649484536082475,0.1572164948453608,0.4001847894399534,0.1955474898469511,0.0998387404058346,6.018698429103603,0.1435251474525865,cam spencer,Cam Spencer,MEM,SG,72.0,1714.0,0.473,19.6,0.067,0.108,0.142,0.099,0.585,0.622,0.483,0.519,0.436,0.449,Disruptive Defender,three-point range,mid-range,Elite 3PT Threat,Cam Spencer profiles as an elite 3PT threat. They consistently take shots from three-point range and are most efficient mid-range. Their defensive profile is Disruptive Defender.,"Creates defensive pressure with steals, blocks, and activity. This player can force mistakes and break up possessions.",131.0,Cam Spencer,25.0,MEM,SG,72.0,20.0,1714.0,53.0,43.0,4.0,0.0,0.0,-4.0,3.3,68.0,19.0,49.0,2.0,46.0,4.0,946.0,12.0,16.0,,6.123711340206185,952.1237113402062,0.5249516221217503,0.585,946.0,0.0998387404058346,0.0,0.567785470480253,0.635024579177679,0.6106471816283925,0.5716012084592145,0.0623254582244356,0.5408600768991448,Guard,81.0,23.60361111111111,9.851851851851851,2.259259259259259,4.938271604938271,0.6419753086419753,0.13580246913580246,1.1481481481481481,-1.0987654320987654,263.0,556.0,146.0,326.0,126.0,134.0,0.47302158273381295,0.44785276073619634,0.9402985074626866,-0.785714285714286,0.12771428571428572,0.6876122448979591,0.17410204081632655,0.3632244897959183,0.11608163265306122,0.16508163265306122,0.03910204081632653,MEM,https://cdn.nba.com/headshots/nba/latest/1040x760/1642285.png
1642345,Oso Ighodaro,143,19.773566433566433,3.867132867132867,2.4615384615384617,0.579041958041958,0.5640591323949314,1.4874125874125874,0.1209090909090909,0.2630522784938833,0.0955044639293693,0.2260599991762006,4.893456779347385,0.1268887448910254,oso ighodaro,Oso Ighodaro,PHO,PF,82.0,1808.0,0.653,4.1,0.522,0.38,0.096,0.0,0.003,0.796,0.504,0.486,,0.0,Rim Protector,at the rim,at the rim,Rim-Dominant Big,"Oso Ighodaro profiles as a rim-dominant big. They take a large share of their shots at the rim, finish best at the rim, and their defensive profile as a Rim Protector suggests they impact the game around the basket.",Protects the basket with shot blocking and interior presence. This player is most valuable defensively near the rim.,112.0,Oso Ighodaro,23.0,PHO,PF,82.0,24.0,1808.0,0.0,0.0,0.0,3.0,97.0,5.0,6.2,49.0,22.0,110.0,24.0,55.0,3.0,467.0,17.0,28.0,,4.923076923076923,471.9230769230769,0.99781799975286,0.003,467.0,0.2260599991762006,97.0,0.2811509536412737,0.721906061340689,0.0031315240083507,0.2821752265861027,0.2058044358727001,0.3422045916388146,Big,82.0,21.856585365853658,6.475609756097561,5.097560975609756,2.2560975609756095,0.8902439024390244,0.6951219512195121,1.2317073170731707,1.9634146341463414,239.0,366.0,0.0,1.0,53.0,117.0,0.6530054644808743,0.0,0.452991452991453,4.4192307692307695,0.07375,0.5641730769230769,0.11807692307692307,0.1724423076923077,0.2423076923076923,0.1825,0.2644230769230769,PHX,https://cdn.nba.com/headshots/nba/latest/1040x760/1642345.png
1642346,Ryan Dunn,144,18.99388888888889,5.826388888888889,2.5625,0.4163055555555555,0.4975434956964445,-4.673611111111111,0.1193055555555555,0.3464101446119724,0.0546188114908424,0.2052088907572984,4.871909109646612,0.1230539243507841,ryan dunn,Ryan Dunn,PHO,SF,70.0,1355.0,0.453,13.3,0.331,0.16,0.033,0.008,0.467,0.675,0.397,0.25,0.333,0.331,Rim Protector,three-point range,at the rim,Balanced Player,"Ryan Dunn profiles as a balanced player. Their most common shot comes three-point range, and they make shots most consistently at the rim. On defense, they profile as a Rim Protector.",Protects the basket with shot blocking and interior presence. This player is most valuable defensively near the rim.,201.0,Ryan Dunn,23.0,PHO,SF,70.0,16.0,1355.0,0.0,4.0,43.0,53.0,0.0,2.7,1.7,25.0,13.0,68.0,9.0,23.0,5.0,253.0,3.0,23.0,,5.125,258.125,0.3165626672271895,0.467,253.0,0.2052088907572984,0.0,0.1535336535218488,0.5967365085427138,0.4874739039665971,0.1528700906344411,0.182102440282401,0.3172159272310917,Wing,74.0,19.148,5.5,4.013513513513513,1.3783783783783783,0.8108108108108109,0.3918918918918919,0.7567567567567568,0.05405405405405406,164.0,362.0,56.0,169.0,23.0,47.0,0.4530386740331492,0.33136094674556216,0.48936170212765956,2.048888888888889,0.07973333333333334,0.5585555555555555,0.14284444444444444,0.14337777777777777,0.24280000000000002,0.18231111111111112,0.16184444444444443,PHX,https://cdn.nba.com/headshots/nba/latest/1040x760/1642346.png
1642347,Jamal Shead,157,20.957197452229305,6.420382165605096,2.477707006369427,0.3821146496815286,0.4883174625568036,-2.1197452229299363,0.1290445859872611,0.3991438884219787,0.2282273474426953,0.0768429754903192,5.066106406552585,0.1157665246414888,jamal shead,Jamal Shead,TOR,PG,82.0,1852.0,0.367,16.6,0.163,0.198,0.097,0.022,0.52,0.573,0.35,0.327,0.273,0.321,Disruptive Defender,three-point range,at the rim,Balanced Player,"Jamal Shead profiles as a balanced player. Their most common shot comes three-point range, and they make shots most consistently at the rim. On defense, they profile as a Disruptive Defender.","Creates defensive pressure with steals, blocks, and activity. This player can force mistakes and break up possessions.",105.0,Jamal Shead,23.0,TOR,PG,82.0,12.0,1852.0,100.0,0.0,0.0,0.0,0.0,5.7,5.3,87.0,13.0,62.0,7.0,43.0,66.0,1025.0,9.0,32.0,6MOY-12,4.955414012738854,1029.9554140127389,0.8180528926470957,0.52,1025.0,0.0768429754903192,0.0,0.6142436608518163,0.6888771557441801,0.5427974947807933,0.6193353474320241,0.0361855759854177,0.5648884698356348,Guard,82.0,22.426463414634146,6.646341463414634,1.7439024390243902,5.414634146341464,0.926829268292683,0.18292682926829268,1.3658536585365855,2.792682926829268,185.0,504.0,84.0,262.0,91.0,116.0,0.36706349206349204,0.32061068702290074,0.7844827586206896,3.5245283018867926,0.07964150943396227,0.4951509433962264,0.15335849056603773,0.40662264150943395,0.10079245283018867,0.26969811320754716,0.07232075471698114,TOR,https://cdn.nba.com/headshots/nba/latest/1040x760/1642347.png
1642348,Justin Edwards,108,19.561666666666664,6.462962962962963,2.9166666666666665,0.3960185185185185,0.4940040672692575,-6.741666666666667,0.1169444444444444,0.3616757934399318,0.0645485579917577,0.1003741727039206,4.980363788687636,0.1363788023279019,justin edwards,Justin Edwards,PHI,SF,64.0,977.0,0.447,17.6,0.159,0.15,0.094,0.034,0.563,0.784,0.438,0.333,0.455,0.372,Disruptive Defender,three-point range,at the rim,Elite 3PT Threat,Justin Edwards profiles as an elite 3PT threat. They consistently take shots from three-point range and are most efficient at the rim. Their defensive profile is Disruptive Defender.,"Creates defensive pressure with steals, blocks, and activity. This player can force mistakes and break up possessions.",283.0,Justin Edwards,22.0,PHI,SF,64.0,12.0,977.0,0.0,5.0,83.0,13.0,0.0,-2.7,-3.3,13.0,15.0,38.0,1.0,16.0,3.0,202.0,5.0,17.0,,5.833333333333333,207.83333333333337,-0.4648877481888238,0.563,202.0,0.1003741727039206,0.0,0.1235142688254408,0.4531577439277172,0.5876826722338204,0.1220543806646525,0.062934098000949,0.2693463922137388,Wing,81.0,15.09703125,4.765432098765432,1.1604938271604939,0.9876543209876543,0.6666666666666666,0.13580246913580246,0.4444444444444444,-0.8765432098765432,143.0,320.0,67.0,180.0,33.0,39.0,0.446875,0.37222222222222223,0.8461538461538461,-18.871052631578948,0.009657894736842105,0.41878947368421054,0.12571052631578947,0.13013157894736843,0.11626315789473685,0.22660526315789475,0.06576315789473684,PHI,https://cdn.nba.com/headshots/nba/latest/1040x760/1642348.png
1642349,Ajay Mitchell,93,22.054516129032255,8.32258064516129,4.053763440860215,0.4748064516129032,0.5836565558620544,12.170967741935485,0.166021505376344,0.4681790555408424,0.1292342578642744,0.1218898525157808,6.596467563614085,0.1790811621861399,ajay mitchell,Ajay Mitchell,OKC,SG,57.0,1473.0,0.485,11.9,0.2,0.364,0.098,0.039,0.298,0.72,0.474,0.569,0.217,0.347,Disruptive Defender,short paint / floater range,at the rim,Balanced Player,"Ajay Mitchell profiles as a balanced player. Their most common shot comes short paint / floater range, and they make shots most consistently at the rim. On defense, they profile as a Disruptive Defender.","Creates defensive pressure with steals, blocks, and activity. This player can force mistakes and break up possessions.",170.0,Ajay Mitchell,23.0,OKC,SG,57.0,16.0,1473.0,13.0,40.0,43.0,4.0,0.0,15.4,6.5,47.0,24.0,60.0,7.0,75.0,23.0,506.0,18.0,26.0,6MOY-5,8.10752688172043,514.1075268817204,1.0115669557547342,0.298,506.0,0.1218898525157808,0.0,0.3063310941187862,0.7244322076943821,0.3110647181628392,0.3057401812688822,0.0873915291253634,0.3896133683349604,Guard,62.0,25.215344827586208,12.483870967741936,3.064516129032258,3.3225806451612905,1.1451612903225807,0.2903225806451613,1.3064516129032258,8.096774193548388,286.0,590.0,61.0,176.0,141.0,162.0,0.4847457627118644,0.3465909090909091,0.8703703703703703,15.604651162790697,0.11613953488372092,0.5983720930232558,0.21727906976744185,0.26469767441860464,0.1435813953488372,0.2548604651162791,0.0952093023255814,OKC,https://cdn.nba.com/headshots/nba/latest/1040x760/1642349.png
1642352,Keshad Johnson,48,7.645625,2.7083333333333335,1.4375,0.3719791666666667,0.4325226887016261,11.535416666666668,0.0616666666666666,0.4781028479475356,0.0292162804039065,0.3259593485967001,3.6818987619999497,0.0660124234959631,keshad johnson,,,,,,,,,,,,,,,,,,Rim Protector,Not enough shooting data,Not enough shooting data,Balanced Player,"Keshad Johnson profiles as a balanced player. Their most common shot comes Not enough shooting data, and they make shots most consistently Not enough shooting data. On defense, they profile as a Rim Protector.",Protects the basket with shot blocking and interior presence. This player is most valuable defensively near the rim.,,,,,,,,,,,,,,,,,,,,,,0.0,,,,2.875,2.875,0.09778780457901,0.0,0.0,0.3259593485967001,0.0,0.0011734624280662,0.5565401968021678,0.0,0.0,0.3193626166594789,0.1715406958377163,Wing,74.0,8.5284375,1.837837837837838,0.8378378378378378,0.10810810810810811,0.20270270270270271,0.10810810810810811,0.17567567567567569,1.2297297297297298,51.0,104.0,13.0,44.0,21.0,29.0,0.49038461538461536,0.29545454545454547,0.7241379310344828,27.076190476190476,0.06666666666666668,0.431,0.17633333333333331,0.0064761904761904765,0.17404761904761903,0.05952380952380952,0.11428571428571428,MIA,https://cdn.nba.com/headshots/nba/latest/1040x760/1642352.png
1642353,Cam Christie,67,7.728805970149255,2.4029850746268657,0.8955223880597015,0.2895373134328358,0.3772441301904743,-9.805970149253731,0.0446268656716417,0.4431086657377268,0.0713821379934727,0.1760326972134138,3.000785542942399,0.0441549663836637,cam christie,Cam Christie,LAC,SG,55.0,480.0,0.381,12.5,0.245,0.281,0.115,0.007,0.353,0.647,0.282,0.5,0.0,0.245,Disruptive Defender,three-point range,at the rim,Balanced Player,"Cam Christie profiles as a balanced player. Their most common shot comes three-point range, and they make shots most consistently at the rim. On defense, they profile as a Disruptive Defender.","Creates defensive pressure with steals, blocks, and activity. This player can force mistakes and break up possessions.",388.0,Cam Christie,20.0,LAC,SG,55.0,0.0,480.0,40.0,52.0,8.0,0.0,0.0,-1.4,-3.0,9.0,8.0,9.0,1.0,24.0,1.0,78.0,3.0,14.0,,1.791044776119403,79.7910447761194,-0.3971901908359758,0.353,78.0,0.1760326972134138,0.0,0.0470850913419447,0.4655960656182883,0.3684759916492693,0.0471299093655589,0.1489371045685469,0.2101111530821509,Guard,82.0,8.528363636363636,1.9024390243902438,0.9512195121951219,0.3780487804878049,0.1951219512195122,0.036585365853658534,0.2682926829268293,-0.14634146341463414,53.0,139.0,12.0,49.0,38.0,50.0,0.381294964028777,0.24489795918367346,0.76,-5.383333333333334,0.08463888888888889,0.4454722222222222,0.16527777777777777,0.09961111111111111,0.1683888888888889,0.09905555555555556,0.05555555555555555,LAC,https://cdn.nba.com/headshots/nba/latest/1040x760/1642353.png
1642354,KJ Simpson,56,19.475357142857145,7.142857142857143,2.4642857142857144,0.3074285714285714,0.3908032692633987,-11.717857142857143,0.1158928571428571,0.4681165952813041,0.1365004942827173,0.1301182520194267,4.709535855495663,0.1070693347077686,kj simpson,,,,,,,,,,,,,,,,,,Disruptive Defender,Not enough shooting data,Not enough shooting data,On-Ball Creator,"KJ Simpson profiles as an on-ball creator. They combine scoring volume with creation stats, meaning they likely generate offense for themselves and others. Defensively, they profile as a Disruptive Defender.","Creates defensive pressure with steals, blocks, and activity. This player can force mistakes and break up possessions.",,,,,,,,,,,,,,,,,,,,,,0.0,,,,4.928571428571429,4.928571428571429,0.039035475605828,0.0,0.0,0.1301182520194267,0.0,0.0023992510089942,0.5457454148866288,0.0,0.0,0.096744964196174,0.1470705505448723,Wing,26.0,12.7285,3.5,1.4230769230769231,1.6538461538461537,0.6153846153846154,0.0,0.9615384615384616,-0.07692307692307693,34.0,99.0,12.0,40.0,11.0,18.0,0.3434343434343434,0.3,0.6111111111111112,-15.085714285714285,0.04335714285714286,0.39278571428571424,0.221,0.34928571428571425,0.13185714285714287,0.4147142857142857,0.0,CHA,https://cdn.nba.com/headshots/nba/latest/1040x760/1642354.png
1642355,Bronny James,68,7.925588235294117,2.6470588235294117,0.9852941176470588,0.2695735294117647,0.3523466030214963,-16.001470588235296,0.0429411764705882,0.4196826118391146,0.1393161029507984,0.0638409225844285,2.885375620978012,0.0484522983867817,bronny james,,,,,,,,,,,,,,,,,,Disruptive Defender,Not enough shooting data,Not enough shooting data,Balanced Player,"Bronny James profiles as a balanced player. Their most common shot comes Not enough shooting data, and they make shots most consistently Not enough shooting data. On defense, they profile as a Disruptive Defender.","Creates defensive pressure with steals, blocks, and activity. This player can force mistakes and break up possessions.",,,,,,,,,,,,,,,,,,,,,,0.0,,,,1.9705882352941175,1.9705882352941175,0.0191522767753285,0.0,0.0,0.0638409225844285,0.0,0.0006336138509925,0.5420922014922027,0.0,0.0,0.0214058053157258,0.1379170764450203,Wing,70.0,8.71642857142857,1.7428571428571429,0.32857142857142857,0.7285714285714285,0.2714285714285714,0.05714285714285714,0.35714285714285715,-0.5714285714285714,47.0,115.0,22.0,57.0,6.0,7.0,0.40869565217391307,0.38596491228070173,0.8571428571428571,-6.296296296296297,0.03244444444444444,0.3570740740740741,0.1544814814814815,0.24514814814814814,0.05307407407407408,0.129,0.009259259259259259,LAL,https://cdn.nba.com/headshots/nba/latest/1040x760/1642355.png
1642358,AJ Johnson,76,13.79,4.9868421052631575,1.763157894736842,0.27575,0.3421833186614922,-3.901315789473684,0.0738157894736842,0.4409485245527663,0.1050415934081519,0.1293823659659128,3.6327891103531673,0.0784403208179697,aj johnson,AJ Johnson,2TM,SG,48.0,454.0,0.324,11.0,0.352,0.301,0.011,0.011,0.324,0.5,0.264,0.0,0.0,0.211,Disruptive Defender,at the rim,at the rim,Balanced Player,"AJ Johnson profiles as a balanced player. Their most common shot comes at the rim, and they make shots most consistently at the rim. On defense, they profile as a Disruptive Defender.","Creates defensive pressure with steals, blocks, and activity. This player can force mistakes and break up possessions.",393.0,AJ Johnson,21.0,2TM,SG,48.0,0.0,454.0,30.0,60.0,10.0,0.0,0.0,-8.1,0.4,15.0,6.0,18.0,2.0,20.0,0.0,113.0,4.0,24.0,,3.526315789473684,116.52631578947368,0.0988147097897738,0.324,113.0,0.1293823659659128,0.0,0.0690125856082583,0.5567288738808789,0.3382045929018789,0.0682779456193353,0.0959084634382797,0.2339365825545664,Guard,72.0,9.242916666666668,2.2222222222222223,0.7638888888888888,0.6527777777777778,0.1527777777777778,0.041666666666666664,0.4166666666666667,-0.7361111111111112,57.0,176.0,12.0,57.0,34.0,40.0,0.32386363636363635,0.21052631578947367,0.85,2.5640000000000005,0.0031600000000000005,0.21187999999999999,0.16652,0.15039999999999998,0.16620000000000001,0.11236,0.0,WAS,https://cdn.nba.com/headshots/nba/latest/1040x760/1642358.png
1642359,Pacome Dadiet,47,5.067234042553191,1.680851063829787,0.5531914893617021,0.1598297872340425,0.2358756084505919,-12.73191489361702,0.0302127659574468,0.3608777392363255,0.0895560972064471,0.2000772218483915,2.076190814462725,0.0304019256052492,pacome dadiet,,,,,,,,,,,,,,,,,,Rim Protector,Not enough shooting data,Not enough shooting data,Balanced Player,"Pacome Dadiet profiles as a balanced player. Their most common shot comes Not enough shooting data, and they make shots most consistently Not enough shooting data. On defense, they profile as a Rim Protector.",Protects the basket with shot blocking and interior presence. This player is most valuable defensively near the rim.,,,,,,,,,,,,,,,,,,,,,,0.0,,,,1.1063829787234043,1.1063829787234043,0.0600231665545174,0.0,0.0,0.2000772218483915,0.0,0.0001177647695611,0.5496015606881892,0.0,0.0,0.1762691391740761,0.1550744099972794,Wing,61.0,4.491379310344827,0.7868852459016393,0.4426229508196721,0.19672131147540983,0.04918032786885246,0.01639344262295082,0.04918032786885246,-0.08196721311475409,16.0,48.0,7.0,32.0,9.0,11.0,0.3333333333333333,0.21875,0.8181818181818182,-17.778947368421054,0.060263157894736845,0.18394736842105264,0.08494736842105263,0.19031578947368422,0.17594736842105263,0.12278947368421053,0.0,NYK,https://cdn.nba.com/headshots/nba/latest/1040x760/1642359.png
1642363,Nique Clifford,75,24.879333333333335,7.946666666666666,3.32,0.36112,0.4516186550400552,-4.205333333333333,0.1442666666666666,0.3737795880458027,0.0874535159997798,0.1543135633137901,5.4284151412117705,0.1504899399439518,nique clifford,Nique Clifford,SAC,SG,75.0,1882.0,0.418,14.9,0.141,0.262,0.133,0.077,0.388,0.679,0.442,0.354,0.391,0.333,Disruptive Defender,three-point range,at the rim,Balanced Player,"Nique Clifford profiles as a balanced player. Their most common shot comes three-point range, and they make shots most consistently at the rim. On defense, they profile as a Disruptive Defender.","Creates defensive pressure with steals, blocks, and activity. This player can force mistakes and break up possessions.",99.0,Nique Clifford,23.0,SAC,SG,75.0,28.0,1882.0,20.0,48.0,29.0,3.0,0.0,-5.2,9.5,65.0,37.0,88.0,6.0,47.0,13.0,419.0,6.0,39.0,,6.64,425.64,1.4712940689941372,0.388,419.0,0.1543135633137901,0.0,0.2535243191871768,0.8088995643900626,0.4050104384133612,0.2531722054380664,0.1242484019071897,0.4021282452689162,Guard,78.0,24.879333333333335,8.26923076923077,3.6153846153846154,2.2948717948717947,0.8717948717948718,0.3076923076923077,1.4871794871794872,-2.8076923076923075,249.0,596.0,77.0,231.0,70.0,97.0,0.41778523489932884,0.3333333333333333,0.7216494845360825,-3.8183673469387753,0.03989795918367347,0.41853061224489796,0.13751020408163264,0.12520408163265306,0.16222448979591836,0.13861224489795917,0.14589795918367346,SAC,https://cdn.nba.com/headshots/nba/latest/1040x760/1642363.png
1642364,Jamir Watkins,50,20.4422,5.92,2.64,0.42182,0.5389320003758299,-7.456,0.1336,0.3293725173117813,0.0570749973153291,0.186745832591004,5.203541035751052,0.1288691175309584,jamir watkins,Jamir Watkins,WAS,SG,50.0,1032.0,0.446,15.5,0.257,0.172,0.027,0.01,0.534,0.803,0.412,0.25,0.333,0.297,Disruptive Defender,three-point range,at the rim,Balanced Player,"Jamir Watkins profiles as a balanced player. Their most common shot comes three-point range, and they make shots most consistently at the rim. On defense, they profile as a Disruptive Defender.","Creates defensive pressure with steals, blocks, and activity. This player can force mistakes and break up possessions.",272.0,Jamir Watkins,24.0,WAS,SG,50.0,7.0,1032.0,8.0,44.0,40.0,8.0,0.0,-6.9,6.4,23.0,10.0,50.0,7.0,33.0,12.0,175.0,4.0,14.0,,5.28,180.28,1.0160237497773013,0.534,175.0,0.186745832591004,0.0,0.1070675258991436,0.725251070884266,0.5574112734864302,0.1057401812688821,0.1611150033342418,0.3344369875640008,Guard,58.0,20.4422,6.344827586206897,3.3448275862068964,1.1551724137931034,0.9310344827586207,0.43103448275862066,0.6896551724137931,-2.8275862068965516,132.0,296.0,47.0,158.0,57.0,82.0,0.44594594594594594,0.2974683544303797,0.6951219512195121,-10.733333333333334,0.035875,0.4326666666666667,0.09716666666666667,0.075,0.214125,0.15975,0.12770833333333334,WAS,https://cdn.nba.com/headshots/nba/latest/1040x760/1642364.png
1642366,Quinten Post,109,16.720825688073393,6.541284403669724,2.8990825688073394,0.408183486238532,0.5297005771283813,-0.5504587155963304,0.1308256880733944,0.4587239051875332,0.0953080123536899,0.2194296691581476,5.483613761943696,0.1305622424674061,quinten post,Quinten Post,GSW,PF,67.0,1159.0,0.44,17.9,0.141,0.171,0.03,0.027,0.631,0.806,0.507,0.462,0.5,0.336,Rim Protector,three-point range,at the rim,Balanced Player,"Quinten Post profiles as a balanced player. Their most common shot comes three-point range, and they make shots most consistently at the rim. On defense, they profile as a Rim Protector.",Protects the basket with shot blocking and interior presence. This player is most valuable defensively near the rim.,247.0,Quinten Post,25.0,GSW,PF,67.0,35.0,1159.0,0.0,0.0,0.0,7.0,93.0,1.8,3.4,21.0,14.0,70.0,15.0,16.0,4.0,224.0,3.0,17.0,,5.798165137614679,229.7981651376147,0.5758289007474443,0.631,224.0,0.2194296691581476,93.0,0.1366252030900562,0.644372449071844,0.6586638830897704,0.1353474320241691,0.1982675678226708,0.3479042759521331,Big,77.0,16.846176470588233,6.662337662337662,3.4935064935064934,1.2207792207792207,0.33766233766233766,0.45454545454545453,0.7272727272727273,0.7792207792207793,193.0,439.0,93.0,277.0,34.0,43.0,0.4396355353075171,0.33574007220216606,0.7906976744186046,0.4961538461538459,0.0790576923076923,0.546826923076923,0.17367307692307693,0.11634615384615385,0.23326923076923078,0.1051346153846154,0.22948076923076924,GSW,https://cdn.nba.com/headshots/nba/latest/1040x760/1642366.png
1642367,Jonathan Mogbo,103,14.690679611650486,3.883495145631068,1.766990291262136,0.4010388349514563,0.4383569932482987,-15.610679611650484,0.0994174757281553,0.331621018457382,0.098044037726713,0.2466645253649834,4.088021754523737,0.0893632346590732,jonathan mogbo,,,,,,,,,,,,,,,,,,Rim Protector,Not enough shooting data,Not enough shooting data,Balanced Player,"Jonathan Mogbo profiles as a balanced player. Their most common shot comes Not enough shooting data, and they make shots most consistently Not enough shooting data. On defense, they profile as a Rim Protector.",Protects the basket with shot blocking and interior presence. This player is most valuable defensively near the rim.,,,,,,,,,,,,,,,,,,,,,,0.0,,,,3.533980582524272,3.533980582524272,0.073999357609495,0.0,0.0,0.2466645253649834,0.0,0.0015668117227988,0.5521694577755925,0.0,0.0,0.2292261350483664,0.1615917026378543,Wing,65.0,6.003500000000001,0.9384615384615385,1.0461538461538462,0.38461538461538464,0.16923076923076924,0.12307692307692308,0.2153846153846154,-0.8153846153846154,26.0,44.0,0.0,1.0,9.0,14.0,0.5909090909090909,0.0,0.6428571428571429,-16.84090909090909,0.13754545454545455,0.3392272727272727,0.13963636363636364,0.1235,0.2501818181818182,0.12272727272727274,0.11363636363636363,TOR,https://cdn.nba.com/headshots/nba/latest/1040x760/1642367.png
1642377,Jaylen Wells,148,25.917522522522525,9.283783783783784,3.972972972972973,0.4263552123552123,0.5563763504845763,-0.3277027027027028,0.1622297297297297,0.4334926068766193,0.0638431076727337,0.130612811037928,6.360100751693454,0.1770691653113157,jaylen wells,Jaylen Wells,MEM,SG,69.0,1821.0,0.431,17.0,0.152,0.142,0.096,0.087,0.523,0.604,0.475,0.537,0.41,0.353,Disruptive Defender,three-point range,at the rim,Perimeter Shooter,"Jaylen Wells is a perimeter shooter. Their shot profile is built around three-point range, with their best efficiency coming at the rim. Defensively, they profile as a Disruptive Defender.","Creates defensive pressure with steals, blocks, and activity. This player can force mistakes and break up possessions.",110.0,Jaylen Wells,22.0,MEM,SG,69.0,69.0,1821.0,0.0,9.0,77.0,13.0,1.0,-4.3,3.0,39.0,22.0,75.0,4.0,73.0,41.0,270.0,14.0,34.0,,7.945945945945946,277.94594594594594,0.4891838433113784,0.523,270.0,0.130612811037928,1.0,0.165364890003666,0.6284528333659095,0.5459290187891441,0.1631419939577039,0.097307142255976,0.3311934307826834,Wing,76.0,26.19724637681159,11.381578947368421,2.8947368421052633,1.4605263157894737,0.8026315789473685,0.11842105263157894,0.9736842105263158,-2.3552631578947367,301.0,698.0,129.0,365.0,134.0,171.0,0.43123209169054444,0.35342465753424657,0.783625730994152,-4.502,0.06006,0.54488,0.18603999999999998,0.10593999999999999,0.14166,0.18780000000000002,0.03566,MEM,https://cdn.nba.com/headshots/nba/latest/1040x760/1642377.png
1642382,Branden Carlson,74,9.718783783783785,3.824324324324324,1.9054054054054057,0.4470135135135135,0.5634103939345357,0.4040540540540537,0.0841891891891891,0.4680147046908972,0.0636790507238977,0.2274289650966073,4.555990320915131,0.0906084471675426,branden carlson,Branden Carlson,OKC,C,42.0,488.0,0.527,13.4,0.349,0.167,0.011,0.011,0.462,0.815,0.452,0.0,0.0,0.36,Rim Protector,three-point range,at the rim,Perimeter Shooter,"Branden Carlson is a perimeter shooter. Their shot profile is built around three-point range, with their best efficiency coming at the rim. Defensively, they profile as a Rim Protector.",Protects the basket with shot blocking and interior presence. This player is most valuable defensively near the rim.,386.0,Branden Carlson,26.0,OKC,C,42.0,4.0,488.0,0.0,0.0,0.0,1.0,99.0,-2.2,-15.3,6.0,4.0,25.0,5.0,11.0,0.0,72.0,2.0,12.0,,3.810810810810811,75.8108108108108,-2.2267713104710176,0.462,72.0,0.2274289650966073,99.0,0.0447092668265583,0.129440384159886,0.4822546972860125,0.0435045317220543,0.2073605749304844,0.1476685180287506,Big,50.0,11.147441860465115,4.84,2.48,0.58,0.16,0.54,0.32,-0.48,98.0,186.0,31.0,86.0,15.0,26.0,0.5268817204301075,0.36046511627906974,0.5769230769230769,-7.079411764705883,0.05614705882352941,0.5588823529411764,0.17238235294117646,0.079,0.2121764705882353,0.0656764705882353,0.3088235294117647,OKC,https://cdn.nba.com/headshots/nba/latest/1040x760/1642382.png
1642383,Walter Clayton Jr.,69,20.25985507246377,6.681159420289855,2.5652173913043477,0.3588695652173913,0.4937815584588597,-9.420289855072465,0.1308695652173913,0.4461932461494226,0.1929421023543455,0.1037782392272287,5.234600732892815,0.1164325564968392,walter clayton jr,,,,,,,,,,,,,,,,,,Disruptive Defender,Not enough shooting data,Not enough shooting data,On-Ball Creator,"Walter Clayton Jr. profiles as an on-ball creator. They combine scoring volume with creation stats, meaning they likely generate offense for themselves and others. Defensively, they profile as a Disruptive Defender.","Creates defensive pressure with steals, blocks, and activity. This player can force mistakes and break up possessions.",,,,,,,,,,,,,,,,,,,,,,0.0,,,,5.130434782608695,5.130434782608695,0.0311334717681686,0.0,0.0,0.1037782392272287,0.0,0.002519744404473,0.5442935506011767,0.0,0.0,0.066803588682384,0.1437616442803218,Wing,81.0,20.25985507246377,6.6419753086419755,1.7160493827160495,3.4444444444444446,0.5432098765432098,0.2345679012345679,1.4320987654320987,-3.5185185185185186,177.0,461.0,75.0,244.0,109.0,121.0,0.3839479392624729,0.3073770491803279,0.9008264462809917,-7.836956521739131,0.06467391304347826,0.4930652173913044,0.16782608695652174,0.3045869565217391,0.11932608695652173,0.15784782608695652,0.16304347826086957,MEM,https://cdn.nba.com/headshots/nba/latest/1040x760/1642383.png
1642384,Isaiah Crawford,29,4.533103448275862,1.206896551724138,0.5172413793103449,0.2023103448275862,0.2644843800522503,14.63448275862069,0.0255172413793103,0.6415395670744405,0.0341410266039816,0.1235590382512945,2.640325377753908,0.0114408401849583,isaiah crawford,,,,,,,,,,,,,,,,,,Disruptive Defender,Not enough shooting data,Not enough shooting data,Volume Shot Creator,"Isaiah Crawford profiles as a balanced player. Their most common shot comes Not enough shooting data, and they make shots most consistently Not enough shooting data. On defense, they profile as a Disruptive Defender.","Creates defensive pressure with steals, blocks, and activity. This player can force mistakes and break up possessions.",,,,,,,,,,,,,,,,,,,,,,0.0,,,,1.0344827586206895,1.0344827586206895,0.0370677114753883,0.0,0.0,0.1235590382512945,0.0,7.484711520454539e-05,0.5453838703313649,0.0,0.0,0.0892889358314102,0.145304800012064,Wing,40.0,6.375714285714286,0.7,0.4,0.125,0.05,0.075,0.1,-0.225,10.0,24.0,3.0,13.0,5.0,6.0,0.4166666666666667,0.23076923076923078,0.8333333333333334,-1.2,0.0342,0.2666,0.09459999999999999,0.0334,0.082,0.0666,0.2,HOU,https://cdn.nba.com/headshots/nba/latest/1040x760/1642384.png
1642402,Enrique Freeman,26,8.225,1.7307692307692308,0.7692307692307693,0.3076923076923077,0.4288118730621141,-23.661538461538463,0.0434615384615384,0.3852996516750716,0.0461636596417079,0.1465854382761988,2.9781887686903317,0.0447165135572393,enrique freeman,,,,,,,,,,,,,,,,,,Disruptive Defender,Not enough shooting data,Not enough shooting data,Balanced Player,"Enrique Freeman profiles as a balanced player. Their most common shot comes Not enough shooting data, and they make shots most consistently Not enough shooting data. On defense, they profile as a Disruptive Defender.","Creates defensive pressure with steals, blocks, and activity. This player can force mistakes and break up possessions.",,,,,,,,,,,,,,,,,,,,,,0.0,,,,1.5384615384615383,1.5384615384615383,0.0439756314828596,0.0,0.0,0.1465854382761988,0.0,0.0003756749436228,0.5466530879313121,0.0,0.0,0.1154636417936115,0.1483599061396383,Wing,12.0,9.182500000000001,1.0833333333333333,0.8333333333333334,0.16666666666666666,0.16666666666666666,0.25,0.16666666666666666,2.3333333333333335,4.0,8.0,2.0,4.0,3.0,4.0,0.5,0.5,0.75,,,,,,,,,,https://cdn.nba.com/headshots/nba/latest/1040x760/1642402.png
1642403,Isaac Jones,47,7.01531914893617,1.9148936170212767,1.2127659574468086,0.4458723404255319,0.5421759821393731,-13.73404255319149,0.0461702127659574,0.4208937994392093,0.0388301924153782,0.1960010528474192,3.585336821892283,0.0646531616231514,isaac jones,,,,,,,,,,,,,,,,,,Rim Protector,Not enough shooting data,Not enough shooting data,Balanced Player,"Isaac Jones profiles as a balanced player. Their most common shot comes Not enough shooting data, and they make shots most consistently Not enough shooting data. On defense, they profile as a Rim Protector.",Protects the basket with shot blocking and interior presence. This player is most valuable defensively near the rim.,,,,,,,,,,,,,,,,,,,,,,0.0,,,,2.425531914893617,2.425531914893617,0.0588003158542257,0.0,0.0,0.1960010528474192,0.0,0.0009051723464311,0.5493768818225915,0.0,0.0,0.171635652179266,0.1548698546121469,Wing,21.0,4.944285714285714,0.42857142857142855,0.23809523809523808,0.047619047619047616,0.0,0.047619047619047616,0.047619047619047616,-1.2380952380952381,3.0,7.0,0.0,2.0,3.0,4.0,0.42857142857142855,0.0,0.75,-56.925,0.028499999999999998,0.392,0.246,0.125,0.0555,0.0,0.0,DET,https://cdn.nba.com/headshots/nba/latest/1040x760/1642403.png
1642404,Chaz Lanier,34,7.529705882352941,2.6176470588235294,0.8235294117647058,0.2597941176470588,0.3605321159887723,0.83235294117647,0.0364705882352941,0.3817036461105423,0.0482098619525193,0.0717288631845244,2.6802977578344604,0.0446570600506762,chaz lanier,,,,,,,,,,,,,,,,,,Disruptive Defender,Not enough shooting data,Not enough shooting data,Balanced Player,"Chaz Lanier profiles as a balanced player. Their most common shot comes Not enough shooting data, and they make shots most consistently Not enough shooting data. On defense, they profile as a Disruptive Defender.","Creates defensive pressure with steals, blocks, and activity. This player can force mistakes and break up possessions.",,,,,,,,,,,,,,,,,,,,,,0.0,,,,1.6470588235294117,1.6470588235294117,0.0215186589553573,0.0,0.0,0.0717288631845244,0.0,0.0004404972868361,0.5425269856106995,0.0,0.0,0.0303722319230772,0.138845168509717,Wing,63.0,7.529705882352941,1.2698412698412698,0.36507936507936506,0.2698412698412698,0.1111111111111111,0.0,0.047619047619047616,0.09523809523809523,28.0,89.0,19.0,67.0,5.0,6.0,0.3146067415730337,0.2835820895522388,0.8333333333333334,4.836842105263159,0.03347368421052631,0.431,0.14768421052631578,0.07510526315789474,0.08631578947368422,0.12321052631578948,0.0,DET,https://cdn.nba.com/headshots/nba/latest/1040x760/1642404.png
1642419,Jamison Battle,120,12.795916666666669,4.1,1.8583333333333336,0.4258499999999999,0.559328580759378,-4.73,0.0771666666666666,0.3558992511243741,0.0478602587881054,0.1577133554756479,4.197700911193548,0.0959444581569643,jamison battle,Jamison Battle,TOR,SF,61.0,517.0,0.51,17.3,0.228,0.103,0.048,0.034,0.586,0.636,0.8,0.571,0.4,0.412,Disruptive Defender,three-point range,short paint / floater range,Elite 3PT Threat,Jamison Battle profiles as an elite 3PT threat. They consistently take shots from three-point range and are most efficient short paint / floater range. Their defensive profile is Disruptive Defender.,"Creates defensive pressure with steals, blocks, and activity. This player can force mistakes and break up possessions.",378.0,Jamison Battle,24.0,TOR,SF,61.0,2.0,517.0,0.0,0.0,56.0,43.0,1.0,7.6,5.3,7.0,7.0,20.0,2.0,7.0,3.0,56.0,2.0,4.0,,3.716666666666667,59.71666666666667,0.8423140066426943,0.586,56.0,0.1577133554756479,1.0,0.0351025797460777,0.6933347396253241,0.6116910229645094,0.0338368580060422,0.1281130338111338,0.2953233594311562,Wing,76.0,8.27655737704918,2.526315789473684,1.1710526315789473,0.3157894736842105,0.09210526315789473,0.039473684210526314,0.25,1.1710526315789473,74.0,145.0,35.0,85.0,9.0,14.0,0.5103448275862069,0.4117647058823529,0.6428571428571429,9.797297297297296,0.06527027027027027,0.5704054054054054,0.13783783783783782,0.06694594594594594,0.17632432432432432,0.043756756756756755,0.04054054054054054,TOR,https://cdn.nba.com/headshots/nba/latest/1040x760/1642419.png
1642443,Jahmir Young,20,4.1955,1.5,0.7,0.4158,0.4868458609464016,10.93,0.0275,0.5730919127294262,0.18209342581529,0.0738733716857256,3.264221408298057,0.0316168805405416,jahmir young,,,,,,,,,,,,,,,,,,Disruptive Defender,Not enough shooting data,Not enough shooting data,On-Ball Creator,"Jahmir Young profiles as an on-ball creator. They combine scoring volume with creation stats, meaning they likely generate offense for themselves and others. Defensively, they profile as a Disruptive Defender.","Creates defensive pressure with steals, blocks, and activity. This player can force mistakes and break up possessions.",,,,,,,,,,,,,,,,,,,,,,0.0,,,,1.4,1.4,0.0221620115057177,0.0,0.0,0.0738733716857256,0.0,0.0002930264560257,0.5426451911456512,0.0,0.0,0.0328099503415739,0.1390595034029805,Wing,32.0,3.950714285714286,0.78125,0.125,0.28125,0.03125,0.0,0.09375,0.03125,10.0,25.0,3.0,9.0,2.0,2.0,0.4,0.3333333333333333,1.0,7.728571428571429,0.06085714285714287,0.40114285714285713,0.2662857142857143,0.20714285714285713,0.048285714285714286,0.14285714285714285,0.0,MIA,https://cdn.nba.com/headshots/nba/latest/1040x760/1642443.png
1642450,Daniss Jenkins,79,18.537341772151898,7.3164556962025316,2.9746835443037973,0.359873417721519,0.4592508849033073,0.9354430379746834,0.1379746835443038,0.5143280612306672,0.1593331763758262,0.1058846860721494,5.5171682708421415,0.1273808264972811,daniss jenkins,Daniss Jenkins,DET,PG,72.0,1455.0,0.408,13.8,0.164,0.287,0.132,0.074,0.343,0.591,0.374,0.347,0.405,0.374,Disruptive Defender,three-point range,at the rim,On-Ball Creator,"Daniss Jenkins profiles as an on-ball creator. They combine scoring volume with creation stats, meaning they likely generate offense for themselves and others. Defensively, they profile as a Disruptive Defender.","Creates defensive pressure with steals, blocks, and activity. This player can force mistakes and break up possessions.",175.0,Daniss Jenkins,24.0,DET,PG,72.0,19.0,1455.0,92.0,8.0,0.0,0.0,0.0,6.6,-2.6,68.0,33.0,57.0,5.0,54.0,4.0,655.0,8.0,51.0,,5.949367088607595,660.9493670886076,-0.3582345941783552,0.343,655.0,0.1058846860721494,0.0,0.3939818319620144,0.4727535209508363,0.3580375782881002,0.3957703927492447,0.0691980414292821,0.3759835931835825,Guard,81.0,20.038888888888888,8.283950617283951,2.049382716049383,3.432098765432099,0.7901234567901234,0.18518518518518517,1.4197530864197532,2.580246913580247,232.0,568.0,73.0,195.0,134.0,161.0,0.4084507042253521,0.37435897435897436,0.8322981366459627,1.592857142857143,0.08871428571428572,0.49016666666666664,0.20135714285714287,0.32311904761904764,0.11216666666666668,0.20742857142857143,0.07585714285714286,DET,https://cdn.nba.com/headshots/nba/latest/1040x760/1642450.png
1642461,Spencer Jones,84,18.148333333333333,3.5238095238095237,1.7023809523809523,0.3435714285714286,0.4498063000423928,-8.751190476190475,0.0851190476190476,0.2520450516094172,0.0338280274772589,0.1373258016690698,3.7261280509650607,0.0924047609443413,spencer jones,Spencer Jones,DEN,SF,64.0,1417.0,0.504,14.9,0.294,0.13,0.015,0.011,0.55,0.714,0.5,0.5,0.333,0.396,Disruptive Defender,three-point range,at the rim,Elite 3PT Threat,Spencer Jones profiles as an elite 3PT threat. They consistently take shots from three-point range and are most efficient at the rim. Their defensive profile is Disruptive Defender.,"Creates defensive pressure with steals, blocks, and activity. This player can force mistakes and break up possessions.",185.0,Spencer Jones,24.0,DEN,SF,64.0,37.0,1417.0,0.0,0.0,39.0,58.0,4.0,2.3,-4.4,13.0,3.0,108.0,11.0,23.0,9.0,130.0,1.0,16.0,,3.4047619047619047,133.4047619047619,-0.6188022594992791,0.55,130.0,0.1373258016690698,4.0,0.0790874270401542,0.42487846356095,0.5741127348643007,0.0785498489425981,0.1049379727682188,0.242320279107026,Wing,70.0,21.92015625,5.0285714285714285,2.9857142857142858,0.7285714285714285,0.7428571428571429,0.4142857142857143,0.44285714285714284,0.014285714285714285,132.0,262.0,57.0,144.0,31.0,51.0,0.5038167938931297,0.3958333333333333,0.6078431372549019,-3.8304347826086955,-0.0018043478260869558,0.5891956521739131,0.0973913043478261,0.05521739130434783,0.14282608695652174,0.2751086956521739,0.18984782608695652,DEN,https://cdn.nba.com/headshots/nba/latest/1040x760/1642461.png
1642484,RayJ Dennis,28,9.641785714285716,4.142857142857143,1.3214285714285714,0.2072857142857143,0.2999844533374637,11.582142857142856,0.0657142857142857,0.5318910360343827,0.1417277924919228,0.1662381568971102,3.4119497177954425,0.0528365937181309,rayj dennis,,,,,,,,,,,,,,,,,,Disruptive Defender,Not enough shooting data,Not enough shooting data,On-Ball Creator,"RayJ Dennis profiles as an on-ball creator. They combine scoring volume with creation stats, meaning they likely generate offense for themselves and others. Defensively, they profile as a Disruptive Defender.","Creates defensive pressure with steals, blocks, and activity. This player can force mistakes and break up possessions.",,,,,,,,,,,,,,,,,,,,,,0.0,,,,2.642857142857143,2.642857142857143,0.049871447069133,0.0,0.0,0.1662381568971102,0.0,0.0010348950232657,0.5477363478561588,0.0,0.0,0.1378033966273622,0.1511283846360822,Wing,28.0,11.252222222222223,2.642857142857143,0.9285714285714286,1.1785714285714286,0.14285714285714285,0.14285714285714285,0.6071428571428571,-2.2142857142857144,26.0,83.0,14.0,45.0,8.0,9.0,0.3132530120481928,0.3111111111111111,0.8888888888888888,10.62,0.07526666666666666,0.3098666666666666,0.198,0.284,0.1436,0.08886666666666666,0.07333333333333333,ATL,https://cdn.nba.com/headshots/nba/latest/1040x760/1642484.png
1642502,Malevy Leons,31,9.37,2.3870967741935485,1.032258064516129,0.2659032258064516,0.3291880311085566,-25.206451612903223,0.0561290322580645,0.3204495771770451,0.0565661443137748,0.2127881550034248,2.831689054131373,0.0560748487302181,malevy leons,,,,,,,,,,,,,,,,,,Rim Protector,Not enough shooting data,Not enough shooting data,Balanced Player,"Malevy Leons profiles as a balanced player. Their most common shot comes Not enough shooting data, and they make shots most consistently Not enough shooting data. On defense, they profile as a Rim Protector.",Protects the basket with shot blocking and interior presence. This player is most valuable defensively near the rim.,,,,,,,,,,,,,,,,,,,,,,0.0,,,,2.064516129032258,2.064516129032258,0.0638364465010274,0.0,0.0,0.2127881550034248,0.0,0.0006896799502638,0.5503021886654097,0.0,0.0,0.1907179864744944,0.1569232177939074,Wing,32.0,10.8276,2.59375,1.65625,0.71875,0.4375,0.28125,0.40625,-2.34375,32.0,72.0,4.0,16.0,15.0,19.0,0.4444444444444444,0.25,0.7894736842105263,-32.28,0.0354,0.123,0.18680000000000002,0.04,0.5762,0.1,0.2,GSW,https://cdn.nba.com/headshots/nba/latest/1040x760/1642502.png
1642505,Alex Ducas,21,5.790952380952381,1.4285714285714286,0.5714285714285714,0.2857142857142857,0.4195712649320897,-13.7,0.0323809523809523,0.3216538341338396,0.023648831164347,0.1567481460850154,2.587735748778234,0.0405038494415043,alex ducas,,,,,,,,,,,,,,,,,,Disruptive Defender,Not enough shooting data,Not enough shooting data,Balanced Player,"Alex Ducas profiles as a balanced player. Their most common shot comes Not enough shooting data, and they make shots most consistently Not enough shooting data. On defense, they profile as a Disruptive Defender.","Creates defensive pressure with steals, blocks, and activity. This player can force mistakes and break up possessions.",,,,,,,,,,,,,,,,,,,,,,0.0,,,,1.1428571428571428,1.1428571428571428,0.0470244438255046,0.0,0.0,0.1567481460850154,0.0,0.0001395364076313,0.5472132574584686,0.0,0.0,0.1270158552697885,0.1495607144546485,Wing,,,,,,,,,,,,,,,,,,,,,,,,,,,,https://cdn.nba.com/headshots/nba/latest/1040x760/1642505.png
1642530,Yuki Kawamura,40,7.3455,2.05,0.7,0.215625,0.3231049447495383,-4.249999999999999,0.05025,0.374708726800684,0.191603437009052,0.1016805262067012,2.7174822878499834,0.0386960379773517,yuki kawamura,,,,,,,,,,,,,,,,,,Disruptive Defender,Not enough shooting data,Not enough shooting data,Balanced Player,"Yuki Kawamura profiles as a balanced player. Their most common shot comes Not enough shooting data, and they make shots most consistently Not enough shooting data. On defense, they profile as a Disruptive Defender.","Creates defensive pressure with steals, blocks, and activity. This player can force mistakes and break up possessions.",,,,,,,,,,,,,,,,,,,,,,0.0,,,,1.4,1.4,0.0305041578620103,0.0,0.0,0.1016805262067012,0.0,0.0002930264560257,0.544177924438059,0.0,0.0,0.064419063900134,0.1426035980819384,Wing,24.0,11.39,2.5833333333333335,1.375,1.9583333333333333,0.375,0.0,0.5833333333333334,-0.125,17.0,52.0,11.0,37.0,17.0,19.0,0.3269230769230769,0.2972972972972973,0.8947368421052632,-10.95,0.1215,0.5177499999999999,0.1385,0.45299999999999996,0.308,0.3835,0.0,CHI,https://cdn.nba.com/headshots/nba/latest/1040x760/1642530.png
1642843,Cooper Flagg,70,33.26157142857143,17.057142857142857,7.985714285714286,0.4602571428571429,0.5360237256879458,-5.078571428571428,0.3202857142857143,0.6508660421060074,0.134669810533771,0.2012691694274853,10.509088975561564,0.3258337895568813,cooper flagg,Cooper Flagg,DAL,SF,70.0,2344.0,0.468,11.5,0.218,0.311,0.151,0.116,0.204,0.742,0.453,0.444,0.331,0.295,Rim Protector,short paint / floater range,at the rim,Mid-Range Shot Creator,"Cooper Flagg profiles as a mid-range shot creator. They regularly look for shots from short paint / floater range, while making shots most consistently at the rim. On the defensive side, they profile as a Rim Protector.",Protects the basket with shot blocking and interior presence. This player is most valuable defensively near the rim.,30.0,Cooper Flagg,19.0,DAL,SF,70.0,70.0,2344.0,0.0,1.0,37.0,60.0,1.0,-5.7,0.2,52.0,78.0,77.0,11.0,157.0,3.0,767.0,39.0,79.0,ROY-1,15.971428571428572,782.9714285714285,0.0903807508282455,0.204,767.0,0.2012691694274853,1.0,0.4668175013260884,0.5551792715201646,0.2129436325678496,0.4634441087613293,0.1776240568933633,0.4215701798611233,Wing,71.0,32.793098591549295,20.746478873239436,6.563380281690141,4.450704225352113,1.1830985915492958,0.9014084507042254,2.267605633802817,-3.7464788732394365,559.0,1194.0,72.0,244.0,283.0,342.0,0.46817420435510887,0.29508196721311475,0.827485380116959,-4.614893617021277,0.12046808510638297,0.547063829787234,0.24551063829787234,0.23210638297872338,0.21004255319148937,0.2438723404255319,0.22053191489361704,DAL,https://cdn.nba.com/headshots/nba/latest/1040x760/1642843.png
1642844,Dylan Harper,69,22.394057971014497,9.507246376811594,4.797101449275362,0.492536231884058,0.5613048590230405,7.804347826086956,0.1872463768115942,0.5260403127180162,0.1671792519260549,0.1507335159012602,7.223676361925444,0.2047920231655074,dylan harper,Dylan Harper,SAS,SG,69.0,1558.0,0.505,10.7,0.405,0.181,0.091,0.05,0.271,0.658,0.445,0.417,0.515,0.343,Disruptive Defender,at the rim,at the rim,On-Ball Creator,"Dylan Harper profiles as an on-ball creator. They combine scoring volume with creation stats, meaning they likely generate offense for themselves and others. Defensively, they profile as a Disruptive Defender.","Creates defensive pressure with steals, blocks, and activity. This player can force mistakes and break up possessions.",154.0,Dylan Harper,19.0,SAS,SG,69.0,4.0,1558.0,9.0,60.0,31.0,0.0,0.0,9.6,2.7,43.0,34.0,54.0,9.0,61.0,5.0,663.0,19.0,55.0,"ROY-4,6MOY-11",9.594202898550725,672.5942028985507,0.4502200547703781,0.271,663.0,0.1507335159012602,0.0,0.4009327013420679,0.6212938729084395,0.2828810020876827,0.4006042296072507,0.1201788691859497,0.4102070089564095,Guard,69.0,22.394057971014494,11.782608695652174,3.391304347826087,3.8550724637681157,0.782608695652174,0.34782608695652173,1.434782608695652,4.391304347826087,331.0,656.0,61.0,178.0,90.0,119.0,0.5045731707317073,0.34269662921348315,0.7563025210084033,5.375,0.093325,0.49715,0.22447499999999998,0.29435,0.14965,0.217075,0.13185,SAS,https://cdn.nba.com/headshots/nba/latest/1040x760/1642844.png
1642845,VJ Edgecombe,75,34.7732,13.733333333333333,6.013333333333334,0.4393333333333333,0.5452144323542146,0.0106666666666664,0.2594666666666667,0.4763918104182059,0.1214875896436217,0.1633208526371431,8.585093584565723,0.2571506295176817,vj edgecombe,VJ Edgecombe,PHI,SG,75.0,2623.0,0.438,14.8,0.222,0.176,0.124,0.069,0.409,0.629,0.376,0.422,0.507,0.354,Disruptive Defender,three-point range,at the rim,Perimeter Shooter,"VJ Edgecombe is a perimeter shooter. Their shot profile is built around three-point range, with their best efficiency coming at the rim. Defensively, they profile as a Disruptive Defender.","Creates defensive pressure with steals, blocks, and activity. This player can force mistakes and break up possessions.",11.0,VJ Edgecombe,20.0,PHI,SG,75.0,75.0,2623.0,28.0,72.0,0.0,0.0,0.0,0.8,3.1,68.0,51.0,126.0,7.0,82.0,8.0,754.0,19.0,54.0,ROY-3,12.026666666666667,766.0266666666666,0.5139962557911429,0.409,754.0,0.1633208526371431,0.0,0.4567030756185539,0.6330117093491872,0.4269311064718162,0.4555891238670695,0.1344872212319756,0.4639814580653953,Guard,75.0,34.7732,15.986666666666666,5.64,4.2,1.4266666666666667,0.52,1.8266666666666667,0.76,451.0,1030.0,149.0,421.0,148.0,181.0,0.43786407766990293,0.35391923990498814,0.8176795580110497,2.3234042553191485,0.08512765957446809,0.5425106382978723,0.18519148936170213,0.23163829787234044,0.17391489361702125,0.27114893617021274,0.09757446808510639,PHI,https://cdn.nba.com/headshots/nba/latest/1040x760/1642845.png
1642846,Ace Bailey,72,27.424722222222226,12.38888888888889,5.486111111111111,0.4357916666666666,0.5218019994923414,-9.6,0.1983333333333333,0.5116776836117221,0.0668926731552714,0.152866277680423,7.483900254589356,0.2324251451843945,ace bailey,Ace Bailey,UTA,SF,72.0,1988.0,0.443,16.4,0.146,0.161,0.103,0.143,0.446,0.692,0.569,0.391,0.391,0.344,Disruptive Defender,three-point range,at the rim,Volume Shot Creator,"Ace Bailey profiles as a balanced player. Their most common shot comes three-point range, and they make shots most consistently at the rim. On defense, they profile as a Disruptive Defender.","Creates defensive pressure with steals, blocks, and activity. This player can force mistakes and break up possessions.",82.0,Ace Bailey,19.0,UTA,SF,72.0,61.0,1988.0,0.0,4.0,51.0,41.0,5.0,-10.8,-5.4,52.0,28.0,152.0,9.0,40.0,2.0,324.0,6.0,29.0,,10.97222222222222,334.97222222222223,-0.7641401166958731,0.446,324.0,0.152866277680423,5.0,0.1994042018580061,0.3981750034610936,0.465553235908142,0.1957703927492447,0.1226032348009235,0.280975779749714,Wing,73.0,27.424722222222222,13.602739726027398,4.136986301369863,1.7945205479452055,0.821917808219178,0.6712328767123288,1.4657534246575343,-6.136986301369863,395.0,892.0,137.0,398.0,66.0,88.0,0.4428251121076233,0.3442211055276382,0.75,-10.744444444444444,0.05291111111111112,0.5039111111111111,0.18346666666666667,0.10608888888888889,0.15184444444444445,0.17831111111111114,0.2074,UTA,https://cdn.nba.com/headshots/nba/latest/1040x760/1642846.png
1642847,Jeremiah Fears,82,25.580365853658535,12.268292682926829,5.329268292682927,0.4256219512195122,0.5132602021072101,-7.9158536585365855,0.2069512195121951,0.6118872856040585,0.1302763645845559,0.1410440297591556,7.733067372651698,0.219083195326869,jeremiah fears,Jeremiah Fears,NOP,PG,82.0,2112.0,0.434,11.9,0.326,0.222,0.101,0.047,0.304,0.61,0.377,0.373,0.298,0.33,Disruptive Defender,at the rim,at the rim,Volume Shot Creator,"Jeremiah Fears profiles as a balanced player. Their most common shot comes at the rim, and they make shots most consistently at the rim. On defense, they profile as a Disruptive Defender.","Creates defensive pressure with steals, blocks, and activity. This player can force mistakes and break up possessions.",64.0,Jeremiah Fears,19.0,NOP,PG,82.0,49.0,2112.0,92.0,8.0,0.0,0.0,0.0,-6.9,-5.0,105.0,50.0,58.0,15.0,119.0,5.0,656.0,28.0,88.0,,10.658536585365852,666.6585365853658,-0.7076867910722533,0.304,656.0,0.1410440297591556,0.0,0.3973896680267074,0.4085473810189613,0.3173277661795407,0.3963746223564954,0.1091645790485376,0.3592457975328578,Guard,82.0,25.580365853658538,14.25609756097561,3.658536585365854,3.402439024390244,1.1829268292682926,0.36585365853658536,2.1707317073170733,-3.5,437.0,1006.0,101.0,306.0,194.0,246.0,0.43439363817097415,0.3300653594771242,0.7886178861788617,-11.30185185185185,0.08016666666666666,0.501537037037037,0.23757407407407408,0.22298148148148147,0.16285185185185186,0.24705555555555558,0.12977777777777777,NOP,https://cdn.nba.com/headshots/nba/latest/1040x760/1642847.png
1642848,Tre Johnson,60,23.888666666666666,10.783333333333331,4.516666666666667,0.42335,0.5411613229888707,-11.06,0.1638333333333333,0.5500120722260744,0.0853178408469645,0.1198862225462322,6.7618414467520935,0.1910132625643149,tre johnson,Tre Johnson,WAS,SG,60.0,1443.0,0.419,18.2,0.071,0.178,0.185,0.07,0.496,0.674,0.409,0.458,0.511,0.358,Disruptive Defender,three-point range,mid-range,Perimeter Shooter,"Tre Johnson is a perimeter shooter. Their shot profile is built around three-point range, with their best efficiency coming mid-range. Defensively, they profile as a Disruptive Defender.","Creates defensive pressure with steals, blocks, and activity. This player can force mistakes and break up possessions.",179.0,Tre Johnson,19.0,WAS,SG,60.0,42.0,1443.0,13.0,71.0,16.0,0.0,0.0,-11.5,0.1,42.0,39.0,73.0,3.0,29.0,3.0,295.0,5.0,10.0,,9.033333333333331,304.03333333333336,0.0509658667638696,0.496,295.0,0.1198862225462322,0.0,0.1809366013747919,0.5479374296198135,0.5177453027139874,0.1782477341389728,0.0851139509866501,0.3133569618745305,Guard,70.0,23.888666666666666,10.471428571428572,2.4285714285714284,1.7428571428571429,0.4714285714285714,0.2571428571428571,1.3285714285714285,-4.828571428571428,271.0,647.0,115.0,321.0,76.0,87.0,0.4188562596599691,0.3582554517133956,0.8735632183908046,-5.94102564102564,0.08305128205128205,0.5796923076923077,0.20833333333333334,0.15782051282051282,0.11979487179487179,0.17974358974358973,0.12135897435897434,WAS,https://cdn.nba.com/headshots/nba/latest/1040x760/1642848.png
1642849,Nolan Traore,56,21.986607142857142,8.553571428571429,3.25,0.3664821428571428,0.453214607003963,-11.530357142857142,0.1339285714285714,0.5066604166091818,0.1742213014651883,0.0810897613676365,5.519393225658824,0.1389090066136627,nolan traore,Nolan TraorÃ©,BRK,PG,56.0,1243.0,0.38,13.4,0.194,0.311,0.077,0.017,0.401,0.484,0.403,0.351,0.375,0.318,Disruptive Defender,three-point range,at the rim,On-Ball Creator,"Nolan Traore profiles as an on-ball creator. They combine scoring volume with creation stats, meaning they likely generate offense for themselves and others. Defensively, they profile as a Disruptive Defender.","Creates defensive pressure with steals, blocks, and activity. This player can force mistakes and break up possessions.",224.0,Nolan TraorÃ©,19.0,BRK,PG,56.0,31.0,1243.0,97.0,3.0,0.0,0.0,0.0,-10.8,-0.6,70.0,45.0,74.0,3.0,40.0,4.0,542.0,7.0,36.0,,6.5,548.5,-0.065673071589709,0.401,542.0,0.0810897613676365,0.0,0.3268601588650696,0.5265069276398558,0.418580375782881,0.3274924471299094,0.0410130076075117,0.3620083972971661,Guard,62.0,21.986607142857142,8.048387096774194,1.596774193548387,3.435483870967742,0.7258064516129032,0.3709677419354839,2.0806451612903225,-4.516129032258065,182.0,479.0,61.0,192.0,74.0,94.0,0.37995824634655534,0.3177083333333333,0.7872340425531915,-10.7,0.04492857142857143,0.41285714285714287,0.16446428571428573,0.3277857142857143,0.07764285714285714,0.15360714285714286,0.11725,BKN,https://cdn.nba.com/headshots/nba/latest/1040x760/1642849.png
1642851,Kon Knueppel,81,31.289382716049385,13.382716049382717,6.3580246913580245,0.4751851851851852,0.632713962910791,7.877777777777778,0.2616049382716049,0.5319827791037517,0.1101259090053684,0.17066868708399,9.11149016298926,0.2707765815264662,kon knueppel,Kon Knueppel,CHO,SF,81.0,2551.0,0.475,17.9,0.141,0.171,0.078,0.018,0.592,0.712,0.443,0.529,0.316,0.425,Disruptive Defender,three-point range,at the rim,Elite 3PT Threat,Kon Knueppel profiles as an elite 3PT threat. They consistently take shots from three-point range and are most efficient at the rim. Their defensive profile is Disruptive Defender.,"Creates defensive pressure with steals, blocks, and activity. This player can force mistakes and break up possessions.",17.0,Kon Knueppel,20.0,CHO,SF,81.0,80.0,2551.0,0.0,46.0,49.0,5.0,0.0,5.6,2.6,74.0,63.0,91.0,10.0,99.0,8.0,683.0,21.0,51.0,ROY-2,12.716049382716047,695.716049382716,0.441200606125197,0.592,683.0,0.17066868708399,0.0,0.4147342643147164,0.619636696370509,0.6179540709812108,0.4126888217522658,0.142839695170461,0.4690488421579681,Wing,81.0,31.289382716049385,18.493827160493826,5.333333333333333,3.382716049382716,0.7037037037037037,0.2345679012345679,1.9876543209876543,3.9753086419753085,515.0,1084.0,273.0,642.0,195.0,226.0,0.47509225092250923,0.4252336448598131,0.8628318584070797,3.7411764705882353,0.11454901960784312,0.6480196078431373,0.21621568627450982,0.1879607843137255,0.18064705882352938,0.14721568627450982,0.07990196078431373,CHA,https://cdn.nba.com/headshots/nba/latest/1040x760/1642851.png
1642852,Derik Queen,81,24.77111111111111,9.234567901234568,4.37037037037037,0.4595308641975308,0.5327298487634007,-8.339506172839506,0.2204938271604938,0.5218564891824389,0.1429489256021197,0.2880349102714828,7.478939561692117,0.1865886326686186,derik queen,Derik Queen,NOP,C,81.0,2023.0,0.473,7.9,0.405,0.302,0.096,0.079,0.118,0.607,0.438,0.361,0.373,0.261,Rim Protector,at the rim,at the rim,Interior Paint Scorer,"Derik Queen is mostly an interior paint scorer. Their shot diet leans toward at the rim, and they are most reliable at the rim. On defense, they profile as a Rim Protector.",Protects the basket with shot blocking and interior presence. This player is most valuable defensively near the rim.,74.0,Derik Queen,21.0,NOP,C,81.0,48.0,2023.0,0.0,0.0,0.0,16.0,84.0,-7.2,-5.5,91.0,67.0,119.0,22.0,131.0,10.0,683.0,26.0,61.0,,8.74074074074074,691.7407407407408,-0.7385895269185552,0.118,683.0,0.2880349102714828,84.0,0.4123613797531175,0.4028695074795717,0.1231732776617954,0.4126888217522658,0.2762529242685458,0.3530320950224904,Big,81.0,24.77111111111111,11.703703703703704,7.061728395061729,3.6790123456790123,1.037037037037037,0.9135802469135802,2.345679012345679,-3.753086419753086,354.0,748.0,23.0,88.0,217.0,273.0,0.4732620320855615,0.26136363636363635,0.7948717948717948,-9.260377358490567,0.10958490566037736,0.541622641509434,0.2161509433962264,0.2929811320754717,0.33816981132075474,0.23184905660377358,0.3453018867924529,NOP,https://cdn.nba.com/headshots/nba/latest/1040x760/1642852.png
1642853,Rasheer Fleming,55,12.044545454545457,3.909090909090909,1.5818181818181818,0.3281818181818182,0.432879654941165,-3.16,0.0712727272727272,0.4220118437751032,0.018882051197341,0.2067985959318709,3.7653899251009744,0.0756260256763412,rasheer fleming,Rasheer Fleming,PHO,PF,55.0,673.0,0.405,16.1,0.279,0.074,0.023,0.019,0.605,0.567,0.438,0.0,0.25,0.346,Rim Protector,three-point range,at the rim,Balanced Player,"Rasheer Fleming profiles as a balanced player. Their most common shot comes three-point range, and they make shots most consistently at the rim. On defense, they profile as a Rim Protector.",Protects the basket with shot blocking and interior presence. This player is most valuable defensively near the rim.,347.0,Rasheer Fleming,21.0,PHO,PF,55.0,1.0,673.0,0.0,0.0,3.0,86.0,11.0,7.6,7.1,14.0,10.0,44.0,2.0,15.0,0.0,38.0,2.0,8.0,,3.1636363636363636,41.16363636363637,1.1270395787795613,0.605,38.0,0.2067985959318709,11.0,0.0240281693941151,0.7456484182608986,0.6315240083507307,0.0229607250755287,0.1839094993739664,0.3114389960204298,Wing,80.0,12.044545454545455,2.975,1.55,0.2,0.275,0.2625,0.3625,1.2125,87.0,215.0,45.0,130.0,19.0,34.0,0.4046511627906977,0.34615384615384615,0.5588235294117647,-10.317241379310344,0.075,0.32217241379310346,0.1773793103448276,0.04224137931034483,0.20972413793103448,0.09886206896551725,0.13793103448275862,PHX,https://cdn.nba.com/headshots/nba/latest/1040x760/1642853.png
1642854,Asa Newell,44,11.144318181818182,3.840909090909091,2.0681818181818183,0.4122727272727273,0.4748192040877939,-5.2704545454545455,0.0811363636363636,0.3872613939035518,0.0612563694022339,0.1627440851478246,4.139889490979576,0.0993298012910784,asa newell,Asa Newell,ATL,PF,44.0,500.0,0.538,12.1,0.402,0.154,0.0,0.0,0.444,0.721,0.5,,,0.387,Disruptive Defender,three-point range,at the rim,Perimeter Shooter,"Asa Newell is a perimeter shooter. Their shot profile is built around three-point range, with their best efficiency coming at the rim. Defensively, they profile as a Disruptive Defender.","Creates defensive pressure with steals, blocks, and activity. This player can force mistakes and break up possessions.",379.0,Asa Newell,20.0,ATL,PF,44.0,2.0,500.0,0.0,0.0,1.0,71.0,28.0,-4.5,-7.9,6.0,7.0,48.0,6.0,16.0,1.0,63.0,7.0,14.0,,4.136363636363637,67.13636363636364,-1.1361767744556526,0.444,63.0,0.1627440851478246,28.0,0.0395314394842206,0.3298193373063773,0.4634655532359081,0.0380664652567975,0.1338315946718037,0.1849770490985289,Wing,67.0,11.144318181818182,3.388059701492537,1.4328358208955223,0.3880597014925373,0.23880597014925373,0.22388059701492538,0.34328358208955223,-0.6567164179104478,91.0,169.0,29.0,75.0,16.0,29.0,0.5384615384615384,0.38666666666666666,0.5517241379310345,-5.730555555555554,0.050249999999999996,0.4511944444444444,0.1451111111111111,0.06377777777777778,0.1634722222222222,0.12219444444444444,0.2291388888888889,ATL,https://cdn.nba.com/headshots/nba/latest/1040x760/1642854.png
1642856,Egor Demin,52,24.979615384615386,8.634615384615385,3.4423076923076925,0.3942115384615384,0.5513123431392376,-7.9,0.1628846153846154,0.4284322604465025,0.1331658604816587,0.1229211997310642,6.158878473387642,0.1555449374943682,egor demin,,,,,,,,,,,,,,,,,,Disruptive Defender,Not enough shooting data,Not enough shooting data,Balanced Player,"Egor Demin profiles as a balanced player. Their most common shot comes Not enough shooting data, and they make shots most consistently Not enough shooting data. On defense, they profile as a Disruptive Defender.","Creates defensive pressure with steals, blocks, and activity. This player can force mistakes and break up possessions.",,,,,,,,,,,,,,,,,,,,,,0.0,,,,6.884615384615385,6.884615384615385,0.0368763599193192,0.0,0.0,0.1229211997310642,0.0,0.0035668248813966,0.5453487126048021,0.0,0.0,0.0885638882468839,0.1466202969284475,Wing,55.0,24.508301886792452,9.745454545454546,3.0,3.1454545454545455,0.7636363636363637,0.3090909090909091,1.5636363636363637,-2.9272727272727272,179.0,449.0,124.0,322.0,54.0,65.0,0.3986636971046771,0.38509316770186336,0.8307692307692308,-6.534090909090909,0.07972727272727273,0.566,0.18709090909090909,0.24893181818181817,0.14497727272727273,0.2075909090909091,0.12386363636363637,BKN,https://cdn.nba.com/headshots/nba/latest/1040x760/1642856.png
1642857,Kasparas Jakucionis,53,17.599811320754718,4.490566037735849,1.9245283018867925,0.3570943396226415,0.5182940902326088,0.447169811320755,0.1118867924528301,0.3828861268653306,0.1451384019880747,0.1431834640206967,4.672541316881318,0.0953532791068225,kasparas jakucionis,Kasparas JakuÄionis,MIA,PG,53.0,945.0,0.429,17.8,0.189,0.126,0.025,0.004,0.655,0.622,0.267,0.0,0.0,0.423,Disruptive Defender,three-point range,at the rim,Elite 3PT Threat,Kasparas Jakucionis profiles as an elite 3PT threat. They consistently take shots from three-point range and are most efficient at the rim. Their defensive profile is Disruptive Defender.,"Creates defensive pressure with steals, blocks, and activity. This player can force mistakes and break up possessions.",291.0,Kasparas JakuÄionis,19.0,MIA,PG,53.0,12.0,945.0,85.0,15.0,0.0,0.0,0.0,4.1,2.1,27.0,14.0,46.0,5.0,26.0,9.0,332.0,3.0,16.0,,3.849056603773585,335.8490566037736,0.357955039206209,0.655,332.0,0.1431834640206967,0.0,0.199927589336677,0.6043416815850342,0.6837160751565763,0.2006042296072507,0.1115965294472422,0.3648339433098651,Guard,67.0,17.599811320754718,4.895522388059701,2.0597014925373136,2.044776119402985,0.4925373134328358,0.1044776119402985,0.746268656716418,1.0746268656716418,102.0,238.0,66.0,156.0,58.0,66.0,0.42857142857142855,0.4230769230769231,0.8787878787878788,-3.280769230769231,0.03784615384615385,0.43996153846153846,0.1346153846153846,0.22596153846153846,0.1375,0.18223076923076922,0.019230769230769232,MIA,https://cdn.nba.com/headshots/nba/latest/1040x760/1642857.png
1642859,Jase Richardson,54,10.652407407407408,3.4814814814814814,1.648148148148148,0.3811481481481482,0.4577393580895804,-1.622222222222222,0.0659259259259259,0.3892436138524573,0.1495775554525775,0.0854750849809232,3.7174460427143967,0.0814158145966443,jase richardson,Jase Richardson,ORL,SG,54.0,587.0,0.473,14.1,0.191,0.277,0.085,0.027,0.42,0.722,0.481,0.438,0.6,0.354,Disruptive Defender,three-point range,at the rim,Perimeter Shooter,"Jase Richardson is a perimeter shooter. Their shot profile is built around three-point range, with their best efficiency coming at the rim. Defensively, they profile as a Disruptive Defender.","Creates defensive pressure with steals, blocks, and activity. This player can force mistakes and break up possessions.",363.0,Jase Richardson,20.0,ORL,SG,54.0,0.0,587.0,35.0,60.0,5.0,0.0,0.0,-2.4,-3.4,16.0,3.0,26.0,3.0,21.0,7.0,139.0,7.0,5.0,,3.2962962962962963,142.2962962962963,-0.484357474505723,0.42,139.0,0.0854750849809232,0.0,0.0843948349892673,0.4495804993619384,0.4384133611691023,0.0839879154078549,0.0459979186662412,0.2249136464189665,Guard,81.0,10.652407407407408,2.950617283950617,0.7777777777777778,0.7160493827160493,0.2345679012345679,0.024691358024691357,0.30864197530864196,-0.20987654320987653,89.0,188.0,28.0,79.0,33.0,46.0,0.4734042553191489,0.35443037974683544,0.717391304347826,-1.6833333333333331,0.06030555555555555,0.41338888888888886,0.14958333333333332,0.21758333333333335,0.09363888888888888,0.09822222222222222,0.020833333333333332,ORL,https://cdn.nba.com/headshots/nba/latest/1040x760/1642859.png
1642860,Will Riley,74,21.85810810810811,8.35135135135135,3.6621621621621623,0.4291891891891892,0.5315956250781637,-14.793243243243245,0.1475675675675675,0.4838342249944495,0.093801363619579,0.1417160391223796,6.05772559549366,0.1601365276264451,will riley,Will Riley,WAS,SF,74.0,1633.0,0.439,14.5,0.199,0.249,0.099,0.053,0.4,0.756,0.442,0.393,0.242,0.316,Disruptive Defender,three-point range,at the rim,Balanced Player,"Will Riley profiles as a balanced player. Their most common shot comes three-point range, and they make shots most consistently at the rim. On defense, they profile as a Disruptive Defender.","Creates defensive pressure with steals, blocks, and activity. This player can force mistakes and break up possessions.",142.0,Will Riley,19.0,WAS,SF,74.0,18.0,1633.0,0.0,0.0,15.0,77.0,8.0,-14.2,-4.4,48.0,25.0,59.0,4.0,80.0,5.0,347.0,18.0,26.0,,7.324324324324325,354.3243243243243,-0.6174851882632861,0.4,347.0,0.1417160391223796,8.0,0.2109555827565082,0.4251204539127923,0.4175365344467641,0.209667673716012,0.1099284695163141,0.2852524410710486,Wing,80.0,21.85810810810811,9.55,2.65,1.825,0.675,0.125,1.175,-6.05,271.0,618.0,78.0,247.0,144.0,180.0,0.43851132686084143,0.3157894736842105,0.8,-16.371428571428574,0.08723809523809523,0.5077619047619047,0.17835714285714285,0.18785714285714286,0.17933333333333334,0.17776190476190476,0.03333333333333333,WAS,https://cdn.nba.com/headshots/nba/latest/1040x760/1642860.png
1642862,Liam McNeeley,31,11.681612903225806,3.064516129032258,1.2258064516129032,0.3643225806451613,0.5150970121277417,6.232258064516129,0.072258064516129,0.3271753543538597,0.0853296792267034,0.1941344257879707,3.712544970897397,0.07038150164121,liam mcneeley,,,,,,,,,,,,,,,,,,Rim Protector,Not enough shooting data,Not enough shooting data,Balanced Player,"Liam McNeeley profiles as a balanced player. Their most common shot comes Not enough shooting data, and they make shots most consistently Not enough shooting data. On defense, they profile as a Rim Protector.",Protects the basket with shot blocking and interior presence. This player is most valuable defensively near the rim.,,,,,,,,,,,,,,,,,,,,,,0.0,,,,2.4516129032258065,2.4516129032258065,0.0582403277363912,0.0,0.0,0.1941344257879707,0.0,0.0009207402381694,0.5492739931420412,0.0,0.0,0.1695138088008261,0.1546381752608606,Wing,34.0,11.681612903225806,3.8823529411764706,2.1470588235294117,0.7058823529411765,0.14705882352941177,0.08823529411764706,0.38235294117647056,0.23529411764705882,38.0,95.0,24.0,60.0,32.0,39.0,0.4,0.4,0.8205128205128205,10.007142857142858,0.06746428571428571,0.5063214285714286,0.13482142857142856,0.13192857142857142,0.17867857142857144,0.09225000000000001,0.03271428571428572,CHA,https://cdn.nba.com/headshots/nba/latest/1040x760/1642862.png
1642863,Khaman Maluach,46,8.743913043478262,2.282608695652174,1.2173913043478262,0.3397826086956522,0.4283557151514045,-15.734782608695651,0.0632608695652174,0.3329703945663426,0.0189878595970648,0.252039568920625,3.326007934586899,0.0664603697611521,khaman maluach,,,,,,,,,,,,,,,,,,Rim Protector,Not enough shooting data,Not enough shooting data,Balanced Player,"Khaman Maluach profiles as a balanced player. Their most common shot comes Not enough shooting data, and they make shots most consistently Not enough shooting data. On defense, they profile as a Rim Protector.",Protects the basket with shot blocking and interior presence. This player is most valuable defensively near the rim.,,,,,,,,,,,,,,,,,,,,,,0.0,,,,2.4347826086956523,2.4347826086956523,0.0756118706761875,0.0,0.0,0.252039568920625,0.0,0.0009106941386953,0.5524657307437474,0.0,0.0,0.235336086428121,0.162014318984227,Wing,82.0,8.743913043478262,1.6951219512195121,1.6219512195121952,0.07317073170731707,0.06097560975609756,0.4024390243902439,0.3048780487804878,0.573170731707317,56.0,105.0,5.0,21.0,22.0,31.0,0.5333333333333333,0.23809523809523808,0.7096774193548387,-29.768181818181816,0.10622727272727274,0.2756363636363636,0.11313636363636363,0.023545454545454546,0.18181818181818182,0.015136363636363637,0.29545454545454547,PHX,https://cdn.nba.com/headshots/nba/latest/1040x760/1642863.png
1642864,Hugo Gonzalez,74,14.448108108108109,3.324324324324324,1.5810810810810811,0.4331486486486486,0.5319815190776058,6.991891891891892,0.081081081081081,0.2615284386819305,0.036609916130003,0.214056743631182,3.888596029191273,0.0898506127603852,hugo gonzalez,Hugo GonzÃ¡lez,BOS,SF,74.0,1084.0,0.476,13.8,0.26,0.228,0.028,0.012,0.472,0.75,0.429,0.286,0.333,0.362,Rim Protector,three-point range,at the rim,Perimeter Shooter,"Hugo Gonzalez is a perimeter shooter. Their shot profile is built around three-point range, with their best efficiency coming at the rim. Defensively, they profile as a Rim Protector.",Protects the basket with shot blocking and interior presence. This player is most valuable defensively near the rim.,264.0,Hugo GonzÃ¡lez,19.0,BOS,SF,74.0,3.0,1084.0,2.0,21.0,67.0,11.0,0.0,12.4,6.2,16.0,13.0,52.0,3.0,11.0,18.0,104.0,3.0,21.0,,3.1621621621621623,107.16216216216216,0.9942170230893546,0.472,104.0,0.214056743631182,0.0,0.0634230685227002,0.7212444406280323,0.4926931106471816,0.0628398791540785,0.192160024061031,0.3050842944846763,Wing,82.0,14.448108108108109,3.524390243902439,3.0,0.4878048780487805,0.5121951219512195,0.25609756097560976,0.4634146341463415,3.0,117.0,246.0,42.0,116.0,13.0,26.0,0.47560975609756095,0.3620689655172414,0.5,14.385106382978725,0.05859574468085106,0.5408085106382978,0.11048936170212766,0.07023404255319149,0.22538297872340426,0.1834468085106383,0.0943191489361702,BOS,https://cdn.nba.com/headshots/nba/latest/1040x760/1642864.png
1642866,Joan Beringer,40,7.651999999999999,2.45,1.625,0.519975,0.5211878678283243,-9.4225,0.0705,0.4230165297015354,0.0233630365903158,0.2685809044694548,4.035846662888044,0.0805753839096816,joan beringer,,,,,,,,,,,,,,,,,,Rim Protector,Not enough shooting data,Not enough shooting data,Balanced Player,"Joan Beringer profiles as a balanced player. Their most common shot comes Not enough shooting data, and they make shots most consistently Not enough shooting data. On defense, they profile as a Rim Protector.",Protects the basket with shot blocking and interior presence. This player is most valuable defensively near the rim.,,,,,,,,,,,,,,,,,,,,,,0.0,,,,3.25,3.25,0.0805742713408364,0.0,0.0,0.2685809044694548,0.0,0.0013973020819748,0.5533774909052359,0.0,0.0,0.254139051448465,0.1643171987039454,Wing,70.0,7.651999999999999,2.2285714285714286,1.3142857142857143,0.17142857142857143,0.1,0.37142857142857144,0.15714285714285714,0.32857142857142857,65.0,98.0,0.0,0.0,26.0,37.0,0.6632653061224489,,0.7027027027027027,-2.679999999999999,-0.39183999999999997,0.45844,0.12284,0.01864,0.30591999999999997,0.045,0.256,MIN,https://cdn.nba.com/headshots/nba/latest/1040x760/1642866.png
1642867,Collin Murray-Boyles,57,21.673333333333336,6.0,3.473684210526316,0.5666140350877192,0.6239851429952805,2.8087719298245615,0.161578947368421,0.3595067290848167,0.0806453672625159,0.2215413319879677,6.230442571366002,0.1640574317981811,collin murrayboyles,Collin Murray-Boyles,TOR,PF,57.0,1246.0,0.579,6.4,0.617,0.178,0.026,0.032,0.146,0.697,0.475,0.333,0.182,0.34,Rim Protector,at the rim,at the rim,Rim-Dominant Big,"Collin Murray-Boyles profiles as a rim-dominant big. They take a large share of their shots at the rim, finish best at the rim, and their defensive profile as a Rim Protector suggests they impact the game around the basket.",Protects the basket with shot blocking and interior presence. This player is most valuable defensively near the rim.,223.0,Collin Murray-Boyles,20.0,TOR,PF,57.0,22.0,1246.0,0.0,0.0,8.0,82.0,11.0,2.8,-0.1,27.0,12.0,88.0,11.0,52.0,3.0,262.0,10.0,27.0,,6.947368421052632,268.94736842105266,0.0514623995963903,0.146,262.0,0.2215413319879677,11.0,0.1599935873934213,0.5480286594269487,0.1524008350730689,0.1583081570996979,0.2006679497148498,0.2597623357565208,Wing,59.0,21.673333333333336,8.203389830508474,4.830508474576271,1.7966101694915255,0.8813559322033898,0.8983050847457628,1.0,0.7966101694915254,198.0,342.0,17.0,50.0,71.0,108.0,0.5789473684210527,0.34,0.6574074074074074,-0.4619047619047622,0.07661904761904761,0.5789285714285715,0.14304761904761903,0.1487857142857143,0.2386666666666667,0.20323809523809522,0.2801904761904762,TOR,https://cdn.nba.com/headshots/nba/latest/1040x760/1642867.png
1642868,Carter Bryant,71,11.345352112676055,3.732394366197183,1.5211267605633805,0.3437464788732394,0.4567365815727535,-8.298591549295775,0.0745070422535211,0.3906547968835698,0.0604210738571196,0.2396614244980585,3.801519338485401,0.0760981367133461,carter bryant,Carter Bryant,SAS,PF,71.0,818.0,0.408,16.0,0.279,0.079,0.049,0.008,0.585,0.595,0.381,0.308,0.0,0.335,Rim Protector,three-point range,at the rim,Balanced Player,"Carter Bryant profiles as a balanced player. Their most common shot comes three-point range, and they make shots most consistently at the rim. On defense, they profile as a Rim Protector.",Protects the basket with shot blocking and interior presence. This player is most valuable defensively near the rim.,325.0,Carter Bryant,20.0,SAS,PF,71.0,0.0,818.0,0.0,1.0,41.0,53.0,5.0,2.3,-7.1,15.0,5.0,45.0,6.0,20.0,1.0,114.0,5.0,13.0,,3.0422535211267605,117.04225352112675,-0.9931015726505824,0.585,114.0,0.2396614244980585,5.0,0.0693205518037026,0.3561070713928417,0.6106471816283925,0.0688821752265861,0.2212655287088109,0.23736683620749,Wing,82.0,11.345352112676055,3.6341463414634148,2.1707317073170733,0.573170731707317,0.1951219512195122,0.2804878048780488,0.4024390243902439,-0.04878048780487805,108.0,265.0,52.0,155.0,30.0,42.0,0.4075471698113208,0.33548387096774196,0.7142857142857143,-13.3125,0.063525,0.380225,0.157825,0.0832,0.25645,0.08082500000000001,0.05415,SAS,https://cdn.nba.com/headshots/nba/latest/1040x760/1642868.png
1642869,Noah Penda,59,12.616610169491524,3.440677966101695,1.3898305084745763,0.3037796610169492,0.3989323321213069,-6.33728813559322,0.0830508474576271,0.3779766249170944,0.1129198516170046,0.2878629481181244,3.6849536360286184,0.0694450282728225,noah penda,Noah Penda,ORL,SF,59.0,757.0,0.404,13.9,0.241,0.256,0.025,0.02,0.458,0.673,0.288,0.2,0.75,0.323,Rim Protector,three-point range,at the rim,Balanced Player,"Noah Penda profiles as a balanced player. Their most common shot comes three-point range, and they make shots most consistently at the rim. On defense, they profile as a Rim Protector.",Protects the basket with shot blocking and interior presence. This player is most valuable defensively near the rim.,333.0,Noah Penda,21.0,ORL,SF,59.0,2.0,757.0,0.0,16.0,65.0,19.0,0.0,-2.8,-4.1,21.0,14.0,43.0,1.0,22.0,3.0,164.0,6.0,11.0,,2.7796610169491527,166.77966101694915,-0.5286411155645625,0.458,164.0,0.2878629481181244,0.0,0.0990090960175041,0.4414441027967165,0.4780793319415449,0.0990936555891238,0.2760574504299991,0.2591916744993248,Wing,80.0,12.616610169491524,2.8375,2.3375,0.875,0.375,0.225,0.525,-0.6875,82.0,203.0,30.0,93.0,33.0,48.0,0.4039408866995074,0.3225806451612903,0.6875,-5.0285714285714285,0.07565714285714285,0.4911142857142857,0.16705714285714285,0.14382857142857142,0.34794285714285716,0.2313714285714286,0.13522857142857145,ORL,https://cdn.nba.com/headshots/nba/latest/1040x760/1642869.png
1642873,Amari Williams,22,6.447272727272727,0.9090909090909092,0.4545454545454545,0.2594545454545454,0.3377761572948738,-21.518181818181816,0.0372727272727272,0.2376740771992253,0.1459801539920462,0.350449824474475,2.20685844446489,0.038267532452177,amari williams,,,,,,,,,,,,,,,,,,Rim Protector,Not enough shooting data,Not enough shooting data,Balanced Player,"Amari Williams profiles as a balanced player. Their most common shot comes Not enough shooting data, and they make shots most consistently Not enough shooting data. On defense, they profile as a Rim Protector.",Protects the basket with shot blocking and interior presence. This player is most valuable defensively near the rim.,,,,,,,,,,,,,,,,,,,,,,0.0,,,,0.9090909090909092,0.9090909090909092,0.1051349473423425,0.0,0.0,0.350449824474475,0.0,0.0,0.5578901144176671,0.0,0.0,0.3472015756058114,0.1741926861649979,Wing,49.0,6.447272727272727,0.6122448979591837,0.8163265306122449,0.20408163265306123,0.061224489795918366,0.20408163265306123,0.22448979591836735,-1.183673469387755,10.0,20.0,0.0,0.0,10.0,14.0,0.5,,0.7142857142857143,-20.307692307692307,0.1666153846153846,0.3643076923076923,0.05515384615384615,0.08438461538461538,0.19830769230769232,0.05384615384615384,0.359,BOS,https://cdn.nba.com/headshots/nba/latest/1040x760/1642873.png
1642874,Danny Wolf,57,20.601754385964913,7.719298245614035,3.1228070175438596,0.3711754385964912,0.4979448249061506,-5.617543859649123,0.1587719298245614,0.4604576011958654,0.1100893322448943,0.2425485156002978,5.889311080618954,0.1384149764377813,danny wolf,Danny Wolf,BRK,PF,57.0,1187.0,0.405,14.3,0.259,0.227,0.016,0.018,0.48,0.605,0.38,0.143,0.25,0.322,Rim Protector,three-point range,at the rim,Balanced Player,"Danny Wolf profiles as a balanced player. Their most common shot comes three-point range, and they make shots most consistently at the rim. On defense, they profile as a Rim Protector.",Protects the basket with shot blocking and interior presence. This player is most valuable defensively near the rim.,235.0,Danny Wolf,21.0,BRK,PF,57.0,15.0,1187.0,0.0,0.0,0.0,78.0,22.0,-10.5,-0.1,41.0,22.0,87.0,6.0,51.0,1.0,305.0,6.0,32.0,,6.245614035087719,311.2456140350877,0.0577645546800893,0.48,305.0,0.2425485156002978,22.0,0.1852416531512515,0.5491865776050943,0.5010438413361169,0.1842900302114803,0.2245473600244081,0.3274336208857805,Wing,62.0,20.601754385964913,8.193548387096774,4.532258064516129,2.0483870967741935,0.4838709677419355,0.5161290322580645,1.1774193548387097,-3.725806451612903,178.0,440.0,68.0,211.0,84.0,109.0,0.40454545454545454,0.3222748815165877,0.7706422018348624,-2.5277777777777772,0.09427777777777778,0.4720277777777777,0.1820277777777778,0.20497222222222222,0.26411111111111113,0.1668611111111111,0.1976388888888889,BKN,https://cdn.nba.com/headshots/nba/latest/1040x760/1642874.png
1642875,Maxime Raynaud,74,26.334054054054057,9.067567567567568,5.175675675675675,0.5392432432432432,0.5831174835941386,-11.05,0.2109459459459459,0.4226477390362541,0.0494518324473086,0.2805794669382118,7.5703236045306,0.2278884554558406,maxime raynaud,Maxime Raynaud,SAC,C,74.0,1964.0,0.571,8.3,0.198,0.534,0.145,0.013,0.11,0.774,0.587,0.433,0.444,0.324,Rim Protector,short paint / floater range,at the rim,Efficient Role Finisher,"Maxime Raynaud profiles as a balanced player. Their most common shot comes short paint / floater range, and they make shots most consistently at the rim. On defense, they profile as a Rim Protector.",Protects the basket with shot blocking and interior presence. This player is most valuable defensively near the rim.,86.0,Maxime Raynaud,22.0,SAC,C,74.0,56.0,1964.0,0.0,0.0,0.0,0.0,100.0,-11.8,-3.2,34.0,31.0,105.0,14.0,77.0,1.0,234.0,16.0,37.0,,10.35135135135135,244.35135135135135,-0.3958261599185364,0.11,234.0,0.2805794669382118,100.0,0.1453120835309899,0.4658466840454579,0.1148225469728601,0.1413897280966767,0.2677781285186604,0.2327266721312232,Big,82.0,26.334054054054054,11.24390243902439,6.780487804878049,1.2195121951219512,0.4634146341463415,0.47560975609756095,1.146341463414634,-5.621951219512195,383.0,671.0,24.0,74.0,132.0,168.0,0.5707898658718331,0.32432432432432434,0.7857142857142857,-11.477777777777778,0.0854,0.5479111111111111,0.16142222222222222,0.08562222222222221,0.32166666666666666,0.11804444444444445,0.17004444444444444,SAC,https://cdn.nba.com/headshots/nba/latest/1040x760/1642875.png
1642876,Adou Thiero,25,5.7336,1.24,0.64,0.34932,0.3671377802307342,-17.828,0.034,0.326848645606261,0.0506756386094141,0.197591998784039,2.4891106319047247,0.0410299691599811,adou thiero,,,,,,,,,,,,,,,,,,Rim Protector,Not enough shooting data,Not enough shooting data,Balanced Player,"Adou Thiero profiles as a balanced player. Their most common shot comes Not enough shooting data, and they make shots most consistently Not enough shooting data. On defense, they profile as a Rim Protector.",Protects the basket with shot blocking and interior presence. This player is most valuable defensively near the rim.,,,,,,,,,,,,,,,,,,,,,,0.0,,,,1.28,1.28,0.0592775996352117,0.0,0.0,0.197591998784039,0.0,0.000221397766775,0.5494645749305519,0.0,0.0,0.1734441216772224,0.1547991150070702,Wing,41.0,5.7336,1.146341463414634,0.6829268292682927,0.24390243902439024,0.17073170731707318,0.04878048780487805,0.21951219512195122,-0.8048780487804879,16.0,31.0,1.0,3.0,14.0,22.0,0.5161290322580645,0.3333333333333333,0.6363636363636364,-1.773333333333332,0.020533333333333337,0.28226666666666667,0.11446666666666667,0.11506666666666666,0.27886666666666665,0.23886666666666667,0.06666666666666667,LAL,https://cdn.nba.com/headshots/nba/latest/1040x760/1642876.png
1642877,Micah Peavy,61,14.77688524590164,4.508196721311475,1.7377049180327868,0.2880163934426229,0.3470662603924765,-6.6245901639344265,0.0773770491803278,0.4466633828717688,0.0712474800652922,0.163173092704916,3.7033780059373607,0.077203017072128,micah peavy,Micah Peavy,NOP,SG,61.0,913.0,0.385,12.6,0.313,0.2,0.073,0.022,0.393,0.64,0.291,0.25,0.333,0.259,Disruptive Defender,three-point range,at the rim,Balanced Player,"Micah Peavy profiles as a balanced player. Their most common shot comes three-point range, and they make shots most consistently at the rim. On defense, they profile as a Disruptive Defender.","Creates defensive pressure with steals, blocks, and activity. This player can force mistakes and break up possessions.",296.0,Micah Peavy,24.0,NOP,SG,61.0,4.0,913.0,1.0,31.0,56.0,11.0,0.0,-4.5,0.0,9.0,7.0,51.0,1.0,15.0,5.0,141.0,3.0,17.0,,3.4754098360655736,144.47540983606558,0.0489519278114748,0.393,141.0,0.163173092704916,0.0,0.0856955603774526,0.5475674011943491,0.4102296450939457,0.0851963746223564,0.1343192586857306,0.2546560845444689,Wing,78.0,14.776885245901639,3.358974358974359,1.5,0.782051282051282,0.5512820512820513,0.11538461538461539,0.2564102564102564,-1.3333333333333333,106.0,275.0,28.0,108.0,22.0,29.0,0.38545454545454544,0.25925925925925924,0.7586206896551724,-8.915555555555555,0.03028888888888889,0.37677777777777777,0.14422222222222222,0.12362222222222222,0.1469111111111111,0.20260000000000003,0.040355555555555554,NOP,https://cdn.nba.com/headshots/nba/latest/1040x760/1642877.png
1642878,Tyrese Proctor,50,10.7094,4.5,1.86,0.3664,0.4904786481229755,-8.98,0.079,0.5292497794790791,0.1405398310099848,0.1165806181367727,4.365935503327085,0.0820216786989958,tyrese proctor,Tyrese Proctor,CLE,PG,50.0,545.0,0.413,17.8,0.169,0.138,0.062,0.049,0.582,0.632,0.323,0.643,0.364,0.351,Disruptive Defender,three-point range,at the rim,Perimeter Shooter,"Tyrese Proctor is a perimeter shooter. Their shot profile is built around three-point range, with their best efficiency coming at the rim. Defensively, they profile as a Disruptive Defender.","Creates defensive pressure with steals, blocks, and activity. This player can force mistakes and break up possessions.",370.0,Tyrese Proctor,21.0,CLE,PG,50.0,1.0,545.0,49.0,49.0,2.0,0.0,0.0,0.2,-4.6,26.0,7.0,17.0,5.0,17.0,5.0,179.0,2.0,11.0,,3.72,182.72,-0.6550258145589681,0.582,179.0,0.1165806181367727,0.0,0.1085239759139088,0.4182229762992731,0.6075156576200418,0.1081570996978852,0.0813563847430611,0.2580440315274827,Guard,72.0,10.7094,3.7777777777777777,0.8888888888888888,1.0277777777777777,0.3472222222222222,0.0,0.5555555555555556,-0.09722222222222222,93.0,225.0,46.0,131.0,40.0,45.0,0.41333333333333333,0.3511450381679389,0.8888888888888888,-12.197368421052632,0.07142105263157894,0.4829210526315789,0.20602631578947367,0.23971052631578948,0.1267894736842105,0.14497368421052634,0.0,CLE,https://cdn.nba.com/headshots/nba/latest/1040x760/1642878.png
1642879,Ben Saraf,44,20.640681818181815,6.886363636363637,2.727272727272727,0.402590909090909,0.4942459752730391,-10.638636363636364,0.1172727272727272,0.4935488599837892,0.1656529485469354,0.1079218738064357,5.18347200942306,0.1199386031566542,ben saraf,Ben Saraf,BRK,SG,44.0,916.0,0.396,10.6,0.333,0.304,0.053,0.013,0.297,0.594,0.413,0.188,0.0,0.211,Disruptive Defender,at the rim,at the rim,On-Ball Creator,"Ben Saraf profiles as an on-ball creator. They combine scoring volume with creation stats, meaning they likely generate offense for themselves and others. Defensively, they profile as a Disruptive Defender.","Creates defensive pressure with steals, blocks, and activity. This player can force mistakes and break up possessions.",295.0,Ben Saraf,19.0,BRK,SG,44.0,11.0,916.0,16.0,48.0,30.0,6.0,0.0,-13.4,-4.0,50.0,35.0,44.0,4.0,38.0,5.0,356.0,7.0,48.0,,5.454545454545454,361.45454545454544,-0.5676234378580692,0.297,356.0,0.1079218738064357,0.0,0.2152116527033893,0.4342817370645981,0.3100208768267223,0.2151057401812688,0.0715137655492954,0.2698201774445701,Guard,48.0,20.640681818181818,6.916666666666667,1.9166666666666667,3.0208333333333335,0.7916666666666666,0.16666666666666666,2.0625,-4.9375,120.0,303.0,19.0,90.0,73.0,88.0,0.39603960396039606,0.2111111111111111,0.8295454545454546,1.1947368421052633,0.06589473684210527,0.48026315789473684,0.18642105263157893,0.3106315789473684,0.12305263157894737,0.22589473684210526,0.09647368421052631,BKN,https://cdn.nba.com/headshots/nba/latest/1040x760/1642879.png
1642880,Kam Jones,37,16.47054054054054,4.5675675675675675,1.837837837837838,0.398054054054054,0.4567760665670882,-4.0729729729729724,0.0872972972972973,0.3910891405492693,0.1836619526769225,0.0894415567186215,4.105209183502506,0.0890052226784772,kam jones,Kam Jones,IND,SG,37.0,616.0,0.402,14.6,0.154,0.337,0.047,0.018,0.444,0.692,0.386,0.5,0.667,0.293,Disruptive Defender,three-point range,at the rim,Balanced Player,"Kam Jones profiles as a balanced player. Their most common shot comes three-point range, and they make shots most consistently at the rim. On defense, they profile as a Disruptive Defender.","Creates defensive pressure with steals, blocks, and activity. This player can force mistakes and break up possessions.",360.0,Kam Jones,23.0,IND,SG,37.0,7.0,616.0,17.0,60.0,22.0,1.0,0.0,-10.9,-3.8,21.0,11.0,19.0,2.0,3.0,0.0,301.0,0.0,12.0,,3.675675675675676,304.6756756756757,-0.5431675329844134,0.444,301.0,0.0894415567186215,0.0,0.1813200192083939,0.4387751105916082,0.4634655532359081,0.1818731117824773,0.0505067099375362,0.2749796004886472,Guard,54.0,16.47054054054054,3.0,1.1111111111111112,2.2037037037037037,0.3333333333333333,0.0,0.6666666666666666,-2.6481481481481484,68.0,169.0,22.0,75.0,4.0,8.0,0.40236686390532544,0.29333333333333333,0.5,2.846666666666666,0.07680000000000001,0.4188,0.16573333333333332,0.1426,0.09006666666666667,0.0472,0.0,IND,https://cdn.nba.com/headshots/nba/latest/1040x760/1642880.png
1642883,Sion James,82,22.27329268292683,4.536585365853658,1.6829268292682926,0.3507073170731707,0.5147415600142617,4.014634146341463,0.109390243902439,0.2689153026879534,0.0925084892306592,0.161116148352721,4.31193333419918,0.0928868972507732,sion james,Sion James,CHO,SG,82.0,1843.0,0.371,17.3,0.199,0.14,0.022,0.005,0.634,0.554,0.25,0.125,0.0,0.352,Disruptive Defender,three-point range,at the rim,Perimeter Shooter,"Sion James is a perimeter shooter. Their shot profile is built around three-point range, with their best efficiency coming at the rim. Defensively, they profile as a Disruptive Defender.","Creates defensive pressure with steals, blocks, and activity. This player can force mistakes and break up possessions.",108.0,Sion James,23.0,CHO,SG,82.0,19.0,1843.0,10.0,64.0,25.0,2.0,0.0,4.4,-0.5,28.0,16.0,55.0,7.0,44.0,22.0,419.0,6.0,28.0,,3.3658536585365852,422.3658536585366,-0.0266651554941836,0.634,419.0,0.161116148352721,0.0,0.2515699624300588,0.5336739958155371,0.6617954070981211,0.2531722054380664,0.1319810767058691,0.3718311232050195,Guard,82.0,22.27329268292683,5.378048780487805,3.5,1.9878048780487805,0.6341463414634146,0.24390243902439024,0.8048780487804879,0.7926829268292683,138.0,372.0,83.0,236.0,82.0,98.0,0.3709677419354839,0.3516949152542373,0.8367346938775511,-0.15961538461538435,0.05648076923076923,0.5102307692307693,0.10803846153846154,0.15363461538461537,0.15519230769230768,0.13923076923076924,0.12978846153846155,CHA,https://cdn.nba.com/headshots/nba/latest/1040x760/1642883.png
1642885,Mohamed Diawara,69,8.99840579710145,3.0869565217391304,1.3043478260869563,0.3289565217391304,0.4239284866740488,-5.398550724637682,0.0559420289855072,0.387483403032864,0.0777419089545265,0.1485838831455092,3.3424044400009176,0.0662462954589787,mohamed diawara,Mohamed Diawara,NYK,SF,69.0,634.0,0.423,17.9,0.197,0.103,0.042,0.047,0.61,0.548,0.273,0.667,0.7,0.369,Disruptive Defender,three-point range,at the rim,Perimeter Shooter,"Mohamed Diawara is a perimeter shooter. Their shot profile is built around three-point range, with their best efficiency coming at the rim. Defensively, they profile as a Disruptive Defender.","Creates defensive pressure with steals, blocks, and activity. This player can force mistakes and break up possessions.",356.0,Mohamed Diawara,20.0,NYK,SF,69.0,7.0,634.0,0.0,0.0,44.0,55.0,1.0,6.7,-0.2,15.0,10.0,27.0,2.0,12.0,2.0,135.0,2.0,7.0,,2.608695652173913,137.6086956521739,0.0145751649436527,0.61,135.0,0.1485838831455092,1.0,0.0815967792403552,0.5412512318678577,0.6367432150313153,0.0815709969788519,0.117735325894439,0.2833936342051329,Wing,82.0,8.99840579710145,3.0,1.146341463414634,0.6463414634146342,0.2073170731707317,0.07317073170731707,0.36585365853658536,0.7073170731707317,90.0,213.0,48.0,130.0,18.0,24.0,0.4225352112676056,0.36923076923076925,0.75,-15.966666666666667,0.03157142857142857,0.35314285714285715,0.14997619047619049,0.09926190476190477,0.17871428571428571,0.11111904761904762,0.0754047619047619,NYK,https://cdn.nba.com/headshots/nba/latest/1040x760/1642885.png
1642905,Hansen Yang,43,6.789302325581395,2.3255813953488373,0.7209302325581395,0.2571860465116279,0.3661727205388264,-29.32325581395349,0.0381395348837209,0.5093360259173724,0.055356125438927,0.2241905996926227,2.9416088181023863,0.0322405726648818,hansen yang,,,,,,,,,,,,,,,,,,Rim Protector,Not enough shooting data,Not enough shooting data,Volume Shot Creator,"Hansen Yang profiles as a balanced player. Their most common shot comes Not enough shooting data, and they make shots most consistently Not enough shooting data. On defense, they profile as a Rim Protector.",Protects the basket with shot blocking and interior presence. This player is most valuable defensively near the rim.,,,,,,,,,,,,,,,,,,,,,,0.0,,,,1.441860465116279,1.441860465116279,0.0672571799077868,0.0,0.0,0.2241905996926227,0.0,0.00031801320809,0.5509306926202746,0.0,0.0,0.2036794410078657,0.1582278225390912,Wing,66.0,6.789302325581395,1.4393939393939394,1.0,0.3333333333333333,0.045454545454545456,0.15151515151515152,0.48484848484848486,-1.5151515151515151,31.0,100.0,5.0,42.0,28.0,34.0,0.31,0.11904761904761904,0.8235294117647058,-22.303333333333335,0.010966666666666668,0.3715333333333334,0.20756666666666668,0.1448,0.24086666666666667,0.05,0.18889999999999998,POR,https://cdn.nba.com/headshots/nba/latest/1040x760/1642905.png
1642907,Cedric Coward,62,25.55435483870967,10.451612903225806,4.919354838709677,0.4751290322580645,0.5886595741021959,0.8209677419354835,0.2161290322580645,0.5249677822030319,0.1096368126490695,0.2330115218894028,7.779623964132005,0.2108630914464792,cedric coward,Cedric Coward,MEM,SG,62.0,1598.0,0.471,14.0,0.238,0.207,0.113,0.019,0.424,0.734,0.485,0.425,0.25,0.338,Rim Protector,three-point range,at the rim,High-Impact Balanced Player,"Cedric Coward profiles as a balanced player. Their most common shot comes three-point range, and they make shots most consistently at the rim. On defense, they profile as a Rim Protector.",Protects the basket with shot blocking and interior presence. This player is most valuable defensively near the rim.,147.0,Cedric Coward,22.0,MEM,SG,62.0,47.0,1598.0,1.0,65.0,30.0,4.0,0.0,0.1,10.1,40.0,41.0,57.0,11.0,80.0,10.0,402.0,19.0,46.0,ROY-5,9.838709677419354,411.8387096774194,1.5849034565668207,0.424,402.0,0.2330115218894028,0.0,0.2452862497223809,0.8297734358405864,0.4425887265135699,0.2429003021148036,0.2137064119875439,0.4176068392363691,Guard,76.0,25.554354838709674,11.092105263157896,4.7894736842105265,2.25,0.5263157894736842,0.35526315789473684,1.381578947368421,0.3026315789473684,305.0,648.0,93.0,275.0,140.0,166.0,0.470679012345679,0.3381818181818182,0.8433734939759037,1.0127659574468084,0.11446808510638298,0.5838510638297872,0.2030425531914894,0.18514893617021277,0.24425531914893617,0.13017021276595744,0.1493191489361702,MEM,https://cdn.nba.com/headshots/nba/latest/1040x760/1642907.png
1642914,Javon Small,41,20.028048780487804,7.024390243902439,3.268292682926829,0.4318292682926828,0.5692228037285985,-3.521951219512195,0.1614634146341463,0.4674753500252759,0.1794900135359897,0.1414771850062965,6.208472769772933,0.1465178340877555,javon small,Javon Small,MEM,PG,41.0,830.0,0.465,16.2,0.177,0.212,0.066,0.052,0.493,0.784,0.361,0.421,0.267,0.423,Disruptive Defender,three-point range,at the rim,Perimeter Shooter,"Javon Small is a perimeter shooter. Their shot profile is built around three-point range, with their best efficiency coming at the rim. Defensively, they profile as a Disruptive Defender.","Creates defensive pressure with steals, blocks, and activity. This player can force mistakes and break up possessions.",320.0,Javon Small,23.0,MEM,PG,41.0,12.0,830.0,95.0,5.0,0.0,0.0,0.0,-5.2,0.9,37.0,13.0,26.0,3.0,37.0,4.0,368.0,10.0,29.0,,6.536585365853658,374.5365853658537,0.1774431555018889,0.493,368.0,0.1414771850062965,0.0,0.2230203974664977,0.5711755679720615,0.5146137787056367,0.2223564954682779,0.1096569578492896,0.3423954631172167,Guard,45.0,20.028048780487804,8.8,2.8444444444444446,3.3555555555555556,0.7555555555555555,0.2,1.2444444444444445,-2.4,134.0,288.0,60.0,142.0,68.0,82.0,0.4652777777777778,0.4225352112676056,0.8292682926829268,-2.588888888888889,0.018,0.42288888888888887,0.17933333333333332,0.3072777777777778,0.12011111111111111,0.09716666666666668,0.0625,MEM,https://cdn.nba.com/headshots/nba/latest/1040x760/1642914.png
1642918,Alijah Martin,23,6.129130434782609,2.1739130434782608,0.6956521739130435,0.1774347826086956,0.3371451476710838,-0.6434782608695633,0.0382608695652173,0.5124585733768331,0.0575996629706937,0.1053212104259722,2.8537438941147433,0.0299328559938805,alijah martin,,,,,,,,,,,,,,,,,,Disruptive Defender,Not enough shooting data,Not enough shooting data,Volume Shot Creator,"Alijah Martin profiles as a balanced player. Their most common shot comes Not enough shooting data, and they make shots most consistently Not enough shooting data. On defense, they profile as a Disruptive Defender.","Creates defensive pressure with steals, blocks, and activity. This player can force mistakes and break up possessions.",,,,,,,,,,,,,,,,,,,,,,0.0,,,,1.391304347826087,1.391304347826087,0.0315963631277916,0.0,0.0,0.1053212104259722,0.0,0.0002878359712974,0.5443785993365213,0.0,0.0,0.0685575240518545,0.1430655366278347,Wing,31.0,6.129130434782609,1.6451612903225807,0.6774193548387096,0.3870967741935484,0.25806451612903225,0.12903225806451613,0.25806451612903225,-0.45161290322580644,16.0,50.0,4.0,21.0,15.0,19.0,0.32,0.19047619047619047,0.7894736842105263,10.545454545454545,0.052000000000000005,0.3654545454545454,0.13190909090909092,0.1600909090909091,0.06363636363636363,0.13636363636363635,0.07572727272727273,TOR,https://cdn.nba.com/headshots/nba/latest/1040x760/1642918.png
1642920,Kobe Sanders,68,19.68308823529412,5.647058823529412,2.6323529411764706,0.4547647058823529,0.580107880239232,-1.877941176470588,0.1080882352941176,0.4121425070074668,0.0938258594340653,0.1080740196230969,5.107255713556159,0.124603693800593,kobe sanders,Kobe Sanders,LAC,SG,68.0,1351.0,0.466,16.9,0.141,0.159,0.117,0.073,0.51,0.759,0.508,0.378,0.357,0.408,Disruptive Defender,three-point range,at the rim,Elite 3PT Threat,Kobe Sanders profiles as an elite 3PT threat. They consistently take shots from three-point range and are most efficient at the rim. Their defensive profile is Disruptive Defender.,"Creates defensive pressure with steals, blocks, and activity. This player can force mistakes and break up possessions.",203.0,Kobe Sanders,23.0,LAC,SG,68.0,16.0,1351.0,17.0,54.0,28.0,2.0,1.0,0.6,-1.0,42.0,22.0,83.0,10.0,31.0,4.0,262.0,10.0,18.0,,5.264705882352941,267.2647058823529,-0.1175777941130709,0.51,262.0,0.1080740196230969,1.0,0.158989196459268,0.5169702816920498,0.5323590814196243,0.1583081570996979,0.0716867136440987,0.295691598294043,Guard,76.0,19.683088235294118,6.5131578947368425,2.013157894736842,1.4342105263157894,0.6447368421052632,0.13157894736842105,1.0657894736842106,0.42105263157894735,179.0,384.0,80.0,196.0,57.0,69.0,0.4661458333333333,0.40816326530612246,0.8260869565217391,-2.9023255813953486,0.03958139534883721,0.502093023255814,0.1514186046511628,0.17362790697674418,0.1342093023255814,0.16451162790697674,0.038767441860465116,LAC,https://cdn.nba.com/headshots/nba/latest/1040x760/1642920.png
1642928,Dylan Cardwell,44,20.361363636363635,4.068181818181818,2.386363636363636,0.5879772727272727,0.5918873593098962,-2.6545454545454543,0.1568181818181818,0.2693571768710232,0.0680762305394427,0.3707259632604184,5.501876431671736,0.1244268645057585,dylan cardwell,Dylan Cardwell,SAC,C,44.0,907.0,0.587,4.8,0.441,0.453,0.078,0.011,0.022,0.81,0.444,0.214,0.0,0.5,Rim Protector,short paint / floater range,at the rim,Rim-Dominant Big,"Dylan Cardwell profiles as a rim-dominant big. They take a large share of their shots short paint / floater range, finish best at the rim, and their defensive profile as a Rim Protector suggests they impact the game around the basket.",Protects the basket with shot blocking and interior presence. This player is most valuable defensively near the rim.,301.0,Dylan Cardwell,24.0,SAC,C,44.0,1.0,907.0,0.0,0.0,0.0,26.0,74.0,-4.4,7.5,15.0,8.0,90.0,11.0,19.0,4.0,152.0,2.0,19.0,,4.7727272727272725,156.77272727272728,1.2362177889781256,0.022,152.0,0.3707259632604184,74.0,0.0930358997881899,0.7657081331627598,0.022964509394572,0.0918429003021148,0.3702499883058794,0.2782953584759511,Big,57.0,20.361363636363635,4.175438596491228,5.824561403508772,1.087719298245614,0.5263157894736842,1.1754385964912282,0.6842105263157895,-1.1578947368421053,105.0,179.0,2.0,4.0,26.0,51.0,0.5865921787709497,0.5,0.5098039215686274,1.380769230769231,0.08207692307692308,0.6046153846153847,0.10215384615384616,0.08430769230769232,0.38703846153846155,0.18257692307692308,0.6135,SAC,https://cdn.nba.com/headshots/nba/latest/1040x760/1642928.png
1642942,Jahmai Mashack,31,21.557419354838707,6.290322580645161,2.4838709677419355,0.3108709677419355,0.3668730992006127,-17.835483870967742,0.1109677419354838,0.4032689714626651,0.0819064541561641,0.1181255778554168,4.4410282082691035,0.111273101779679,jahmai mashack,Jahmai Mashack,MEM,SG,31.0,673.0,0.395,12.6,0.287,0.272,0.041,0.015,0.385,0.589,0.415,0.375,0.0,0.253,Disruptive Defender,three-point range,at the rim,Balanced Player,"Jahmai Mashack profiles as a balanced player. Their most common shot comes three-point range, and they make shots most consistently at the rim. On defense, they profile as a Disruptive Defender.","Creates defensive pressure with steals, blocks, and activity. This player can force mistakes and break up possessions.",348.0,Jahmai Mashack,23.0,MEM,SG,31.0,7.0,673.0,27.0,26.0,41.0,6.0,0.0,-14.0,-9.7,27.0,12.0,36.0,3.0,16.0,2.0,169.0,3.0,10.0,,4.967741935483871,173.96774193548387,-1.4195623266433748,0.385,169.0,0.1181255778554168,0.0,0.1032997028043622,0.2777518654742828,0.4018789144050104,0.1021148036253776,0.0831125805146631,0.1895624230650712,Guard,40.0,21.557419354838707,4.8,2.025,1.725,0.925,0.35,1.225,-5.25,77.0,195.0,19.0,75.0,19.0,35.0,0.39487179487179486,0.25333333333333335,0.5428571428571428,-33.15555555555555,0.10700000000000001,0.18522222222222223,0.14922222222222223,0.15733333333333333,0.14844444444444446,0.18655555555555556,0.0,MEM,https://cdn.nba.com/headshots/nba/latest/1040x760/1642942.png
1642948,Ryan Nembhard,60,19.30216666666667,6.5,2.7,0.3573333333333333,0.4281714757786225,-3.3950000000000005,0.1313333333333333,0.4340913397488523,0.264321255233309,0.1066756028463093,5.067697106833572,0.1203204311777805,ryan nembhard,Ryan Nembhard,DAL,PG,60.0,1171.0,0.415,16.5,0.09,0.159,0.228,0.177,0.346,0.686,0.435,0.36,0.449,0.356,Disruptive Defender,three-point range,at the rim,Mid-Range Shot Creator,"Ryan Nembhard profiles as a mid-range shot creator. They regularly look for shots from three-point range, while making shots most consistently at the rim. On the defensive side, they profile as a Disruptive Defender.","Creates defensive pressure with steals, blocks, and activity. This player can force mistakes and break up possessions.",243.0,Ryan Nembhard,22.0,DAL,PG,60.0,27.0,1171.0,100.0,0.0,0.0,0.0,0.0,-1.9,5.4,53.0,22.0,38.0,4.0,12.0,3.0,753.0,3.0,12.0,,5.4,758.4,0.8420026808538928,0.346,753.0,0.1066756028463093,0.0,0.4521506744795063,0.693277538590854,0.3611691022964509,0.4549848942598187,0.070097097034232,0.4608632189133888,Guard,67.0,19.30216666666667,5.925373134328358,1.9850746268656716,4.7164179104477615,0.373134328358209,0.029850746268656716,1.2686567164179106,-0.3582089552238806,162.0,390.0,48.0,135.0,25.0,31.0,0.4153846153846154,0.35555555555555557,0.8064516129032258,-5.992105263157894,0.07284210526315789,0.4307105263157895,0.18092105263157895,0.47302631578947374,0.09592105263157895,0.07628947368421053,0.02631578947368421,DAL,https://cdn.nba.com/headshots/nba/latest/1040x760/1642948.png
1642949,Yanic Konan Niederhauser,41,10.131951219512196,2.4390243902439024,1.5609756097560976,0.5022439024390244,0.5599618669916894,-1.539024390243903,0.0773170731707317,0.398686117448646,0.0250830297756472,0.3083691247975619,4.18335539684797,0.0809964161352572,yanic konan niederhauser,,,,,,,,,,,,,,,,,,Rim Protector,Not enough shooting data,Not enough shooting data,Balanced Player,"Yanic Konan Niederhauser profiles as a balanced player. Their most common shot comes Not enough shooting data, and they make shots most consistently Not enough shooting data. On defense, they profile as a Rim Protector.",Protects the basket with shot blocking and interior presence. This player is most valuable defensively near the rim.,,,,,,,,,,,,,,,,,,,,,,0.0,,,,3.1219512195121952,3.1219512195121952,0.0925107374392685,0.0,0.0,0.3083691247975619,0.0,0.0013208690294207,0.5555706218096059,0.0,0.0,0.299367353168278,0.1693577383809975,Wing,55.0,10.131951219512196,3.2,2.1272727272727274,0.21818181818181817,0.09090909090909091,0.5454545454545454,0.41818181818181815,0.6909090909090909,64.0,100.0,1.0,5.0,47.0,62.0,0.64,0.2,0.7580645161290323,-5.448387096774193,0.09641935483870967,0.5342903225806451,0.1613548387096774,0.050451612903225806,0.2859032258064516,0.04838709677419355,0.22583870967741937,LAC,https://cdn.nba.com/headshots/nba/latest/1040x760/1642949.png
1642950,Lachlan Olbrich,37,9.117297297297297,2.081081081081081,0.972972972972973,0.2968378378378378,0.2771795605587378,4.943243243243243,0.0667567567567567,0.2630168787429077,0.1153142589813794,0.3153725725138975,2.699464331053921,0.05553352882573,lachlan olbrich,,,,,,,,,,,,,,,,,,Rim Protector,Not enough shooting data,Not enough shooting data,Balanced Player,"Lachlan Olbrich profiles as a balanced player. Their most common shot comes Not enough shooting data, and they make shots most consistently Not enough shooting data. On defense, they profile as a Rim Protector.",Protects the basket with shot blocking and interior presence. This player is most valuable defensively near the rim.,,,,,,,,,,,,,,,,,,,,,,0.0,,,,1.945945945945946,1.945945945945946,0.0946117717541692,0.0,0.0,0.3153725725138975,0.0,0.0006189047269413,0.5559566525869862,0.0,0.0,0.3073283537805522,0.1699695604155783,Wing,50.0,9.117297297297297,1.78,2.24,0.84,0.24,0.16,0.32,0.5,36.0,77.0,2.0,19.0,15.0,40.0,0.4675324675324675,0.10526315789473684,0.375,-15.866666666666667,0.019799999999999998,0.1744,0.06193333333333333,0.2677333333333333,0.3392,0.05,0.06666666666666667,CHI,https://cdn.nba.com/headshots/nba/latest/1040x760/1642950.png
1642954,Will Richard,69,19.76927536231884,5.0144927536231885,2.347826086956522,0.4384347826086956,0.5591509788657485,-7.908695652173912,0.1075362318840579,0.3103500708366934,0.0685897596921035,0.129900378821324,4.732935686966284,0.1189385252443004,will richard,Will Richard,GSW,SG,69.0,1377.0,0.468,16.9,0.231,0.104,0.032,0.02,0.613,0.838,0.472,0.182,0.714,0.335,Disruptive Defender,three-point range,at the rim,Balanced Player,"Will Richard profiles as a balanced player. Their most common shot comes three-point range, and they make shots most consistently at the rim. On defense, they profile as a Disruptive Defender.","Creates defensive pressure with steals, blocks, and activity. This player can force mistakes and break up possessions.",195.0,Will Richard,23.0,GSW,SG,69.0,21.0,1377.0,19.0,55.0,24.0,2.0,0.0,-2.7,-3.3,23.0,15.0,65.0,7.0,23.0,9.0,236.0,7.0,12.0,,4.695652173913044,240.69565217391303,-0.4560298863536027,0.613,236.0,0.129900378821324,0.0,0.143129975694532,0.4547852315255762,0.639874739039666,0.1425981873111782,0.096497302082634,0.290839057954538,Guard,82.0,19.76927536231884,5.378048780487805,2.097560975609756,1.1341463414634145,0.975609756097561,0.10975609756097561,0.6463414634146342,-1.1829268292682926,162.0,346.0,71.0,212.0,46.0,54.0,0.4682080924855491,0.33490566037735847,0.8518518518518519,-1.1957446808510634,0.06938297872340425,0.5798297872340425,0.12861702127659574,0.12838297872340426,0.1395531914893617,0.254531914893617,0.03280851063829787,GSW,https://cdn.nba.com/headshots/nba/latest/1040x760/1642954.png
1642959,Chris Youngblood,34,5.219411764705883,1.8529411764705883,0.6470588235294118,0.2724117647058823,0.4201939120401074,14.05,0.0341176470588235,0.3662395961039615,0.0553820316965449,0.1437819339732523,2.7312962224458923,0.0406691984864059,chris youngblood,,,,,,,,,,,,,,,,,,Disruptive Defender,Not enough shooting data,Not enough shooting data,Balanced Player,"Chris Youngblood profiles as a balanced player. Their most common shot comes Not enough shooting data, and they make shots most consistently Not enough shooting data. On defense, they profile as a Disruptive Defender.","Creates defensive pressure with steals, blocks, and activity. This player can force mistakes and break up possessions.",,,,,,,,,,,,,,,,,,,,,,0.0,,,,1.2941176470588236,1.2941176470588236,0.0431345801919757,0.0,0.0,0.1437819339732523,0.0,0.0002298246713927,0.5464985584782069,0.0,0.0,0.112276825760101,0.1479442520641189,Wing,59.0,5.070285714285714,1.2033898305084745,0.4745762711864407,0.2033898305084746,0.06779661016949153,0.05084745762711865,0.03389830508474576,0.15254237288135594,22.0,63.0,18.0,54.0,9.0,10.0,0.3492063492063492,0.3333333333333333,0.9,12.78125,0.03921875,0.41521874999999997,0.15,0.08553125,0.1644375,0.078125,0.0401875,OKC,https://cdn.nba.com/headshots/nba/latest/1040x760/1642959.png
1642962,Drake Powell,63,20.738095238095237,5.682539682539683,2.2857142857142856,0.3928888888888889,0.5109053408101489,-15.955555555555556,0.0952380952380952,0.3317401200397431,0.0741826354969807,0.0963601048767461,4.424767691081362,0.1132116299627656,drake powell,Drake Powell,BRK,SG,63.0,1320.0,0.402,16.3,0.17,0.148,0.131,0.042,0.508,0.721,0.453,0.383,0.467,0.28,Disruptive Defender,three-point range,at the rim,Balanced Player,"Drake Powell profiles as a balanced player. Their most common shot comes three-point range, and they make shots most consistently at the rim. On defense, they profile as a Disruptive Defender.","Creates defensive pressure with steals, blocks, and activity. This player can force mistakes and break up possessions.",210.0,Drake Powell,20.0,BRK,SG,63.0,24.0,1320.0,45.0,43.0,12.0,0.0,0.0,-15.8,-8.1,29.0,19.0,47.0,2.0,32.0,3.0,235.0,4.0,26.0,,4.571428571428571,239.57142857142856,-1.186091968536976,0.508,235.0,0.0963601048767461,0.0,0.1424589201689427,0.3206482347510105,0.5302713987473904,0.1419939577039275,0.0583712030206226,0.2367228526398933,Guard,69.0,20.738095238095237,5.913043478260869,1.608695652173913,1.318840579710145,0.5217391304347826,0.2028985507246377,0.8695652173913043,-6.478260869565218,144.0,358.0,51.0,182.0,69.0,77.0,0.4022346368715084,0.2802197802197802,0.8961038961038961,-12.561538461538461,0.05233333333333333,0.5263076923076923,0.13653846153846155,0.17107692307692307,0.1335128205128205,0.15433333333333335,0.05553846153846154,BKN,https://cdn.nba.com/headshots/nba/latest/1040x760/1642962.png
1642964,Brooks Barnhizer,40,8.5185,1.775,0.675,0.264575,0.2812700870903042,-20.8375,0.0435,0.1936523934479121,0.05733275207015,0.2520660509676156,2.1198650481667367,0.0480987941406423,brooks barnhizer,,,,,,,,,,,,,,,,,,Rim Protector,Not enough shooting data,Not enough shooting data,Balanced Player,"Brooks Barnhizer profiles as a balanced player. Their most common shot comes Not enough shooting data, and they make shots most consistently Not enough shooting data. On defense, they profile as a Rim Protector.",Protects the basket with shot blocking and interior presence. This player is most valuable defensively near the rim.,,,,,,,,,,,,,,,,,,,,,,0.0,,,,1.35,1.35,0.0756198152902846,0.0,0.0,0.2520660509676156,0.0,0.0002631811688379,0.5524671904369729,0.0,0.0,0.2353661892575909,0.1617586890025375,Wing,48.0,8.310731707317073,1.4166666666666667,1.625,0.4583333333333333,0.22916666666666666,0.10416666666666667,0.20833333333333334,-2.1458333333333335,27.0,71.0,7.0,24.0,7.0,10.0,0.38028169014084506,0.2916666666666667,0.7,-21.942857142857143,0.04725,0.3158214285714286,0.08910714285714286,0.09110714285714286,0.2235357142857143,0.11903571428571429,0.05357142857142857,OKC,https://cdn.nba.com/headshots/nba/latest/1040x760/1642964.png
1643007,Taelon Peter,38,12.76157894736842,4.157894736842105,1.5789473684210529,0.2791578947368421,0.3994815159981402,4.699999999999999,0.0718421052631578,0.3607625629759811,0.0910393028831741,0.1393097192950397,3.55023283184112,0.0783262267760975,taelon peter,Taelon Peter,IND,SG,38.0,492.0,0.38,21.6,0.152,0.032,0.0,0.025,0.791,0.667,0.2,,0.5,0.328,Disruptive Defender,three-point range,at the rim,Balanced Player,"Taelon Peter profiles as a balanced player. Their most common shot comes three-point range, and they make shots most consistently at the rim. On defense, they profile as a Disruptive Defender.","Creates defensive pressure with steals, blocks, and activity. This player can force mistakes and break up possessions.",383.0,Taelon Peter,23.0,IND,SG,38.0,0.0,492.0,61.0,35.0,4.0,0.0,0.0,-10.8,-3.5,21.0,5.0,23.0,0.0,5.0,8.0,100.0,1.0,5.0,,3.1578947368421053,103.15789473684212,-0.4832070842114881,0.791,100.0,0.1393097192950397,0.0,0.0610328982969906,0.4497918648101011,0.825678496868476,0.0604229607250755,0.1071931433748628,0.2774745104615868,Guard,51.0,12.434358974358974,3.3529411764705883,1.1568627450980393,0.7843137254901961,0.5098039215686274,0.0784313725490196,0.5294117647058824,-1.9607843137254901,60.0,158.0,41.0,125.0,10.0,16.0,0.379746835443038,0.328,0.625,16.43913043478261,0.03378260869565218,0.3030869565217391,0.12169565217391304,0.211,0.1667391304347826,0.10921739130434782,0.02534782608695652,IND,https://cdn.nba.com/headshots/nba/latest/1040x760/1643007.png
